source,tag,attr,raw,target,resolved_file,status
Berlin.html,meta,content,https://www.carltravels.com/berlinlogo.jpg,/berlinlogo.jpg,berlinlogo.jpg,ok
Berlin.html,meta,content,https://www.carltravels.com/berlin.html,/berlin.html,berlin.html,ok
Berlin.html,meta,content,https://www.carltravels.com/berlinlogo.jpg,/berlinlogo.jpg,berlinlogo.jpg,ok
Berlin.html,link,href,/assets/css/styles.css,/assets/css/styles.css,assets/css/styles.css,ok
Berlin.html,link,href,https://www.carltravels.com/Berlin.html,/Berlin.html,Berlin.html,ok
Berlin.html,link,href,/assets/css/dark-theme-overrides.css,/assets/css/dark-theme-overrides.css,assets/css/dark-theme-overrides.css,ok
Berlin.html,a,href,/index.html,/index.html,index.html,ok
Berlin.html,a,href,/index.html,/index.html,index.html,ok
Berlin.html,a,href,/portfolio.html,/portfolio.html,portfolio.html,ok
Berlin.html,a,href,/films/martial-arts-documentary.html,/films/martial-arts-documentary.html,films/martial-arts-documentary.html,ok
Berlin.html,a,href,/blog.html,/blog.html,blog.html,ok
Berlin.html,a,href,/gear.html,/gear.html,gear.html,ok
Berlin.html,a,href,/destinations.html,/destinations.html,destinations.html,ok
Berlin.html,a,href,/about.html,/about.html,about.html,ok
Berlin.html,a,href,/donate.html,/donate.html,donate.html,ok
Berlin.html,a,href,/index.html,/index.html,index.html,ok
Berlin.html,a,href,/portfolio.html,/portfolio.html,portfolio.html,ok
Berlin.html,a,href,/films/martial-arts-documentary.html,/films/martial-arts-documentary.html,films/martial-arts-documentary.html,ok
Berlin.html,a,href,/blog.html,/blog.html,blog.html,ok
Berlin.html,a,href,/gear.html,/gear.html,gear.html,ok
Berlin.html,a,href,/destinations.html,/destinations.html,destinations.html,ok
Berlin.html,a,href,/about.html,/about.html,about.html,ok
Berlin.html,a,href,/donate.html,/donate.html,donate.html,ok
Berlin.html,a,href,/about.html,/about.html,about.html,ok
Berlin.html,a,href,/contact.html,/contact.html,contact.html,ok
Berlin.html,a,href,/blog.html,/blog.html,blog.html,ok
Berlin.html,a,href,/gear.html,/gear.html,gear.html,ok
Berlin.html,a,href,/destinations.html,/destinations.html,destinations.html,ok
Berlin.html,a,href,/contact.html,/contact.html,contact.html,ok
Berlin.html,a,href,/privacy-policy.html,/privacy-policy.html,privacy-policy.html,ok
Berlin.html,a,href,/affiliate-disclosure.html,/affiliate-disclosure.html,affiliate-disclosure.html,ok
Berlin.html,a,href,/terms-and-conditions.html,/terms-and-conditions.html,terms-and-conditions.html,ok
Berlin.html,script,src,/assets/js/site.js,/assets/js/site.js,assets/js/site.js,ok
DJI-Flip-review.html,meta,content,https://www.carltravels.com/djiflip.jpg,/djiflip.jpg,djiflip.jpg,ok
DJI-Flip-review.html,meta,content,https://www.carltravels.com/DJI-Flip-review.html,/DJI-Flip-review.html,DJI-Flip-review.html,ok
DJI-Flip-review.html,meta,content,https://www.carltravels.com/djiflip.jpg,/djiflip.jpg,djiflip.jpg,ok
DJI-Flip-review.html,link,href,/assets/css/styles.css,/assets/css/styles.css,assets/css/styles.css,ok
DJI-Flip-review.html,link,href,https://www.carltravels.com/DJI-Flip-review.html,/DJI-Flip-review.html,DJI-Flip-review.html,ok
DJI-Flip-review.html,link,href,/assets/css/dark-theme-overrides.css,/assets/css/dark-theme-overrides.css,assets/css/dark-theme-overrides.css,ok
DJI-Flip-review.html,a,href,/index.html,/index.html,index.html,ok
DJI-Flip-review.html,a,href,/index.html,/index.html,index.html,ok
DJI-Flip-review.html,a,href,/portfolio.html,/portfolio.html,portfolio.html,ok
DJI-Flip-review.html,a,href,/films/martial-arts-documentary.html,/films/martial-arts-documentary.html,films/martial-arts-documentary.html,ok
DJI-Flip-review.html,a,href,/blog.html,/blog.html,blog.html,ok
DJI-Flip-review.html,a,href,/gear.html,/gear.html,gear.html,ok
DJI-Flip-review.html,a,href,/destinations.html,/destinations.html,destinations.html,ok
DJI-Flip-review.html,a,href,/about.html,/about.html,about.html,ok
DJI-Flip-review.html,a,href,/donate.html,/donate.html,donate.html,ok
DJI-Flip-review.html,a,href,/index.html,/index.html,index.html,ok
DJI-Flip-review.html,a,href,/portfolio.html,/portfolio.html,portfolio.html,ok
DJI-Flip-review.html,a,href,/films/martial-arts-documentary.html,/films/martial-arts-documentary.html,films/martial-arts-documentary.html,ok
DJI-Flip-review.html,a,href,/blog.html,/blog.html,blog.html,ok
DJI-Flip-review.html,a,href,/gear.html,/gear.html,gear.html,ok
DJI-Flip-review.html,a,href,/destinations.html,/destinations.html,destinations.html,ok
DJI-Flip-review.html,a,href,/about.html,/about.html,about.html,ok
DJI-Flip-review.html,a,href,/donate.html,/donate.html,donate.html,ok
DJI-Flip-review.html,img,src,djiflip.jpg,/djiflip.jpg,djiflip.jpg,ok
DJI-Flip-review.html,a,href,/about.html,/about.html,about.html,ok
DJI-Flip-review.html,a,href,/contact.html,/contact.html,contact.html,ok
DJI-Flip-review.html,a,href,/blog.html,/blog.html,blog.html,ok
DJI-Flip-review.html,a,href,/gear.html,/gear.html,gear.html,ok
DJI-Flip-review.html,a,href,/destinations.html,/destinations.html,destinations.html,ok
DJI-Flip-review.html,a,href,/contact.html,/contact.html,contact.html,ok
DJI-Flip-review.html,a,href,/privacy-policy.html,/privacy-policy.html,privacy-policy.html,ok
DJI-Flip-review.html,a,href,/affiliate-disclosure.html,/affiliate-disclosure.html,affiliate-disclosure.html,ok
DJI-Flip-review.html,a,href,/terms-and-conditions.html,/terms-and-conditions.html,terms-and-conditions.html,ok
DJI-Flip-review.html,script,src,/assets/js/site.js,/assets/js/site.js,assets/js/site.js,ok
Hagiangloop.html,meta,content,https://www.carltravels.com/Hagiangloop.html,/Hagiangloop.html,Hagiangloop.html,ok
Hagiangloop.html,link,href,/assets/css/styles.css,/assets/css/styles.css,assets/css/styles.css,ok
Hagiangloop.html,link,href,https://www.carltravels.com/Hagiangloop.html,/Hagiangloop.html,Hagiangloop.html,ok
Hagiangloop.html,link,href,/assets/css/dark-theme-overrides.css,/assets/css/dark-theme-overrides.css,assets/css/dark-theme-overrides.css,ok
Hagiangloop.html,a,href,/index.html,/index.html,index.html,ok
Hagiangloop.html,a,href,/index.html,/index.html,index.html,ok
Hagiangloop.html,a,href,/portfolio.html,/portfolio.html,portfolio.html,ok
Hagiangloop.html,a,href,/films/martial-arts-documentary.html,/films/martial-arts-documentary.html,films/martial-arts-documentary.html,ok
Hagiangloop.html,a,href,/blog.html,/blog.html,blog.html,ok
Hagiangloop.html,a,href,/gear.html,/gear.html,gear.html,ok
Hagiangloop.html,a,href,/destinations.html,/destinations.html,destinations.html,ok
Hagiangloop.html,a,href,/about.html,/about.html,about.html,ok
Hagiangloop.html,a,href,/donate.html,/donate.html,donate.html,ok
Hagiangloop.html,a,href,/index.html,/index.html,index.html,ok
Hagiangloop.html,a,href,/portfolio.html,/portfolio.html,portfolio.html,ok
Hagiangloop.html,a,href,/films/martial-arts-documentary.html,/films/martial-arts-documentary.html,films/martial-arts-documentary.html,ok
Hagiangloop.html,a,href,/blog.html,/blog.html,blog.html,ok
Hagiangloop.html,a,href,/gear.html,/gear.html,gear.html,ok
Hagiangloop.html,a,href,/destinations.html,/destinations.html,destinations.html,ok
Hagiangloop.html,a,href,/about.html,/about.html,about.html,ok
Hagiangloop.html,a,href,/donate.html,/donate.html,donate.html,ok
Hagiangloop.html,a,href,videos/ha-giang-loop-easy-rider.html,/videos/ha-giang-loop-easy-rider.html,videos/ha-giang-loop-easy-rider.html,ok
Hagiangloop.html,a,href,destinations.html,/destinations.html,destinations.html,ok
Hagiangloop.html,a,href,/about.html,/about.html,about.html,ok
Hagiangloop.html,a,href,/contact.html,/contact.html,contact.html,ok
Hagiangloop.html,a,href,/blog.html,/blog.html,blog.html,ok
Hagiangloop.html,a,href,/gear.html,/gear.html,gear.html,ok
Hagiangloop.html,a,href,/destinations.html,/destinations.html,destinations.html,ok
Hagiangloop.html,a,href,/contact.html,/contact.html,contact.html,ok
Hagiangloop.html,a,href,/privacy-policy.html,/privacy-policy.html,privacy-policy.html,ok
Hagiangloop.html,a,href,/affiliate-disclosure.html,/affiliate-disclosure.html,affiliate-disclosure.html,ok
Hagiangloop.html,a,href,/terms-and-conditions.html,/terms-and-conditions.html,terms-and-conditions.html,ok
Hagiangloop.html,script,src,/assets/js/site.js,/assets/js/site.js,assets/js/site.js,ok
Hifuinhanoi.html,meta,content,https://www.carltravels.com/Hifuinhanoi.html,/Hifuinhanoi.html,Hifuinhanoi.html,ok
Hifuinhanoi.html,link,href,/assets/css/styles.css,/assets/css/styles.css,assets/css/styles.css,ok
Hifuinhanoi.html,link,href,https://www.carltravels.com/Hifuinhanoi.html,/Hifuinhanoi.html,Hifuinhanoi.html,ok
Hifuinhanoi.html,link,href,/assets/css/dark-theme-overrides.css,/assets/css/dark-theme-overrides.css,assets/css/dark-theme-overrides.css,ok
Hifuinhanoi.html,a,href,/index.html,/index.html,index.html,ok
Hifuinhanoi.html,a,href,/index.html,/index.html,index.html,ok
Hifuinhanoi.html,a,href,/portfolio.html,/portfolio.html,portfolio.html,ok
Hifuinhanoi.html,a,href,/films/martial-arts-documentary.html,/films/martial-arts-documentary.html,films/martial-arts-documentary.html,ok
Hifuinhanoi.html,a,href,/blog.html,/blog.html,blog.html,ok
Hifuinhanoi.html,a,href,/gear.html,/gear.html,gear.html,ok
Hifuinhanoi.html,a,href,/destinations.html,/destinations.html,destinations.html,ok
Hifuinhanoi.html,a,href,/about.html,/about.html,about.html,ok
Hifuinhanoi.html,a,href,/donate.html,/donate.html,donate.html,ok
Hifuinhanoi.html,a,href,/index.html,/index.html,index.html,ok
Hifuinhanoi.html,a,href,/portfolio.html,/portfolio.html,portfolio.html,ok
Hifuinhanoi.html,a,href,/films/martial-arts-documentary.html,/films/martial-arts-documentary.html,films/martial-arts-documentary.html,ok
Hifuinhanoi.html,a,href,/blog.html,/blog.html,blog.html,ok
Hifuinhanoi.html,a,href,/gear.html,/gear.html,gear.html,ok
Hifuinhanoi.html,a,href,/destinations.html,/destinations.html,destinations.html,ok
Hifuinhanoi.html,a,href,/about.html,/about.html,about.html,ok
Hifuinhanoi.html,a,href,/donate.html,/donate.html,donate.html,ok
Hifuinhanoi.html,img,src,carldesk.jpg,/carldesk.jpg,carldesk.jpg,ok
Hifuinhanoi.html,img,src,doctorhifu.jpg,/doctorhifu.jpg,doctorhifu.jpg,ok
Hifuinhanoi.html,img,src,hifuroom.jpg,/hifuroom.jpg,hifuroom.jpg,ok
Hifuinhanoi.html,img,src,carlhifu.jpg,/carlhifu.jpg,carlhifu.jpg,ok
Hifuinhanoi.html,a,href,index.html#contact,/index.html,index.html,ok
Hifuinhanoi.html,a,href,/about.html,/about.html,about.html,ok
Hifuinhanoi.html,a,href,/contact.html,/contact.html,contact.html,ok
Hifuinhanoi.html,a,href,/blog.html,/blog.html,blog.html,ok
Hifuinhanoi.html,a,href,/gear.html,/gear.html,gear.html,ok
Hifuinhanoi.html,a,href,/destinations.html,/destinations.html,destinations.html,ok
Hifuinhanoi.html,a,href,/contact.html,/contact.html,contact.html,ok
Hifuinhanoi.html,a,href,/privacy-policy.html,/privacy-policy.html,privacy-policy.html,ok
Hifuinhanoi.html,a,href,/affiliate-disclosure.html,/affiliate-disclosure.html,affiliate-disclosure.html,ok
Hifuinhanoi.html,a,href,/terms-and-conditions.html,/terms-and-conditions.html,terms-and-conditions.html,ok
Hifuinhanoi.html,script,src,/assets/js/site.js,/assets/js/site.js,assets/js/site.js,ok
about.html,link,href,https://www.carltravels.com/about.html,/about.html,about.html,ok
about.html,meta,content,https://www.carltravels.com/carl-tomich-director.jpg,/carl-tomich-director.jpg,carl-tomich-director.jpg,ok
about.html,meta,content,https://www.carltravels.com/about.html,/about.html,about.html,ok
about.html,meta,content,https://www.carltravels.com/carl-tomich-director.jpg,/carl-tomich-director.jpg,carl-tomich-director.jpg,ok
about.html,link,href,/assets/css/dark-theme-overrides.css,/assets/css/dark-theme-overrides.css,assets/css/dark-theme-overrides.css,ok
about.html,a,href,/index.html,/index.html,index.html,ok
about.html,a,href,/index.html,/index.html,index.html,ok
about.html,a,href,/portfolio.html,/portfolio.html,portfolio.html,ok
about.html,a,href,/films/martial-arts-documentary.html,/films/martial-arts-documentary.html,films/martial-arts-documentary.html,ok
about.html,a,href,/blog.html,/blog.html,blog.html,ok
about.html,a,href,/gear.html,/gear.html,gear.html,ok
about.html,a,href,/destinations.html,/destinations.html,destinations.html,ok
about.html,a,href,/about.html,/about.html,about.html,ok
about.html,a,href,/donate.html,/donate.html,donate.html,ok
about.html,a,href,/index.html,/index.html,index.html,ok
about.html,a,href,/portfolio.html,/portfolio.html,portfolio.html,ok
about.html,a,href,/films/martial-arts-documentary.html,/films/martial-arts-documentary.html,films/martial-arts-documentary.html,ok
about.html,a,href,/blog.html,/blog.html,blog.html,ok
about.html,a,href,/gear.html,/gear.html,gear.html,ok
about.html,a,href,/destinations.html,/destinations.html,destinations.html,ok
about.html,a,href,/about.html,/about.html,about.html,ok
about.html,a,href,/donate.html,/donate.html,donate.html,ok
about.html,img,src,carl-tomich-director.jpg,/carl-tomich-director.jpg,carl-tomich-director.jpg,ok
about.html,img,src,carlcircle.png,/carlcircle.png,carlcircle.png,ok
about.html,img,src,berlinworld.jpg,/berlinworld.jpg,berlinworld.jpg,ok
about.html,img,src,flatlaytech.jpg,/flatlaytech.jpg,flatlaytech.jpg,ok
about.html,a,href,/about.html,/about.html,about.html,ok
about.html,a,href,/contact.html,/contact.html,contact.html,ok
about.html,a,href,/blog.html,/blog.html,blog.html,ok
about.html,a,href,/gear.html,/gear.html,gear.html,ok
about.html,a,href,/destinations.html,/destinations.html,destinations.html,ok
about.html,a,href,/contact.html,/contact.html,contact.html,ok
about.html,a,href,/privacy-policy.html,/privacy-policy.html,privacy-policy.html,ok
about.html,a,href,/affiliate-disclosure.html,/affiliate-disclosure.html,affiliate-disclosure.html,ok
about.html,a,href,/terms-and-conditions.html,/terms-and-conditions.html,terms-and-conditions.html,ok
affiliate-disclosure.html,link,href,https://www.carltravels.com/affiliate-disclosure.html,/affiliate-disclosure.html,affiliate-disclosure.html,ok
affiliate-disclosure.html,meta,content,https://www.carltravels.com/affiliate-disclosure.html,/affiliate-disclosure.html,affiliate-disclosure.html,ok
affiliate-disclosure.html,link,href,/assets/css/styles.css,/assets/css/styles.css,assets/css/styles.css,ok
affiliate-disclosure.html,link,href,/assets/css/dark-theme-overrides.css,/assets/css/dark-theme-overrides.css,assets/css/dark-theme-overrides.css,ok
affiliate-disclosure.html,a,href,/index.html,/index.html,index.html,ok
affiliate-disclosure.html,a,href,/destinations.html,/destinations.html,destinations.html,ok
affiliate-disclosure.html,a,href,/blog.html,/blog.html,blog.html,ok
affiliate-disclosure.html,a,href,/gear.html,/gear.html,gear.html,ok
affiliate-disclosure.html,a,href,/about.html,/about.html,about.html,ok
affiliate-disclosure.html,a,href,/contact.html,/contact.html,contact.html,ok
affiliate-disclosure.html,a,href,/privacy-policy.html,/privacy-policy.html,privacy-policy.html,ok
affiliate-disclosure.html,a,href,/terms-and-conditions.html,/terms-and-conditions.html,terms-and-conditions.html,ok
affiliate-disclosure.html,a,href,/contact.html,/contact.html,contact.html,ok
affiliate-disclosure.html,a,href,/about.html,/about.html,about.html,ok
affiliate-disclosure.html,a,href,/contact.html,/contact.html,contact.html,ok
affiliate-disclosure.html,a,href,/privacy-policy.html,/privacy-policy.html,privacy-policy.html,ok
affiliate-disclosure.html,a,href,/terms-and-conditions.html,/terms-and-conditions.html,terms-and-conditions.html,ok
affiliate-disclosure.html,a,href,/affiliate-disclosure.html,/affiliate-disclosure.html,affiliate-disclosure.html,ok
aiarty-image-enhancer-review.html,meta,content,https://www.carltravels.com/aiarty-image-enhancer-review.html,/aiarty-image-enhancer-review.html,aiarty-image-enhancer-review.html,ok
aiarty-image-enhancer-review.html,link,href,/assets/css/styles.css,/assets/css/styles.css,assets/css/styles.css,ok
aiarty-image-enhancer-review.html,link,href,https://www.carltravels.com/aiarty-image-enhancer-review.html,/aiarty-image-enhancer-review.html,aiarty-image-enhancer-review.html,ok
aiarty-image-enhancer-review.html,link,href,/assets/css/dark-theme-overrides.css,/assets/css/dark-theme-overrides.css,assets/css/dark-theme-overrides.css,ok
aiarty-image-enhancer-review.html,a,href,/index.html,/index.html,index.html,ok
aiarty-image-enhancer-review.html,a,href,/blog.html,/blog.html,blog.html,ok
aiarty-image-enhancer-review.html,a,href,/gear.html,/gear.html,gear.html,ok
aiarty-image-enhancer-review.html,a,href,/about.html,/about.html,about.html,ok
aiarty-image-enhancer-review.html,a,href,/blog.html,/blog.html,blog.html,ok
aiarty-image-enhancer-review.html,a,href,/gear.html,/gear.html,gear.html,ok
aiarty-image-enhancer-review.html,a,href,/about.html,/about.html,about.html,ok
aiarty-video-enhancer-review.html,meta,content,https://www.carltravels.com/aiarty-video-enhancer-review.html,/aiarty-video-enhancer-review.html,aiarty-video-enhancer-review.html,ok
aiarty-video-enhancer-review.html,link,href,/assets/css/styles.css,/assets/css/styles.css,assets/css/styles.css,ok
aiarty-video-enhancer-review.html,link,href,https://www.carltravels.com/aiarty-video-enhancer-review.html,/aiarty-video-enhancer-review.html,aiarty-video-enhancer-review.html,ok
aiarty-video-enhancer-review.html,link,href,/assets/css/dark-theme-overrides.css,/assets/css/dark-theme-overrides.css,assets/css/dark-theme-overrides.css,ok
aiarty-video-enhancer-review.html,a,href,/index.html,/index.html,index.html,ok
aiarty-video-enhancer-review.html,a,href,/index.html,/index.html,index.html,ok
aiarty-video-enhancer-review.html,a,href,/portfolio.html,/portfolio.html,portfolio.html,ok
aiarty-video-enhancer-review.html,a,href,/films/martial-arts-documentary.html,/films/martial-arts-documentary.html,films/martial-arts-documentary.html,ok
aiarty-video-enhancer-review.html,a,href,/blog.html,/blog.html,blog.html,ok
aiarty-video-enhancer-review.html,a,href,/gear.html,/gear.html,gear.html,ok
aiarty-video-enhancer-review.html,a,href,/destinations.html,/destinations.html,destinations.html,ok
aiarty-video-enhancer-review.html,a,href,/about.html,/about.html,about.html,ok
aiarty-video-enhancer-review.html,a,href,/donate.html,/donate.html,donate.html,ok
aiarty-video-enhancer-review.html,a,href,/index.html,/index.html,index.html,ok
aiarty-video-enhancer-review.html,a,href,/portfolio.html,/portfolio.html,portfolio.html,ok
aiarty-video-enhancer-review.html,a,href,/films/martial-arts-documentary.html,/films/martial-arts-documentary.html,films/martial-arts-documentary.html,ok
aiarty-video-enhancer-review.html,a,href,/blog.html,/blog.html,blog.html,ok
aiarty-video-enhancer-review.html,a,href,/gear.html,/gear.html,gear.html,ok
aiarty-video-enhancer-review.html,a,href,/destinations.html,/destinations.html,destinations.html,ok
aiarty-video-enhancer-review.html,a,href,/about.html,/about.html,about.html,ok
aiarty-video-enhancer-review.html,a,href,/donate.html,/donate.html,donate.html,ok
aiarty-video-enhancer-review.html,a,href,/aiarty-image-enhancer-review.html,/aiarty-image-enhancer-review.html,aiarty-image-enhancer-review.html,ok
aiarty-video-enhancer-review.html,a,href,/about.html,/about.html,about.html,ok
aiarty-video-enhancer-review.html,a,href,/contact.html,/contact.html,contact.html,ok
aiarty-video-enhancer-review.html,a,href,/blog.html,/blog.html,blog.html,ok
aiarty-video-enhancer-review.html,a,href,/gear.html,/gear.html,gear.html,ok
aiarty-video-enhancer-review.html,a,href,/destinations.html,/destinations.html,destinations.html,ok
aiarty-video-enhancer-review.html,a,href,/contact.html,/contact.html,contact.html,ok
aiarty-video-enhancer-review.html,a,href,/privacy-policy.html,/privacy-policy.html,privacy-policy.html,ok
aiarty-video-enhancer-review.html,a,href,/affiliate-disclosure.html,/affiliate-disclosure.html,affiliate-disclosure.html,ok
aiarty-video-enhancer-review.html,a,href,/terms-and-conditions.html,/terms-and-conditions.html,terms-and-conditions.html,ok
aiarty-video-enhancer-review.html,script,src,/assets/js/site.js,/assets/js/site.js,assets/js/site.js,ok
aiarty-vs-topaz-video-ai.html,meta,content,https://www.carltravels.com/aiarty-vs-topaz-video-ai.html,/aiarty-vs-topaz-video-ai.html,aiarty-vs-topaz-video-ai.html,ok
aiarty-vs-topaz-video-ai.html,link,href,/assets/css/styles.css,/assets/css/styles.css,assets/css/styles.css,ok
aiarty-vs-topaz-video-ai.html,link,href,https://www.carltravels.com/aiarty-vs-topaz-video-ai.html,/aiarty-vs-topaz-video-ai.html,aiarty-vs-topaz-video-ai.html,ok
aiarty-vs-topaz-video-ai.html,link,href,/assets/css/dark-theme-overrides.css,/assets/css/dark-theme-overrides.css,assets/css/dark-theme-overrides.css,ok
aiarty-vs-topaz-video-ai.html,a,href,/aiarty-video-enhancer-review.html,/aiarty-video-enhancer-review.html,aiarty-video-enhancer-review.html,ok
aiarty-vs-topaz-video-ai.html,a,href,/gear.html,/gear.html,gear.html,ok
avangate-verification.html,link,href,https://www.carltravels.com/avangate-verification.html,/avangate-verification.html,avangate-verification.html,ok
avangate-verification.html,link,href,/assets/css/dark-theme-overrides.css,/assets/css/dark-theme-overrides.css,assets/css/dark-theme-overrides.css,ok
balitravelguide.html,meta,content,https://www.carltravels.com/balilogo.jpg,/balilogo.jpg,balilogo.jpg,ok
balitravelguide.html,meta,content,https://www.carltravels.com/balitravelguide.html,/balitravelguide.html,balitravelguide.html,ok
balitravelguide.html,meta,content,https://www.carltravels.com/balilogo.jpg,/balilogo.jpg,balilogo.jpg,ok
balitravelguide.html,link,href,/assets/css/styles.css,/assets/css/styles.css,assets/css/styles.css,ok
balitravelguide.html,link,href,https://www.carltravels.com/balitravelguide.html,/balitravelguide.html,balitravelguide.html,ok
balitravelguide.html,link,href,/assets/css/dark-theme-overrides.css,/assets/css/dark-theme-overrides.css,assets/css/dark-theme-overrides.css,ok
balitravelguide.html,a,href,/index.html,/index.html,index.html,ok
balitravelguide.html,a,href,/index.html,/index.html,index.html,ok
balitravelguide.html,a,href,/portfolio.html,/portfolio.html,portfolio.html,ok
balitravelguide.html,a,href,/films/martial-arts-documentary.html,/films/martial-arts-documentary.html,films/martial-arts-documentary.html,ok
balitravelguide.html,a,href,/blog.html,/blog.html,blog.html,ok
balitravelguide.html,a,href,/gear.html,/gear.html,gear.html,ok
balitravelguide.html,a,href,/destinations.html,/destinations.html,destinations.html,ok
balitravelguide.html,a,href,/about.html,/about.html,about.html,ok
balitravelguide.html,a,href,/donate.html,/donate.html,donate.html,ok
balitravelguide.html,a,href,/index.html,/index.html,index.html,ok
balitravelguide.html,a,href,/portfolio.html,/portfolio.html,portfolio.html,ok
balitravelguide.html,a,href,/films/martial-arts-documentary.html,/films/martial-arts-documentary.html,films/martial-arts-documentary.html,ok
balitravelguide.html,a,href,/blog.html,/blog.html,blog.html,ok
balitravelguide.html,a,href,/gear.html,/gear.html,gear.html,ok
balitravelguide.html,a,href,/destinations.html,/destinations.html,destinations.html,ok
balitravelguide.html,a,href,/about.html,/about.html,about.html,ok
balitravelguide.html,a,href,/donate.html,/donate.html,donate.html,ok
balitravelguide.html,a,href,index.html#contact,/index.html,index.html,ok
balitravelguide.html,a,href,kyototravelguide.html,/kyototravelguide.html,kyototravelguide.html,ok
balitravelguide.html,a,href,kyototravelguide.html,/kyototravelguide.html,kyototravelguide.html,ok
balitravelguide.html,a,href,/about.html,/about.html,about.html,ok
balitravelguide.html,a,href,/contact.html,/contact.html,contact.html,ok
balitravelguide.html,a,href,/blog.html,/blog.html,blog.html,ok
balitravelguide.html,a,href,/gear.html,/gear.html,gear.html,ok
balitravelguide.html,a,href,/destinations.html,/destinations.html,destinations.html,ok
balitravelguide.html,a,href,/contact.html,/contact.html,contact.html,ok
balitravelguide.html,a,href,/privacy-policy.html,/privacy-policy.html,privacy-policy.html,ok
balitravelguide.html,a,href,/affiliate-disclosure.html,/affiliate-disclosure.html,affiliate-disclosure.html,ok
balitravelguide.html,a,href,/terms-and-conditions.html,/terms-and-conditions.html,terms-and-conditions.html,ok
balitravelguide.html,script,src,/assets/js/site.js,/assets/js/site.js,assets/js/site.js,ok
becomingadigitalnomad.html,meta,content,https://www.carltravels.com/digitalnomad.jpg,/digitalnomad.jpg,digitalnomad.jpg,ok
becomingadigitalnomad.html,meta,content,https://www.carltravels.com/becomingadigitalnomad.html,/becomingadigitalnomad.html,becomingadigitalnomad.html,ok
becomingadigitalnomad.html,meta,content,https://www.carltravels.com/digitalnomad.jpg,/digitalnomad.jpg,digitalnomad.jpg,ok
becomingadigitalnomad.html,link,href,/assets/css/styles.css,/assets/css/styles.css,assets/css/styles.css,ok
becomingadigitalnomad.html,link,href,https://www.carltravels.com/becomingadigitalnomad.html,/becomingadigitalnomad.html,becomingadigitalnomad.html,ok
becomingadigitalnomad.html,link,href,/assets/css/dark-theme-overrides.css,/assets/css/dark-theme-overrides.css,assets/css/dark-theme-overrides.css,ok
becomingadigitalnomad.html,a,href,/index.html,/index.html,index.html,ok
becomingadigitalnomad.html,a,href,/index.html,/index.html,index.html,ok
becomingadigitalnomad.html,a,href,/portfolio.html,/portfolio.html,portfolio.html,ok
becomingadigitalnomad.html,a,href,/films/martial-arts-documentary.html,/films/martial-arts-documentary.html,films/martial-arts-documentary.html,ok
becomingadigitalnomad.html,a,href,/blog.html,/blog.html,blog.html,ok
becomingadigitalnomad.html,a,href,/gear.html,/gear.html,gear.html,ok
becomingadigitalnomad.html,a,href,/destinations.html,/destinations.html,destinations.html,ok
becomingadigitalnomad.html,a,href,/about.html,/about.html,about.html,ok
becomingadigitalnomad.html,a,href,/donate.html,/donate.html,donate.html,ok
becomingadigitalnomad.html,a,href,/index.html,/index.html,index.html,ok
becomingadigitalnomad.html,a,href,/portfolio.html,/portfolio.html,portfolio.html,ok
becomingadigitalnomad.html,a,href,/films/martial-arts-documentary.html,/films/martial-arts-documentary.html,films/martial-arts-documentary.html,ok
becomingadigitalnomad.html,a,href,/blog.html,/blog.html,blog.html,ok
becomingadigitalnomad.html,a,href,/gear.html,/gear.html,gear.html,ok
becomingadigitalnomad.html,a,href,/destinations.html,/destinations.html,destinations.html,ok
becomingadigitalnomad.html,a,href,/about.html,/about.html,about.html,ok
becomingadigitalnomad.html,a,href,/donate.html,/donate.html,donate.html,ok
becomingadigitalnomad.html,img,src,/digitalnomad.jpg,/digitalnomad.jpg,digitalnomad.jpg,ok
becomingadigitalnomad.html,img,src,/digitalnomad.jpg,/digitalnomad.jpg,digitalnomad.jpg,ok
becomingadigitalnomad.html,a,href,/pros-and-cons-and-cost-of-living-in-hanoi.html,/pros-and-cons-and-cost-of-living-in-hanoi.html,pros-and-cons-and-cost-of-living-in-hanoi.html,ok
becomingadigitalnomad.html,a,href,/hanoitravelguide.html,/hanoitravelguide.html,hanoitravelguide.html,ok
becomingadigitalnomad.html,a,href,/vietnam-e-visa-2026-guide.html,/vietnam-e-visa-2026-guide.html,vietnam-e-visa-2026-guide.html,ok
becomingadigitalnomad.html,img,src,/digitalnomadcountries.jpg,/digitalnomadcountries.jpg,digitalnomadcountries.jpg,ok
becomingadigitalnomad.html,a,href,/how-to-get-to-sarande-from-athens-by-bus.html,/how-to-get-to-sarande-from-athens-by-bus.html,how-to-get-to-sarande-from-athens-by-bus.html,ok
becomingadigitalnomad.html,img,src,/carl-tomich-director.jpg,/carl-tomich-director.jpg,carl-tomich-director.jpg,ok
becomingadigitalnomad.html,a,href,destinations.html,/destinations.html,destinations.html,ok
becomingadigitalnomad.html,a,href,/about.html,/about.html,about.html,ok
becomingadigitalnomad.html,a,href,/contact.html,/contact.html,contact.html,ok
becomingadigitalnomad.html,a,href,/blog.html,/blog.html,blog.html,ok
becomingadigitalnomad.html,a,href,/gear.html,/gear.html,gear.html,ok
becomingadigitalnomad.html,a,href,/destinations.html,/destinations.html,destinations.html,ok
becomingadigitalnomad.html,a,href,/contact.html,/contact.html,contact.html,ok
becomingadigitalnomad.html,a,href,/privacy-policy.html,/privacy-policy.html,privacy-policy.html,ok
becomingadigitalnomad.html,a,href,/affiliate-disclosure.html,/affiliate-disclosure.html,affiliate-disclosure.html,ok
becomingadigitalnomad.html,a,href,/terms-and-conditions.html,/terms-and-conditions.html,terms-and-conditions.html,ok
becomingadigitalnomad.html,script,src,/assets/js/site.js,/assets/js/site.js,assets/js/site.js,ok
beginners-guide-davinci-resolve-2025.html,meta,content,https://www.carltravels.com/beginners-guide-davinci-resolve-2025.html,/beginners-guide-davinci-resolve-2025.html,beginners-guide-davinci-resolve-2025.html,ok
beginners-guide-davinci-resolve-2025.html,link,href,/assets/css/styles.css,/assets/css/styles.css,assets/css/styles.css,ok
beginners-guide-davinci-resolve-2025.html,link,href,https://www.carltravels.com/beginners-guide-davinci-resolve-2025.html,/beginners-guide-davinci-resolve-2025.html,beginners-guide-davinci-resolve-2025.html,ok
beginners-guide-davinci-resolve-2025.html,link,href,/assets/css/dark-theme-overrides.css,/assets/css/dark-theme-overrides.css,assets/css/dark-theme-overrides.css,ok
beginners-guide-davinci-resolve-2025.html,a,href,/index.html,/index.html,index.html,ok
beginners-guide-davinci-resolve-2025.html,a,href,/index.html,/index.html,index.html,ok
beginners-guide-davinci-resolve-2025.html,a,href,/portfolio.html,/portfolio.html,portfolio.html,ok
beginners-guide-davinci-resolve-2025.html,a,href,/films/martial-arts-documentary.html,/films/martial-arts-documentary.html,films/martial-arts-documentary.html,ok
beginners-guide-davinci-resolve-2025.html,a,href,/blog.html,/blog.html,blog.html,ok
beginners-guide-davinci-resolve-2025.html,a,href,/gear.html,/gear.html,gear.html,ok
beginners-guide-davinci-resolve-2025.html,a,href,/destinations.html,/destinations.html,destinations.html,ok
beginners-guide-davinci-resolve-2025.html,a,href,/about.html,/about.html,about.html,ok
beginners-guide-davinci-resolve-2025.html,a,href,/donate.html,/donate.html,donate.html,ok
beginners-guide-davinci-resolve-2025.html,a,href,/index.html,/index.html,index.html,ok
beginners-guide-davinci-resolve-2025.html,a,href,/portfolio.html,/portfolio.html,portfolio.html,ok
beginners-guide-davinci-resolve-2025.html,a,href,/films/martial-arts-documentary.html,/films/martial-arts-documentary.html,films/martial-arts-documentary.html,ok
beginners-guide-davinci-resolve-2025.html,a,href,/blog.html,/blog.html,blog.html,ok
beginners-guide-davinci-resolve-2025.html,a,href,/gear.html,/gear.html,gear.html,ok
beginners-guide-davinci-resolve-2025.html,a,href,/destinations.html,/destinations.html,destinations.html,ok
beginners-guide-davinci-resolve-2025.html,a,href,/about.html,/about.html,about.html,ok
beginners-guide-davinci-resolve-2025.html,a,href,/donate.html,/donate.html,donate.html,ok
beginners-guide-davinci-resolve-2025.html,img,src,carlcamera2.jpg,/carlcamera2.jpg,carlcamera2.jpg,ok
beginners-guide-davinci-resolve-2025.html,a,href,videos/beginners-guide-davinci-resolve-2025.html,/videos/beginners-guide-davinci-resolve-2025.html,videos/beginners-guide-davinci-resolve-2025.html,ok
beginners-guide-davinci-resolve-2025.html,a,href,/about.html,/about.html,about.html,ok
beginners-guide-davinci-resolve-2025.html,a,href,/contact.html,/contact.html,contact.html,ok
beginners-guide-davinci-resolve-2025.html,a,href,/blog.html,/blog.html,blog.html,ok
beginners-guide-davinci-resolve-2025.html,a,href,/gear.html,/gear.html,gear.html,ok
beginners-guide-davinci-resolve-2025.html,a,href,/destinations.html,/destinations.html,destinations.html,ok
beginners-guide-davinci-resolve-2025.html,a,href,/contact.html,/contact.html,contact.html,ok
beginners-guide-davinci-resolve-2025.html,a,href,/privacy-policy.html,/privacy-policy.html,privacy-policy.html,ok
beginners-guide-davinci-resolve-2025.html,a,href,/affiliate-disclosure.html,/affiliate-disclosure.html,affiliate-disclosure.html,ok
beginners-guide-davinci-resolve-2025.html,a,href,/terms-and-conditions.html,/terms-and-conditions.html,terms-and-conditions.html,ok
beginners-guide-davinci-resolve-2025.html,script,src,/assets/js/site.js,/assets/js/site.js,assets/js/site.js,ok
best-cafes-in-tay-ho-for-digital-nomads.html,meta,content,https://www.carltravels.com/digitalnomad.jpg,/digitalnomad.jpg,digitalnomad.jpg,ok
best-cafes-in-tay-ho-for-digital-nomads.html,meta,content,https://www.carltravels.com/best-cafes-in-tay-ho-for-digital-nomads.html,/best-cafes-in-tay-ho-for-digital-nomads.html,best-cafes-in-tay-ho-for-digital-nomads.html,ok
best-cafes-in-tay-ho-for-digital-nomads.html,meta,content,https://www.carltravels.com/digitalnomad.jpg,/digitalnomad.jpg,digitalnomad.jpg,ok
best-cafes-in-tay-ho-for-digital-nomads.html,link,href,/assets/css/styles.css,/assets/css/styles.css,assets/css/styles.css,ok
best-cafes-in-tay-ho-for-digital-nomads.html,link,href,https://www.carltravels.com/best-cafes-in-tay-ho-for-digital-nomads.html,/best-cafes-in-tay-ho-for-digital-nomads.html,best-cafes-in-tay-ho-for-digital-nomads.html,ok
best-cafes-in-tay-ho-for-digital-nomads.html,link,href,/assets/css/dark-theme-overrides.css,/assets/css/dark-theme-overrides.css,assets/css/dark-theme-overrides.css,ok
best-cafes-in-tay-ho-for-digital-nomads.html,a,href,/index.html,/index.html,index.html,ok
best-cafes-in-tay-ho-for-digital-nomads.html,a,href,/index.html,/index.html,index.html,ok
best-cafes-in-tay-ho-for-digital-nomads.html,a,href,/portfolio.html,/portfolio.html,portfolio.html,ok
best-cafes-in-tay-ho-for-digital-nomads.html,a,href,/films/martial-arts-documentary.html,/films/martial-arts-documentary.html,films/martial-arts-documentary.html,ok
best-cafes-in-tay-ho-for-digital-nomads.html,a,href,/blog.html,/blog.html,blog.html,ok
best-cafes-in-tay-ho-for-digital-nomads.html,a,href,/gear.html,/gear.html,gear.html,ok
best-cafes-in-tay-ho-for-digital-nomads.html,a,href,/destinations.html,/destinations.html,destinations.html,ok
best-cafes-in-tay-ho-for-digital-nomads.html,a,href,/about.html,/about.html,about.html,ok
best-cafes-in-tay-ho-for-digital-nomads.html,a,href,/donate.html,/donate.html,donate.html,ok
best-cafes-in-tay-ho-for-digital-nomads.html,a,href,/index.html,/index.html,index.html,ok
best-cafes-in-tay-ho-for-digital-nomads.html,a,href,/portfolio.html,/portfolio.html,portfolio.html,ok
best-cafes-in-tay-ho-for-digital-nomads.html,a,href,/films/martial-arts-documentary.html,/films/martial-arts-documentary.html,films/martial-arts-documentary.html,ok
best-cafes-in-tay-ho-for-digital-nomads.html,a,href,/blog.html,/blog.html,blog.html,ok
best-cafes-in-tay-ho-for-digital-nomads.html,a,href,/gear.html,/gear.html,gear.html,ok
best-cafes-in-tay-ho-for-digital-nomads.html,a,href,/destinations.html,/destinations.html,destinations.html,ok
best-cafes-in-tay-ho-for-digital-nomads.html,a,href,/about.html,/about.html,about.html,ok
best-cafes-in-tay-ho-for-digital-nomads.html,a,href,/donate.html,/donate.html,donate.html,ok
best-cafes-in-tay-ho-for-digital-nomads.html,a,href,/hanoitravelguide.html#tay-ho,/hanoitravelguide.html,hanoitravelguide.html,ok
best-cafes-in-tay-ho-for-digital-nomads.html,a,href,/hanoitravelguide.html,/hanoitravelguide.html,hanoitravelguide.html,ok
best-cafes-in-tay-ho-for-digital-nomads.html,a,href,/destinations.html,/destinations.html,destinations.html,ok
best-cafes-in-tay-ho-for-digital-nomads.html,a,href,/about.html,/about.html,about.html,ok
best-cafes-in-tay-ho-for-digital-nomads.html,a,href,/contact.html,/contact.html,contact.html,ok
best-cafes-in-tay-ho-for-digital-nomads.html,a,href,/blog.html,/blog.html,blog.html,ok
best-cafes-in-tay-ho-for-digital-nomads.html,a,href,/gear.html,/gear.html,gear.html,ok
best-cafes-in-tay-ho-for-digital-nomads.html,a,href,/destinations.html,/destinations.html,destinations.html,ok
best-cafes-in-tay-ho-for-digital-nomads.html,a,href,/contact.html,/contact.html,contact.html,ok
best-cafes-in-tay-ho-for-digital-nomads.html,a,href,/privacy-policy.html,/privacy-policy.html,privacy-policy.html,ok
best-cafes-in-tay-ho-for-digital-nomads.html,a,href,/affiliate-disclosure.html,/affiliate-disclosure.html,affiliate-disclosure.html,ok
best-cafes-in-tay-ho-for-digital-nomads.html,a,href,/terms-and-conditions.html,/terms-and-conditions.html,terms-and-conditions.html,ok
blog/horse-riding-near-hanoi-countryside-experience.html,meta,content,https://www.carltravels.com/assets/images/articles/horse-riding-hanoi/still-2.webp,/assets/images/articles/horse-riding-hanoi/still-2.webp,assets/images/articles/horse-riding-hanoi/still-2.webp,ok
blog/horse-riding-near-hanoi-countryside-experience.html,meta,content,https://www.carltravels.com/blog/horse-riding-near-hanoi-countryside-experience.html,/blog/horse-riding-near-hanoi-countryside-experience.html,blog/horse-riding-near-hanoi-countryside-experience.html,ok
blog/horse-riding-near-hanoi-countryside-experience.html,meta,content,https://www.carltravels.com/assets/images/articles/horse-riding-hanoi/still-2.webp,/assets/images/articles/horse-riding-hanoi/still-2.webp,assets/images/articles/horse-riding-hanoi/still-2.webp,ok
blog/horse-riding-near-hanoi-countryside-experience.html,link,href,/assets/css/styles.css,/assets/css/styles.css,assets/css/styles.css,ok
blog/horse-riding-near-hanoi-countryside-experience.html,link,href,https://www.carltravels.com/blog/horse-riding-near-hanoi-countryside-experience.html,/blog/horse-riding-near-hanoi-countryside-experience.html,blog/horse-riding-near-hanoi-countryside-experience.html,ok
blog/horse-riding-near-hanoi-countryside-experience.html,link,href,/assets/css/dark-theme-overrides.css,/assets/css/dark-theme-overrides.css,assets/css/dark-theme-overrides.css,ok
blog/horse-riding-near-hanoi-countryside-experience.html,a,href,/index.html,/index.html,index.html,ok
blog/horse-riding-near-hanoi-countryside-experience.html,a,href,/index.html,/index.html,index.html,ok
blog/horse-riding-near-hanoi-countryside-experience.html,a,href,/portfolio.html,/portfolio.html,portfolio.html,ok
blog/horse-riding-near-hanoi-countryside-experience.html,a,href,/films/martial-arts-documentary.html,/films/martial-arts-documentary.html,films/martial-arts-documentary.html,ok
blog/horse-riding-near-hanoi-countryside-experience.html,a,href,/blog.html,/blog.html,blog.html,ok
blog/horse-riding-near-hanoi-countryside-experience.html,a,href,/gear.html,/gear.html,gear.html,ok
blog/horse-riding-near-hanoi-countryside-experience.html,a,href,/destinations.html,/destinations.html,destinations.html,ok
blog/horse-riding-near-hanoi-countryside-experience.html,a,href,/about.html,/about.html,about.html,ok
blog/horse-riding-near-hanoi-countryside-experience.html,a,href,/donate.html,/donate.html,donate.html,ok
blog/horse-riding-near-hanoi-countryside-experience.html,a,href,/index.html,/index.html,index.html,ok
blog/horse-riding-near-hanoi-countryside-experience.html,a,href,/portfolio.html,/portfolio.html,portfolio.html,ok
blog/horse-riding-near-hanoi-countryside-experience.html,a,href,/films/martial-arts-documentary.html,/films/martial-arts-documentary.html,films/martial-arts-documentary.html,ok
blog/horse-riding-near-hanoi-countryside-experience.html,a,href,/blog.html,/blog.html,blog.html,ok
blog/horse-riding-near-hanoi-countryside-experience.html,a,href,/gear.html,/gear.html,gear.html,ok
blog/horse-riding-near-hanoi-countryside-experience.html,a,href,/destinations.html,/destinations.html,destinations.html,ok
blog/horse-riding-near-hanoi-countryside-experience.html,a,href,/about.html,/about.html,about.html,ok
blog/horse-riding-near-hanoi-countryside-experience.html,a,href,/donate.html,/donate.html,donate.html,ok
blog/horse-riding-near-hanoi-countryside-experience.html,img,src,/assets/images/articles/horse-riding-hanoi/still-1.webp,/assets/images/articles/horse-riding-hanoi/still-1.webp,assets/images/articles/horse-riding-hanoi/still-1.webp,ok
blog/horse-riding-near-hanoi-countryside-experience.html,img,src,/assets/images/articles/horse-riding-hanoi/still-2.webp,/assets/images/articles/horse-riding-hanoi/still-2.webp,assets/images/articles/horse-riding-hanoi/still-2.webp,ok
blog/horse-riding-near-hanoi-countryside-experience.html,img,src,/assets/images/articles/horse-riding-hanoi/still-3.webp,/assets/images/articles/horse-riding-hanoi/still-3.webp,assets/images/articles/horse-riding-hanoi/still-3.webp,ok
blog/horse-riding-near-hanoi-countryside-experience.html,a,href,/hanoitravelguide.html,/hanoitravelguide.html,hanoitravelguide.html,ok
blog/horse-riding-near-hanoi-countryside-experience.html,a,href,/old-quarter-scams-hanoi.html,/old-quarter-scams-hanoi.html,old-quarter-scams-hanoi.html,ok
blog/horse-riding-near-hanoi-countryside-experience.html,a,href,/pros-and-cons-and-cost-of-living-in-hanoi.html,/pros-and-cons-and-cost-of-living-in-hanoi.html,pros-and-cons-and-cost-of-living-in-hanoi.html,ok
blog/horse-riding-near-hanoi-countryside-experience.html,a,href,/about.html,/about.html,about.html,ok
blog/horse-riding-near-hanoi-countryside-experience.html,a,href,/contact.html,/contact.html,contact.html,ok
blog/horse-riding-near-hanoi-countryside-experience.html,a,href,/privacy-policy.html,/privacy-policy.html,privacy-policy.html,ok
blog/horse-riding-near-hanoi-countryside-experience.html,a,href,/terms-and-conditions.html,/terms-and-conditions.html,terms-and-conditions.html,ok
blog/horse-riding-near-hanoi-countryside-experience.html,a,href,/affiliate-disclosure.html,/affiliate-disclosure.html,affiliate-disclosure.html,ok
blog/where-to-train-karate-in-okinawa.html,meta,content,https://www.carltravels.com/assets/images/articles/okinawa-karate/still-3.webp,/assets/images/articles/okinawa-karate/still-3.webp,assets/images/articles/okinawa-karate/still-3.webp,ok
blog/where-to-train-karate-in-okinawa.html,meta,content,https://www.carltravels.com/blog/where-to-train-karate-in-okinawa.html,/blog/where-to-train-karate-in-okinawa.html,blog/where-to-train-karate-in-okinawa.html,ok
blog/where-to-train-karate-in-okinawa.html,meta,content,https://www.carltravels.com/assets/images/articles/okinawa-karate/still-3.webp,/assets/images/articles/okinawa-karate/still-3.webp,assets/images/articles/okinawa-karate/still-3.webp,ok
blog/where-to-train-karate-in-okinawa.html,link,href,/assets/css/styles.css,/assets/css/styles.css,assets/css/styles.css,ok
blog/where-to-train-karate-in-okinawa.html,link,href,https://www.carltravels.com/blog/where-to-train-karate-in-okinawa.html,/blog/where-to-train-karate-in-okinawa.html,blog/where-to-train-karate-in-okinawa.html,ok
blog/where-to-train-karate-in-okinawa.html,link,href,/assets/css/dark-theme-overrides.css,/assets/css/dark-theme-overrides.css,assets/css/dark-theme-overrides.css,ok
blog/where-to-train-karate-in-okinawa.html,a,href,/index.html,/index.html,index.html,ok
blog/where-to-train-karate-in-okinawa.html,a,href,/index.html,/index.html,index.html,ok
blog/where-to-train-karate-in-okinawa.html,a,href,/portfolio.html,/portfolio.html,portfolio.html,ok
blog/where-to-train-karate-in-okinawa.html,a,href,/films/martial-arts-documentary.html,/films/martial-arts-documentary.html,films/martial-arts-documentary.html,ok
blog/where-to-train-karate-in-okinawa.html,a,href,/blog.html,/blog.html,blog.html,ok
blog/where-to-train-karate-in-okinawa.html,a,href,/gear.html,/gear.html,gear.html,ok
blog/where-to-train-karate-in-okinawa.html,a,href,/destinations.html,/destinations.html,destinations.html,ok
blog/where-to-train-karate-in-okinawa.html,a,href,/about.html,/about.html,about.html,ok
blog/where-to-train-karate-in-okinawa.html,a,href,/donate.html,/donate.html,donate.html,ok
blog/where-to-train-karate-in-okinawa.html,a,href,/index.html,/index.html,index.html,ok
blog/where-to-train-karate-in-okinawa.html,a,href,/portfolio.html,/portfolio.html,portfolio.html,ok
blog/where-to-train-karate-in-okinawa.html,a,href,/films/martial-arts-documentary.html,/films/martial-arts-documentary.html,films/martial-arts-documentary.html,ok
blog/where-to-train-karate-in-okinawa.html,a,href,/blog.html,/blog.html,blog.html,ok
blog/where-to-train-karate-in-okinawa.html,a,href,/gear.html,/gear.html,gear.html,ok
blog/where-to-train-karate-in-okinawa.html,a,href,/destinations.html,/destinations.html,destinations.html,ok
blog/where-to-train-karate-in-okinawa.html,a,href,/about.html,/about.html,about.html,ok
blog/where-to-train-karate-in-okinawa.html,a,href,/donate.html,/donate.html,donate.html,ok
blog/where-to-train-karate-in-okinawa.html,img,src,/assets/images/articles/okinawa-karate/still-1.webp,/assets/images/articles/okinawa-karate/still-1.webp,assets/images/articles/okinawa-karate/still-1.webp,ok
blog/where-to-train-karate-in-okinawa.html,img,src,/assets/images/articles/okinawa-karate/still-2.webp,/assets/images/articles/okinawa-karate/still-2.webp,assets/images/articles/okinawa-karate/still-2.webp,ok
blog/where-to-train-karate-in-okinawa.html,img,src,/assets/images/articles/okinawa-karate/still-3.webp,/assets/images/articles/okinawa-karate/still-3.webp,assets/images/articles/okinawa-karate/still-3.webp,ok
blog/where-to-train-karate-in-okinawa.html,a,href,/about.html,/about.html,about.html,ok
blog/where-to-train-karate-in-okinawa.html,a,href,/contact.html,/contact.html,contact.html,ok
blog/where-to-train-karate-in-okinawa.html,a,href,/privacy-policy.html,/privacy-policy.html,privacy-policy.html,ok
blog/where-to-train-karate-in-okinawa.html,a,href,/terms-and-conditions.html,/terms-and-conditions.html,terms-and-conditions.html,ok
blog/where-to-train-karate-in-okinawa.html,a,href,/affiliate-disclosure.html,/affiliate-disclosure.html,affiliate-disclosure.html,ok
blog.html,link,href,https://www.carltravels.com/blog.html,/blog.html,blog.html,ok
blog.html,meta,content,https://www.carltravels.com/carlcamera.jpg,/carlcamera.jpg,carlcamera.jpg,ok
blog.html,meta,content,https://www.carltravels.com/blog.html,/blog.html,blog.html,ok
blog.html,meta,content,https://www.carltravels.com/carlcamera.jpg,/carlcamera.jpg,carlcamera.jpg,ok
blog.html,link,href,/assets/css/styles.css,/assets/css/styles.css,assets/css/styles.css,ok
blog.html,link,href,/assets/css/dark-theme-overrides.css,/assets/css/dark-theme-overrides.css,assets/css/dark-theme-overrides.css,ok
blog.html,a,href,/index.html,/index.html,index.html,ok
blog.html,a,href,/index.html,/index.html,index.html,ok
blog.html,a,href,/portfolio.html,/portfolio.html,portfolio.html,ok
blog.html,a,href,/films/martial-arts-documentary.html,/films/martial-arts-documentary.html,films/martial-arts-documentary.html,ok
blog.html,a,href,/blog.html,/blog.html,blog.html,ok
blog.html,a,href,/gear.html,/gear.html,gear.html,ok
blog.html,a,href,/destinations.html,/destinations.html,destinations.html,ok
blog.html,a,href,/about.html,/about.html,about.html,ok
blog.html,a,href,/donate.html,/donate.html,donate.html,ok
blog.html,a,href,/index.html,/index.html,index.html,ok
blog.html,a,href,/portfolio.html,/portfolio.html,portfolio.html,ok
blog.html,a,href,/films/martial-arts-documentary.html,/films/martial-arts-documentary.html,films/martial-arts-documentary.html,ok
blog.html,a,href,/blog.html,/blog.html,blog.html,ok
blog.html,a,href,/gear.html,/gear.html,gear.html,ok
blog.html,a,href,/destinations.html,/destinations.html,destinations.html,ok
blog.html,a,href,/about.html,/about.html,about.html,ok
blog.html,a,href,/donate.html,/donate.html,donate.html,ok
blog.html,a,href,/destinations.html,/destinations.html,destinations.html,ok
blog.html,a,href,/pros-and-cons-and-cost-of-living-in-hanoi.html,/pros-and-cons-and-cost-of-living-in-hanoi.html,pros-and-cons-and-cost-of-living-in-hanoi.html,ok
blog.html,a,href,/howtomakemoneyonlinesellingstockfootage.html,/howtomakemoneyonlinesellingstockfootage.html,howtomakemoneyonlinesellingstockfootage.html,ok
blog.html,a,href,/gear.html,/gear.html,gear.html,ok
blog.html,a,href,/how-to-make-your-videos-look-cinematic.html,/how-to-make-your-videos-look-cinematic.html,how-to-make-your-videos-look-cinematic.html,ok
blog.html,a,href,/things-to-know-before-moving-to-vietnam.html,/things-to-know-before-moving-to-vietnam.html,things-to-know-before-moving-to-vietnam.html,ok
blog.html,a,href,/gear.html,/gear.html,gear.html,ok
blog.html,a,href,/films/martial-arts-documentary.html,/films/martial-arts-documentary.html,films/martial-arts-documentary.html,ok
blog.html,a,href,/howtomakemoneyonlinesellingstockfootage.html,/howtomakemoneyonlinesellingstockfootage.html,howtomakemoneyonlinesellingstockfootage.html,ok
blog.html,a,href,/destinations.html,/destinations.html,destinations.html,ok
blog.html,a,href,/learning-vietnamese-after-living-in-vietnam.html,/learning-vietnamese-after-living-in-vietnam.html,learning-vietnamese-after-living-in-vietnam.html,ok
blog.html,a,href,/hanoi-heatwave-best-pools-tay-ho-quang-an/,/hanoi-heatwave-best-pools-tay-ho-quang-an/,hanoi-heatwave-best-pools-tay-ho-quang-an/index.html,ok
blog.html,a,href,/da-nang-to-hanoi-bus-guide/,/da-nang-to-hanoi-bus-guide/,da-nang-to-hanoi-bus-guide/index.html,ok
blog.html,a,href,your-guide-to-moving-to-da-nang-2026.html,/your-guide-to-moving-to-da-nang-2026.html,your-guide-to-moving-to-da-nang-2026.html,ok
blog.html,img,src,digitalnomad.jpg,/digitalnomad.jpg,digitalnomad.jpg,ok
blog.html,a,href,the-reality-of-digital-nomading-before-you-buy-into-it.html,/the-reality-of-digital-nomading-before-you-buy-into-it.html,the-reality-of-digital-nomading-before-you-buy-into-it.html,ok
blog.html,a,href,muay-thai-thailand-koh-samui-guide.html,/muay-thai-thailand-koh-samui-guide.html,muay-thai-thailand-koh-samui-guide.html,ok
blog.html,a,href,blog/where-to-train-karate-in-okinawa.html,/blog/where-to-train-karate-in-okinawa.html,blog/where-to-train-karate-in-okinawa.html,ok
blog.html,a,href,scoot-plus-review.html,/scoot-plus-review.html,scoot-plus-review.html,ok
blog.html,img,src,sarandebus.jpg,/sarandebus.jpg,sarandebus.jpg,ok
blog.html,a,href,how-to-get-to-sarande-from-athens-by-bus.html,/how-to-get-to-sarande-from-athens-by-bus.html,how-to-get-to-sarande-from-athens-by-bus.html,ok
blog.html,a,href,living-in-bangkok.html,/living-in-bangkok.html,living-in-bangkok.html,ok
blog.html,a,href,dating-in-vietnam.html,/dating-in-vietnam.html,dating-in-vietnam.html,ok
blog.html,a,href,starting-over-at-40.html,/starting-over-at-40.html,starting-over-at-40.html,ok
blog.html,a,href,grand-world-hanoi-guide.html,/grand-world-hanoi-guide.html,grand-world-hanoi-guide.html,ok
blog.html,a,href,things-to-know-before-moving-to-vietnam.html,/things-to-know-before-moving-to-vietnam.html,things-to-know-before-moving-to-vietnam.html,ok
blog.html,a,href,the-reality-of-living-overseas.html,/the-reality-of-living-overseas.html,the-reality-of-living-overseas.html,ok
blog.html,img,src,/australialeave.jpg,/australialeave.jpg,australialeave.jpg,ok
blog.html,a,href,what-i-learned-after-returning-to-australia-and-why-i-LEFT-again.html,/what-i-learned-after-returning-to-australia-and-why-i-LEFT-again.html,what-i-learned-after-returning-to-australia-and-why-i-LEFT-again.html,ok
blog.html,a,href,old-quarter-scams-hanoi.html,/old-quarter-scams-hanoi.html,old-quarter-scams-hanoi.html,ok
blog.html,a,href,/blog/horse-riding-near-hanoi-countryside-experience.html,/blog/horse-riding-near-hanoi-countryside-experience.html,blog/horse-riding-near-hanoi-countryside-experience.html,ok
blog.html,img,src,/asia-banner.jpg,/asia-banner.jpg,asia-banner.jpg,ok
blog.html,a,href,vietnam-e-visa-2026-guide.html,/vietnam-e-visa-2026-guide.html,vietnam-e-visa-2026-guide.html,ok
blog.html,img,src,budgetravel.jpg,/budgetravel.jpg,budgetravel.jpg,ok
blog.html,a,href,cheap-accommodation-while-traveling.html,/cheap-accommodation-while-traveling.html,cheap-accommodation-while-traveling.html,ok
blog.html,a,href,pros-and-cons-and-cost-of-living-in-hanoi.html,/pros-and-cons-and-cost-of-living-in-hanoi.html,pros-and-cons-and-cost-of-living-in-hanoi.html,ok
blog.html,img,src,hanoilogo.jpg,/hanoilogo.jpg,hanoilogo.jpg,ok
blog.html,a,href,best-cafes-in-tay-ho-for-digital-nomads.html,/best-cafes-in-tay-ho-for-digital-nomads.html,best-cafes-in-tay-ho-for-digital-nomads.html,ok
blog.html,a,href,Hifuinhanoi.html,/Hifuinhanoi.html,Hifuinhanoi.html,ok
blog.html,a,href,make-money-online-while-traveling.html,/make-money-online-while-traveling.html,make-money-online-while-traveling.html,ok
blog.html,img,src,/yesim.webp,/yesim.webp,yesim.webp,ok
blog.html,a,href,yesim-guide.html,/yesim-guide.html,yesim-guide.html,ok
blog.html,img,src,/carlcamera2.jpg,/carlcamera2.jpg,carlcamera2.jpg,ok
blog.html,a,href,howtomakemoneyonlinesellingstockfootage.html,/howtomakemoneyonlinesellingstockfootage.html,howtomakemoneyonlinesellingstockfootage.html,ok
blog.html,img,src,/carlcamera.jpg,/carlcamera.jpg,carlcamera.jpg,ok
blog.html,a,href,how-to-make-your-videos-look-cinematic.html,/how-to-make-your-videos-look-cinematic.html,how-to-make-your-videos-look-cinematic.html,ok
blog.html,img,src,/popup-tent.jpg,/popup-tent.jpg,popup-tent.jpg,ok
blog.html,a,href,howtofoldapopuptent.html,/howtofoldapopuptent.html,howtofoldapopuptent.html,ok
blog.html,img,src,/balilogo.jpg,/balilogo.jpg,balilogo.jpg,ok
blog.html,a,href,balitravelguide.html,/balitravelguide.html,balitravelguide.html,ok
blog.html,img,src,/travel-gear.jpg,/travel-gear.jpg,travel-gear.jpg,ok
blog.html,a,href,travel-gear-2025.html,/travel-gear-2025.html,travel-gear-2025.html,ok
blog.html,img,src,/wise.jpg,/wise.jpg,wise.jpg,ok
blog.html,a,href,getyourwisecard.html,/getyourwisecard.html,getyourwisecard.html,ok
blog.html,img,src,/whyileftaustralia.jpg,/whyileftaustralia.jpg,whyileftaustralia.jpg,ok
blog.html,a,href,whyileftaustralia.html,/whyileftaustralia.html,whyileftaustralia.html,ok
blog.html,img,src,/budgetravel.jpg,/budgetravel.jpg,budgetravel.jpg,ok
blog.html,a,href,mytop10travelhacks.html,/mytop10travelhacks.html,mytop10travelhacks.html,ok
blog.html,img,src,/croatiacitizenship.jpg,/croatiacitizenship.jpg,croatiacitizenship.jpg,ok
blog.html,a,href,how-to-get-croatian-citizenship-by-descent.html,/how-to-get-croatian-citizenship-by-descent.html,how-to-get-croatian-citizenship-by-descent.html,ok
blog.html,img,src,/digitalnomadcountries.jpg,/digitalnomadcountries.jpg,digitalnomadcountries.jpg,ok
blog.html,a,href,becomingadigitalnomad.html,/becomingadigitalnomad.html,becomingadigitalnomad.html,ok
blog.html,img,src,/busking.jpg,/busking.jpg,busking.jpg,ok
blog.html,a,href,buskingguide.html,/buskingguide.html,buskingguide.html,ok
blog.html,a,href,donate.html,/donate.html,donate.html,ok
blog.html,a,href,/about.html,/about.html,about.html,ok
blog.html,a,href,/contact.html,/contact.html,contact.html,ok
blog.html,a,href,/blog.html,/blog.html,blog.html,ok
blog.html,a,href,/gear.html,/gear.html,gear.html,ok
blog.html,a,href,/destinations.html,/destinations.html,destinations.html,ok
blog.html,a,href,/contact.html,/contact.html,contact.html,ok
blog.html,a,href,/privacy-policy.html,/privacy-policy.html,privacy-policy.html,ok
blog.html,a,href,/affiliate-disclosure.html,/affiliate-disclosure.html,affiliate-disclosure.html,ok
blog.html,a,href,/terms-and-conditions.html,/terms-and-conditions.html,terms-and-conditions.html,ok
blog.html,script,src,/assets/js/site.js,/assets/js/site.js,assets/js/site.js,ok
bose-s1pro-plus-vs-everse8-the-best-portable-speaker.html,meta,content,https://www.carltravels.com/bose.jpeg,/bose.jpeg,bose.jpeg,ok
bose-s1pro-plus-vs-everse8-the-best-portable-speaker.html,meta,content,https://www.carltravels.com/bose-s1pro-plus-vs-everse8-the-best-portable-speaker.html,/bose-s1pro-plus-vs-everse8-the-best-portable-speaker.html,bose-s1pro-plus-vs-everse8-the-best-portable-speaker.html,ok
bose-s1pro-plus-vs-everse8-the-best-portable-speaker.html,meta,content,https://www.carltravels.com/bose.jpeg,/bose.jpeg,bose.jpeg,ok
bose-s1pro-plus-vs-everse8-the-best-portable-speaker.html,link,href,/assets/css/styles.css,/assets/css/styles.css,assets/css/styles.css,ok
bose-s1pro-plus-vs-everse8-the-best-portable-speaker.html,link,href,https://www.carltravels.com/bose-s1pro-plus-vs-everse8-the-best-portable-speaker.html,/bose-s1pro-plus-vs-everse8-the-best-portable-speaker.html,bose-s1pro-plus-vs-everse8-the-best-portable-speaker.html,ok
bose-s1pro-plus-vs-everse8-the-best-portable-speaker.html,link,href,/assets/css/dark-theme-overrides.css,/assets/css/dark-theme-overrides.css,assets/css/dark-theme-overrides.css,ok
bose-s1pro-plus-vs-everse8-the-best-portable-speaker.html,a,href,/index.html,/index.html,index.html,ok
bose-s1pro-plus-vs-everse8-the-best-portable-speaker.html,a,href,/index.html,/index.html,index.html,ok
bose-s1pro-plus-vs-everse8-the-best-portable-speaker.html,a,href,/portfolio.html,/portfolio.html,portfolio.html,ok
bose-s1pro-plus-vs-everse8-the-best-portable-speaker.html,a,href,/films/martial-arts-documentary.html,/films/martial-arts-documentary.html,films/martial-arts-documentary.html,ok
bose-s1pro-plus-vs-everse8-the-best-portable-speaker.html,a,href,/blog.html,/blog.html,blog.html,ok
bose-s1pro-plus-vs-everse8-the-best-portable-speaker.html,a,href,/gear.html,/gear.html,gear.html,ok
bose-s1pro-plus-vs-everse8-the-best-portable-speaker.html,a,href,/destinations.html,/destinations.html,destinations.html,ok
bose-s1pro-plus-vs-everse8-the-best-portable-speaker.html,a,href,/about.html,/about.html,about.html,ok
bose-s1pro-plus-vs-everse8-the-best-portable-speaker.html,a,href,/donate.html,/donate.html,donate.html,ok
bose-s1pro-plus-vs-everse8-the-best-portable-speaker.html,a,href,/index.html,/index.html,index.html,ok
bose-s1pro-plus-vs-everse8-the-best-portable-speaker.html,a,href,/portfolio.html,/portfolio.html,portfolio.html,ok
bose-s1pro-plus-vs-everse8-the-best-portable-speaker.html,a,href,/films/martial-arts-documentary.html,/films/martial-arts-documentary.html,films/martial-arts-documentary.html,ok
bose-s1pro-plus-vs-everse8-the-best-portable-speaker.html,a,href,/blog.html,/blog.html,blog.html,ok
bose-s1pro-plus-vs-everse8-the-best-portable-speaker.html,a,href,/gear.html,/gear.html,gear.html,ok
bose-s1pro-plus-vs-everse8-the-best-portable-speaker.html,a,href,/destinations.html,/destinations.html,destinations.html,ok
bose-s1pro-plus-vs-everse8-the-best-portable-speaker.html,a,href,/about.html,/about.html,about.html,ok
bose-s1pro-plus-vs-everse8-the-best-portable-speaker.html,a,href,/donate.html,/donate.html,donate.html,ok
bose-s1pro-plus-vs-everse8-the-best-portable-speaker.html,img,src,bose.jpeg,/bose.jpeg,bose.jpeg,ok
bose-s1pro-plus-vs-everse8-the-best-portable-speaker.html,a,href,index.html#contact,/index.html,index.html,ok
bose-s1pro-plus-vs-everse8-the-best-portable-speaker.html,a,href,dji-mini-3-pro-review.html,/dji-mini-3-pro-review.html,dji-mini-3-pro-review.html,ok
bose-s1pro-plus-vs-everse8-the-best-portable-speaker.html,a,href,gear.html,/gear.html,gear.html,ok
bose-s1pro-plus-vs-everse8-the-best-portable-speaker.html,a,href,gear.html,/gear.html,gear.html,ok
bose-s1pro-plus-vs-everse8-the-best-portable-speaker.html,a,href,/about.html,/about.html,about.html,ok
bose-s1pro-plus-vs-everse8-the-best-portable-speaker.html,a,href,/contact.html,/contact.html,contact.html,ok
bose-s1pro-plus-vs-everse8-the-best-portable-speaker.html,a,href,/blog.html,/blog.html,blog.html,ok
bose-s1pro-plus-vs-everse8-the-best-portable-speaker.html,a,href,/gear.html,/gear.html,gear.html,ok
bose-s1pro-plus-vs-everse8-the-best-portable-speaker.html,a,href,/destinations.html,/destinations.html,destinations.html,ok
bose-s1pro-plus-vs-everse8-the-best-portable-speaker.html,a,href,/contact.html,/contact.html,contact.html,ok
bose-s1pro-plus-vs-everse8-the-best-portable-speaker.html,a,href,/privacy-policy.html,/privacy-policy.html,privacy-policy.html,ok
bose-s1pro-plus-vs-everse8-the-best-portable-speaker.html,a,href,/affiliate-disclosure.html,/affiliate-disclosure.html,affiliate-disclosure.html,ok
bose-s1pro-plus-vs-everse8-the-best-portable-speaker.html,a,href,/terms-and-conditions.html,/terms-and-conditions.html,terms-and-conditions.html,ok
bose-s1pro-plus-vs-everse8-the-best-portable-speaker.html,script,src,/assets/js/site.js,/assets/js/site.js,assets/js/site.js,ok
budvatravelguide.html,meta,content,https://www.carltravels.com/budvalogo.jpg,/budvalogo.jpg,budvalogo.jpg,ok
budvatravelguide.html,meta,content,https://www.carltravels.com/budvatravelguide.html,/budvatravelguide.html,budvatravelguide.html,ok
budvatravelguide.html,meta,content,https://www.carltravels.com/budvalogo.jpg,/budvalogo.jpg,budvalogo.jpg,ok
budvatravelguide.html,link,href,/assets/css/styles.css,/assets/css/styles.css,assets/css/styles.css,ok
budvatravelguide.html,link,href,https://www.carltravels.com/budvatravelguide.html,/budvatravelguide.html,budvatravelguide.html,ok
budvatravelguide.html,link,href,/assets/css/dark-theme-overrides.css,/assets/css/dark-theme-overrides.css,assets/css/dark-theme-overrides.css,ok
budvatravelguide.html,a,href,/index.html,/index.html,index.html,ok
budvatravelguide.html,a,href,/index.html,/index.html,index.html,ok
budvatravelguide.html,a,href,/portfolio.html,/portfolio.html,portfolio.html,ok
budvatravelguide.html,a,href,/films/martial-arts-documentary.html,/films/martial-arts-documentary.html,films/martial-arts-documentary.html,ok
budvatravelguide.html,a,href,/blog.html,/blog.html,blog.html,ok
budvatravelguide.html,a,href,/gear.html,/gear.html,gear.html,ok
budvatravelguide.html,a,href,/destinations.html,/destinations.html,destinations.html,ok
budvatravelguide.html,a,href,/about.html,/about.html,about.html,ok
budvatravelguide.html,a,href,/donate.html,/donate.html,donate.html,ok
budvatravelguide.html,a,href,/index.html,/index.html,index.html,ok
budvatravelguide.html,a,href,/portfolio.html,/portfolio.html,portfolio.html,ok
budvatravelguide.html,a,href,/films/martial-arts-documentary.html,/films/martial-arts-documentary.html,films/martial-arts-documentary.html,ok
budvatravelguide.html,a,href,/blog.html,/blog.html,blog.html,ok
budvatravelguide.html,a,href,/gear.html,/gear.html,gear.html,ok
budvatravelguide.html,a,href,/destinations.html,/destinations.html,destinations.html,ok
budvatravelguide.html,a,href,/about.html,/about.html,about.html,ok
budvatravelguide.html,a,href,/donate.html,/donate.html,donate.html,ok
budvatravelguide.html,img,src,/budvalogo.jpg,/budvalogo.jpg,budvalogo.jpg,ok
budvatravelguide.html,a,href,index.html#contact,/index.html,index.html,ok
budvatravelguide.html,a,href,hanoitravelguide.html,/hanoitravelguide.html,hanoitravelguide.html,ok
budvatravelguide.html,a,href,hanoitravelguide.html,/hanoitravelguide.html,hanoitravelguide.html,ok
budvatravelguide.html,a,href,/about.html,/about.html,about.html,ok
budvatravelguide.html,a,href,/contact.html,/contact.html,contact.html,ok
budvatravelguide.html,a,href,/blog.html,/blog.html,blog.html,ok
budvatravelguide.html,a,href,/gear.html,/gear.html,gear.html,ok
budvatravelguide.html,a,href,/destinations.html,/destinations.html,destinations.html,ok
budvatravelguide.html,a,href,/contact.html,/contact.html,contact.html,ok
budvatravelguide.html,a,href,/privacy-policy.html,/privacy-policy.html,privacy-policy.html,ok
budvatravelguide.html,a,href,/affiliate-disclosure.html,/affiliate-disclosure.html,affiliate-disclosure.html,ok
budvatravelguide.html,a,href,/terms-and-conditions.html,/terms-and-conditions.html,terms-and-conditions.html,ok
budvatravelguide.html,script,src,/assets/js/site.js,/assets/js/site.js,assets/js/site.js,ok
buskingguide.html,meta,content,https://www.carltravels.com/buskinghorse.jpg,/buskinghorse.jpg,buskinghorse.jpg,ok
buskingguide.html,meta,content,https://www.carltravels.com/buskingguide.html,/buskingguide.html,buskingguide.html,ok
buskingguide.html,meta,content,https://www.carltravels.com/buskinghorse.jpg,/buskinghorse.jpg,buskinghorse.jpg,ok
buskingguide.html,link,href,/assets/css/styles.css,/assets/css/styles.css,assets/css/styles.css,ok
buskingguide.html,link,href,https://www.carltravels.com/buskingguide.html,/buskingguide.html,buskingguide.html,ok
buskingguide.html,link,href,/assets/css/dark-theme-overrides.css,/assets/css/dark-theme-overrides.css,assets/css/dark-theme-overrides.css,ok
buskingguide.html,a,href,/index.html,/index.html,index.html,ok
buskingguide.html,a,href,/index.html,/index.html,index.html,ok
buskingguide.html,a,href,/portfolio.html,/portfolio.html,portfolio.html,ok
buskingguide.html,a,href,/films/martial-arts-documentary.html,/films/martial-arts-documentary.html,films/martial-arts-documentary.html,ok
buskingguide.html,a,href,/blog.html,/blog.html,blog.html,ok
buskingguide.html,a,href,/gear.html,/gear.html,gear.html,ok
buskingguide.html,a,href,/destinations.html,/destinations.html,destinations.html,ok
buskingguide.html,a,href,/about.html,/about.html,about.html,ok
buskingguide.html,a,href,/donate.html,/donate.html,donate.html,ok
buskingguide.html,a,href,/index.html,/index.html,index.html,ok
buskingguide.html,a,href,/portfolio.html,/portfolio.html,portfolio.html,ok
buskingguide.html,a,href,/films/martial-arts-documentary.html,/films/martial-arts-documentary.html,films/martial-arts-documentary.html,ok
buskingguide.html,a,href,/blog.html,/blog.html,blog.html,ok
buskingguide.html,a,href,/gear.html,/gear.html,gear.html,ok
buskingguide.html,a,href,/destinations.html,/destinations.html,destinations.html,ok
buskingguide.html,a,href,/about.html,/about.html,about.html,ok
buskingguide.html,a,href,/donate.html,/donate.html,donate.html,ok
buskingguide.html,img,src,/buskinghorse.jpg,/buskinghorse.jpg,buskinghorse.jpg,ok
buskingguide.html,a,href,/about.html,/about.html,about.html,ok
buskingguide.html,a,href,/contact.html,/contact.html,contact.html,ok
buskingguide.html,a,href,/blog.html,/blog.html,blog.html,ok
buskingguide.html,a,href,/gear.html,/gear.html,gear.html,ok
buskingguide.html,a,href,/destinations.html,/destinations.html,destinations.html,ok
buskingguide.html,a,href,/contact.html,/contact.html,contact.html,ok
buskingguide.html,a,href,/privacy-policy.html,/privacy-policy.html,privacy-policy.html,ok
buskingguide.html,a,href,/affiliate-disclosure.html,/affiliate-disclosure.html,affiliate-disclosure.html,ok
buskingguide.html,a,href,/terms-and-conditions.html,/terms-and-conditions.html,terms-and-conditions.html,ok
buskingguide.html,script,src,/assets/js/site.js,/assets/js/site.js,assets/js/site.js,ok
cairnstravelguide.html,meta,content,https://www.carltravels.com/cairnslogo.jpg,/cairnslogo.jpg,cairnslogo.jpg,ok
cairnstravelguide.html,meta,content,https://www.carltravels.com/cairnstravelguide.html,/cairnstravelguide.html,cairnstravelguide.html,ok
cairnstravelguide.html,meta,content,https://www.carltravels.com/cairnslogo.jpg,/cairnslogo.jpg,cairnslogo.jpg,ok
cairnstravelguide.html,link,href,/assets/css/styles.css,/assets/css/styles.css,assets/css/styles.css,ok
cairnstravelguide.html,link,href,https://www.carltravels.com/cairnstravelguide.html,/cairnstravelguide.html,cairnstravelguide.html,ok
cairnstravelguide.html,link,href,/assets/css/dark-theme-overrides.css,/assets/css/dark-theme-overrides.css,assets/css/dark-theme-overrides.css,ok
cairnstravelguide.html,a,href,/index.html,/index.html,index.html,ok
cairnstravelguide.html,a,href,/index.html,/index.html,index.html,ok
cairnstravelguide.html,a,href,/portfolio.html,/portfolio.html,portfolio.html,ok
cairnstravelguide.html,a,href,/films/martial-arts-documentary.html,/films/martial-arts-documentary.html,films/martial-arts-documentary.html,ok
cairnstravelguide.html,a,href,/blog.html,/blog.html,blog.html,ok
cairnstravelguide.html,a,href,/gear.html,/gear.html,gear.html,ok
cairnstravelguide.html,a,href,/destinations.html,/destinations.html,destinations.html,ok
cairnstravelguide.html,a,href,/about.html,/about.html,about.html,ok
cairnstravelguide.html,a,href,/donate.html,/donate.html,donate.html,ok
cairnstravelguide.html,a,href,/index.html,/index.html,index.html,ok
cairnstravelguide.html,a,href,/portfolio.html,/portfolio.html,portfolio.html,ok
cairnstravelguide.html,a,href,/films/martial-arts-documentary.html,/films/martial-arts-documentary.html,films/martial-arts-documentary.html,ok
cairnstravelguide.html,a,href,/blog.html,/blog.html,blog.html,ok
cairnstravelguide.html,a,href,/gear.html,/gear.html,gear.html,ok
cairnstravelguide.html,a,href,/destinations.html,/destinations.html,destinations.html,ok
cairnstravelguide.html,a,href,/about.html,/about.html,about.html,ok
cairnstravelguide.html,a,href,/donate.html,/donate.html,donate.html,ok
cairnstravelguide.html,a,href,/about.html,/about.html,about.html,ok
cairnstravelguide.html,a,href,/contact.html,/contact.html,contact.html,ok
cairnstravelguide.html,a,href,/blog.html,/blog.html,blog.html,ok
cairnstravelguide.html,a,href,/gear.html,/gear.html,gear.html,ok
cairnstravelguide.html,a,href,/destinations.html,/destinations.html,destinations.html,ok
cairnstravelguide.html,a,href,/contact.html,/contact.html,contact.html,ok
cairnstravelguide.html,a,href,/privacy-policy.html,/privacy-policy.html,privacy-policy.html,ok
cairnstravelguide.html,a,href,/affiliate-disclosure.html,/affiliate-disclosure.html,affiliate-disclosure.html,ok
cairnstravelguide.html,a,href,/terms-and-conditions.html,/terms-and-conditions.html,terms-and-conditions.html,ok
cairnstravelguide.html,script,src,/assets/js/site.js,/assets/js/site.js,assets/js/site.js,ok
cheap-accommodation-while-traveling.html,meta,content,https://www.carltravels.com/budgetravel.jpg,/budgetravel.jpg,budgetravel.jpg,ok
cheap-accommodation-while-traveling.html,meta,content,https://www.carltravels.com/cheap-accommodation-while-traveling.html,/cheap-accommodation-while-traveling.html,cheap-accommodation-while-traveling.html,ok
cheap-accommodation-while-traveling.html,meta,content,https://www.carltravels.com/budgetravel.jpg,/budgetravel.jpg,budgetravel.jpg,ok
cheap-accommodation-while-traveling.html,link,href,/assets/css/styles.css,/assets/css/styles.css,assets/css/styles.css,ok
cheap-accommodation-while-traveling.html,link,href,https://www.carltravels.com/cheap-accommodation-while-traveling.html,/cheap-accommodation-while-traveling.html,cheap-accommodation-while-traveling.html,ok
cheap-accommodation-while-traveling.html,link,href,/assets/css/dark-theme-overrides.css,/assets/css/dark-theme-overrides.css,assets/css/dark-theme-overrides.css,ok
cheap-accommodation-while-traveling.html,a,href,/index.html,/index.html,index.html,ok
cheap-accommodation-while-traveling.html,a,href,/index.html,/index.html,index.html,ok
cheap-accommodation-while-traveling.html,a,href,/portfolio.html,/portfolio.html,portfolio.html,ok
cheap-accommodation-while-traveling.html,a,href,/films/martial-arts-documentary.html,/films/martial-arts-documentary.html,films/martial-arts-documentary.html,ok
cheap-accommodation-while-traveling.html,a,href,/blog.html,/blog.html,blog.html,ok
cheap-accommodation-while-traveling.html,a,href,/gear.html,/gear.html,gear.html,ok
cheap-accommodation-while-traveling.html,a,href,/destinations.html,/destinations.html,destinations.html,ok
cheap-accommodation-while-traveling.html,a,href,/about.html,/about.html,about.html,ok
cheap-accommodation-while-traveling.html,a,href,/donate.html,/donate.html,donate.html,ok
cheap-accommodation-while-traveling.html,a,href,/index.html,/index.html,index.html,ok
cheap-accommodation-while-traveling.html,a,href,/portfolio.html,/portfolio.html,portfolio.html,ok
cheap-accommodation-while-traveling.html,a,href,/films/martial-arts-documentary.html,/films/martial-arts-documentary.html,films/martial-arts-documentary.html,ok
cheap-accommodation-while-traveling.html,a,href,/blog.html,/blog.html,blog.html,ok
cheap-accommodation-while-traveling.html,a,href,/gear.html,/gear.html,gear.html,ok
cheap-accommodation-while-traveling.html,a,href,/destinations.html,/destinations.html,destinations.html,ok
cheap-accommodation-while-traveling.html,a,href,/about.html,/about.html,about.html,ok
cheap-accommodation-while-traveling.html,a,href,/donate.html,/donate.html,donate.html,ok
cheap-accommodation-while-traveling.html,img,src,budgetravel.jpg,/budgetravel.jpg,budgetravel.jpg,ok
cheap-accommodation-while-traveling.html,a,href,mytop10travelhacks.html,/mytop10travelhacks.html,mytop10travelhacks.html,ok
cheap-accommodation-while-traveling.html,a,href,make-money-online-while-traveling.html,/make-money-online-while-traveling.html,make-money-online-while-traveling.html,ok
cheap-accommodation-while-traveling.html,a,href,japanonabudget.html,/japanonabudget.html,japanonabudget.html,ok
cheap-accommodation-while-traveling.html,a,href,/about.html,/about.html,about.html,ok
cheap-accommodation-while-traveling.html,a,href,/contact.html,/contact.html,contact.html,ok
cheap-accommodation-while-traveling.html,a,href,/blog.html,/blog.html,blog.html,ok
cheap-accommodation-while-traveling.html,a,href,/gear.html,/gear.html,gear.html,ok
cheap-accommodation-while-traveling.html,a,href,/destinations.html,/destinations.html,destinations.html,ok
cheap-accommodation-while-traveling.html,a,href,/contact.html,/contact.html,contact.html,ok
cheap-accommodation-while-traveling.html,a,href,/privacy-policy.html,/privacy-policy.html,privacy-policy.html,ok
cheap-accommodation-while-traveling.html,a,href,/affiliate-disclosure.html,/affiliate-disclosure.html,affiliate-disclosure.html,ok
cheap-accommodation-while-traveling.html,a,href,/terms-and-conditions.html,/terms-and-conditions.html,terms-and-conditions.html,ok
cheap-accommodation-while-traveling.html,script,src,/assets/js/site.js,/assets/js/site.js,assets/js/site.js,ok
contact.html,link,href,https://www.carltravels.com/contact.html,/contact.html,contact.html,ok
contact.html,meta,content,https://www.carltravels.com/carl-tomich-director.jpg,/carl-tomich-director.jpg,carl-tomich-director.jpg,ok
contact.html,meta,content,https://www.carltravels.com/contact.html,/contact.html,contact.html,ok
contact.html,meta,content,https://www.carltravels.com/carl-tomich-director.jpg,/carl-tomich-director.jpg,carl-tomich-director.jpg,ok
contact.html,link,href,/assets/css/styles.css,/assets/css/styles.css,assets/css/styles.css,ok
contact.html,link,href,/assets/css/dark-theme-overrides.css,/assets/css/dark-theme-overrides.css,assets/css/dark-theme-overrides.css,ok
contact.html,a,href,/index.html,/index.html,index.html,ok
contact.html,a,href,/index.html,/index.html,index.html,ok
contact.html,a,href,/portfolio.html,/portfolio.html,portfolio.html,ok
contact.html,a,href,/films/martial-arts-documentary.html,/films/martial-arts-documentary.html,films/martial-arts-documentary.html,ok
contact.html,a,href,/blog.html,/blog.html,blog.html,ok
contact.html,a,href,/gear.html,/gear.html,gear.html,ok
contact.html,a,href,/destinations.html,/destinations.html,destinations.html,ok
contact.html,a,href,/about.html,/about.html,about.html,ok
contact.html,a,href,/contact.html,/contact.html,contact.html,ok
contact.html,a,href,/index.html,/index.html,index.html,ok
contact.html,a,href,/portfolio.html,/portfolio.html,portfolio.html,ok
contact.html,a,href,/films/martial-arts-documentary.html,/films/martial-arts-documentary.html,films/martial-arts-documentary.html,ok
contact.html,a,href,/blog.html,/blog.html,blog.html,ok
contact.html,a,href,/gear.html,/gear.html,gear.html,ok
contact.html,a,href,/destinations.html,/destinations.html,destinations.html,ok
contact.html,a,href,/about.html,/about.html,about.html,ok
contact.html,a,href,/contact.html,/contact.html,contact.html,ok
contact.html,a,href,/films/martial-arts-documentary.html,/films/martial-arts-documentary.html,films/martial-arts-documentary.html,ok
contact.html,a,href,/about.html,/about.html,about.html,ok
contact.html,a,href,/contact.html,/contact.html,contact.html,ok
contact.html,a,href,/blog.html,/blog.html,blog.html,ok
contact.html,a,href,/gear.html,/gear.html,gear.html,ok
contact.html,a,href,/destinations.html,/destinations.html,destinations.html,ok
contact.html,a,href,/contact.html,/contact.html,contact.html,ok
contact.html,a,href,/privacy-policy.html,/privacy-policy.html,privacy-policy.html,ok
contact.html,a,href,/affiliate-disclosure.html,/affiliate-disclosure.html,affiliate-disclosure.html,ok
contact.html,a,href,/terms-and-conditions.html,/terms-and-conditions.html,terms-and-conditions.html,ok
da-nang-to-hanoi-bus-guide/index.html,link,href,https://www.carltravels.com/da-nang-to-hanoi-bus-guide/,/da-nang-to-hanoi-bus-guide/,da-nang-to-hanoi-bus-guide/index.html,ok
da-nang-to-hanoi-bus-guide/index.html,meta,content,https://www.carltravels.com/da-nang-to-hanoi-bus-guide/,/da-nang-to-hanoi-bus-guide/,da-nang-to-hanoi-bus-guide/index.html,ok
da-nang-to-hanoi-bus-guide/index.html,link,href,/assets/css/styles.css,/assets/css/styles.css,assets/css/styles.css,ok
da-nang-to-hanoi-bus-guide/index.html,link,href,/assets/css/dark-theme-overrides.css,/assets/css/dark-theme-overrides.css,assets/css/dark-theme-overrides.css,ok
da-nang-to-hanoi-bus-guide/index.html,a,href,/index.html,/index.html,index.html,ok
da-nang-to-hanoi-bus-guide/index.html,a,href,/index.html,/index.html,index.html,ok
da-nang-to-hanoi-bus-guide/index.html,a,href,/portfolio.html,/portfolio.html,portfolio.html,ok
da-nang-to-hanoi-bus-guide/index.html,a,href,/films/martial-arts-documentary.html,/films/martial-arts-documentary.html,films/martial-arts-documentary.html,ok
da-nang-to-hanoi-bus-guide/index.html,a,href,/blog.html,/blog.html,blog.html,ok
da-nang-to-hanoi-bus-guide/index.html,a,href,/gear.html,/gear.html,gear.html,ok
da-nang-to-hanoi-bus-guide/index.html,a,href,/destinations.html,/destinations.html,destinations.html,ok
da-nang-to-hanoi-bus-guide/index.html,a,href,/about.html,/about.html,about.html,ok
da-nang-to-hanoi-bus-guide/index.html,a,href,/donate.html,/donate.html,donate.html,ok
da-nang-to-hanoi-bus-guide/index.html,a,href,/index.html,/index.html,index.html,ok
da-nang-to-hanoi-bus-guide/index.html,a,href,/portfolio.html,/portfolio.html,portfolio.html,ok
da-nang-to-hanoi-bus-guide/index.html,a,href,/films/martial-arts-documentary.html,/films/martial-arts-documentary.html,films/martial-arts-documentary.html,ok
da-nang-to-hanoi-bus-guide/index.html,a,href,/blog.html,/blog.html,blog.html,ok
da-nang-to-hanoi-bus-guide/index.html,a,href,/gear.html,/gear.html,gear.html,ok
da-nang-to-hanoi-bus-guide/index.html,a,href,/destinations.html,/destinations.html,destinations.html,ok
da-nang-to-hanoi-bus-guide/index.html,a,href,/about.html,/about.html,about.html,ok
da-nang-to-hanoi-bus-guide/index.html,a,href,/donate.html,/donate.html,donate.html,ok
da-nang-to-hanoi-bus-guide/index.html,a,href,/danangtravelguide.html,/danangtravelguide.html,danangtravelguide.html,ok
da-nang-to-hanoi-bus-guide/index.html,a,href,/hanoitravelguide.html,/hanoitravelguide.html,hanoitravelguide.html,ok
da-nang-to-hanoi-bus-guide/index.html,a,href,/ninhbinhtravelguide.html,/ninhbinhtravelguide.html,ninhbinhtravelguide.html,ok
da-nang-to-hanoi-bus-guide/index.html,a,href,/films/martial-arts-documentary.html,/films/martial-arts-documentary.html,films/martial-arts-documentary.html,ok
da-nang-to-hanoi-bus-guide/index.html,a,href,/about.html,/about.html,about.html,ok
da-nang-to-hanoi-bus-guide/index.html,a,href,/contact.html,/contact.html,contact.html,ok
da-nang-to-hanoi-bus-guide/index.html,a,href,/blog.html,/blog.html,blog.html,ok
da-nang-to-hanoi-bus-guide/index.html,a,href,/gear.html,/gear.html,gear.html,ok
da-nang-to-hanoi-bus-guide/index.html,a,href,/destinations.html,/destinations.html,destinations.html,ok
da-nang-to-hanoi-bus-guide/index.html,a,href,/contact.html,/contact.html,contact.html,ok
da-nang-to-hanoi-bus-guide/index.html,a,href,/privacy-policy.html,/privacy-policy.html,privacy-policy.html,ok
da-nang-to-hanoi-bus-guide/index.html,a,href,/affiliate-disclosure.html,/affiliate-disclosure.html,affiliate-disclosure.html,ok
da-nang-to-hanoi-bus-guide/index.html,a,href,/terms-and-conditions.html,/terms-and-conditions.html,terms-and-conditions.html,ok
da-nang-to-hanoi-bus-guide/index.html,script,src,/assets/js/site.js,/assets/js/site.js,assets/js/site.js,ok
daily-essential-travel-gear.html,link,href,https://www.carltravels.com/daily-essential-travel-gear.html,/daily-essential-travel-gear.html,daily-essential-travel-gear.html,ok
daily-essential-travel-gear.html,meta,content,https://www.carltravels.com/daily-essential-travel-gear.html,/daily-essential-travel-gear.html,daily-essential-travel-gear.html,ok
daily-essential-travel-gear.html,link,href,/assets/css/styles.css,/assets/css/styles.css,assets/css/styles.css,ok
daily-essential-travel-gear.html,link,href,/assets/css/dark-theme-overrides.css,/assets/css/dark-theme-overrides.css,assets/css/dark-theme-overrides.css,ok
daily-essential-travel-gear.html,a,href,/index.html,/index.html,index.html,ok
daily-essential-travel-gear.html,a,href,/index.html,/index.html,index.html,ok
daily-essential-travel-gear.html,a,href,/portfolio.html,/portfolio.html,portfolio.html,ok
daily-essential-travel-gear.html,a,href,/films/martial-arts-documentary.html,/films/martial-arts-documentary.html,films/martial-arts-documentary.html,ok
daily-essential-travel-gear.html,a,href,/blog.html,/blog.html,blog.html,ok
daily-essential-travel-gear.html,a,href,/gear.html,/gear.html,gear.html,ok
daily-essential-travel-gear.html,a,href,/daily-essential-travel-gear.html,/daily-essential-travel-gear.html,daily-essential-travel-gear.html,ok
daily-essential-travel-gear.html,a,href,/destinations.html,/destinations.html,destinations.html,ok
daily-essential-travel-gear.html,a,href,/about.html,/about.html,about.html,ok
daily-essential-travel-gear.html,a,href,/donate.html,/donate.html,donate.html,ok
daily-essential-travel-gear.html,a,href,/index.html,/index.html,index.html,ok
daily-essential-travel-gear.html,a,href,/portfolio.html,/portfolio.html,portfolio.html,ok
daily-essential-travel-gear.html,a,href,/films/martial-arts-documentary.html,/films/martial-arts-documentary.html,films/martial-arts-documentary.html,ok
daily-essential-travel-gear.html,a,href,/blog.html,/blog.html,blog.html,ok
daily-essential-travel-gear.html,a,href,/gear.html,/gear.html,gear.html,ok
daily-essential-travel-gear.html,a,href,/daily-essential-travel-gear.html,/daily-essential-travel-gear.html,daily-essential-travel-gear.html,ok
daily-essential-travel-gear.html,a,href,/destinations.html,/destinations.html,destinations.html,ok
daily-essential-travel-gear.html,a,href,/about.html,/about.html,about.html,ok
daily-essential-travel-gear.html,a,href,/donate.html,/donate.html,donate.html,ok
daily-essential-travel-gear.html,a,href,/about.html,/about.html,about.html,ok
daily-essential-travel-gear.html,a,href,/contact.html,/contact.html,contact.html,ok
daily-essential-travel-gear.html,a,href,/blog.html,/blog.html,blog.html,ok
daily-essential-travel-gear.html,a,href,/gear.html,/gear.html,gear.html,ok
daily-essential-travel-gear.html,a,href,/daily-essential-travel-gear.html,/daily-essential-travel-gear.html,daily-essential-travel-gear.html,ok
daily-essential-travel-gear.html,a,href,/destinations.html,/destinations.html,destinations.html,ok
daily-essential-travel-gear.html,a,href,/contact.html,/contact.html,contact.html,ok
daily-essential-travel-gear.html,a,href,/privacy-policy.html,/privacy-policy.html,privacy-policy.html,ok
daily-essential-travel-gear.html,a,href,/affiliate-disclosure.html,/affiliate-disclosure.html,affiliate-disclosure.html,ok
daily-essential-travel-gear.html,a,href,/terms-and-conditions.html,/terms-and-conditions.html,terms-and-conditions.html,ok
daily-essential-travel-gear.html,script,src,/assets/js/site.js,/assets/js/site.js,assets/js/site.js,ok
danangtravelguide.html,meta,content,https://www.carltravels.com/dananglogo.jpg,/dananglogo.jpg,dananglogo.jpg,ok
danangtravelguide.html,meta,content,https://www.carltravels.com/danangtravelguide.html,/danangtravelguide.html,danangtravelguide.html,ok
danangtravelguide.html,meta,content,https://www.carltravels.com/dananglogo.jpg,/dananglogo.jpg,dananglogo.jpg,ok
danangtravelguide.html,link,href,/assets/css/styles.css,/assets/css/styles.css,assets/css/styles.css,ok
danangtravelguide.html,link,href,https://www.carltravels.com/danangtravelguide.html,/danangtravelguide.html,danangtravelguide.html,ok
danangtravelguide.html,link,href,/assets/css/dark-theme-overrides.css,/assets/css/dark-theme-overrides.css,assets/css/dark-theme-overrides.css,ok
danangtravelguide.html,a,href,/index.html,/index.html,index.html,ok
danangtravelguide.html,a,href,/index.html,/index.html,index.html,ok
danangtravelguide.html,a,href,/portfolio.html,/portfolio.html,portfolio.html,ok
danangtravelguide.html,a,href,/films/martial-arts-documentary.html,/films/martial-arts-documentary.html,films/martial-arts-documentary.html,ok
danangtravelguide.html,a,href,/blog.html,/blog.html,blog.html,ok
danangtravelguide.html,a,href,/gear.html,/gear.html,gear.html,ok
danangtravelguide.html,a,href,/destinations.html,/destinations.html,destinations.html,ok
danangtravelguide.html,a,href,/about.html,/about.html,about.html,ok
danangtravelguide.html,a,href,/donate.html,/donate.html,donate.html,ok
danangtravelguide.html,a,href,/index.html,/index.html,index.html,ok
danangtravelguide.html,a,href,/portfolio.html,/portfolio.html,portfolio.html,ok
danangtravelguide.html,a,href,/films/martial-arts-documentary.html,/films/martial-arts-documentary.html,films/martial-arts-documentary.html,ok
danangtravelguide.html,a,href,/blog.html,/blog.html,blog.html,ok
danangtravelguide.html,a,href,/gear.html,/gear.html,gear.html,ok
danangtravelguide.html,a,href,/destinations.html,/destinations.html,destinations.html,ok
danangtravelguide.html,a,href,/about.html,/about.html,about.html,ok
danangtravelguide.html,a,href,/donate.html,/donate.html,donate.html,ok
danangtravelguide.html,img,src,/dananglogo.jpg,/dananglogo.jpg,dananglogo.jpg,ok
danangtravelguide.html,a,href,index.html#contact,/index.html,index.html,ok
danangtravelguide.html,a,href,hanoitravelguide.html,/hanoitravelguide.html,hanoitravelguide.html,ok
danangtravelguide.html,a,href,hanoitravelguide.html,/hanoitravelguide.html,hanoitravelguide.html,ok
danangtravelguide.html,a,href,/about.html,/about.html,about.html,ok
danangtravelguide.html,a,href,/contact.html,/contact.html,contact.html,ok
danangtravelguide.html,a,href,/blog.html,/blog.html,blog.html,ok
danangtravelguide.html,a,href,/gear.html,/gear.html,gear.html,ok
danangtravelguide.html,a,href,/destinations.html,/destinations.html,destinations.html,ok
danangtravelguide.html,a,href,/contact.html,/contact.html,contact.html,ok
danangtravelguide.html,a,href,/privacy-policy.html,/privacy-policy.html,privacy-policy.html,ok
danangtravelguide.html,a,href,/affiliate-disclosure.html,/affiliate-disclosure.html,affiliate-disclosure.html,ok
danangtravelguide.html,a,href,/terms-and-conditions.html,/terms-and-conditions.html,terms-and-conditions.html,ok
danangtravelguide.html,script,src,/assets/js/site.js,/assets/js/site.js,assets/js/site.js,ok
dating-in-vietnam.html,meta,content,https://www.carltravels.com/dating-in-vietnam.html,/dating-in-vietnam.html,dating-in-vietnam.html,ok
dating-in-vietnam.html,link,href,/assets/css/styles.css,/assets/css/styles.css,assets/css/styles.css,ok
dating-in-vietnam.html,link,href,https://www.carltravels.com/dating-in-vietnam.html,/dating-in-vietnam.html,dating-in-vietnam.html,ok
dating-in-vietnam.html,link,href,/assets/css/dark-theme-overrides.css,/assets/css/dark-theme-overrides.css,assets/css/dark-theme-overrides.css,ok
dating-in-vietnam.html,a,href,/index.html,/index.html,index.html,ok
dating-in-vietnam.html,a,href,/index.html,/index.html,index.html,ok
dating-in-vietnam.html,a,href,/portfolio.html,/portfolio.html,portfolio.html,ok
dating-in-vietnam.html,a,href,/films/martial-arts-documentary.html,/films/martial-arts-documentary.html,films/martial-arts-documentary.html,ok
dating-in-vietnam.html,a,href,/blog.html,/blog.html,blog.html,ok
dating-in-vietnam.html,a,href,/gear.html,/gear.html,gear.html,ok
dating-in-vietnam.html,a,href,/destinations.html,/destinations.html,destinations.html,ok
dating-in-vietnam.html,a,href,/about.html,/about.html,about.html,ok
dating-in-vietnam.html,a,href,/donate.html,/donate.html,donate.html,ok
dating-in-vietnam.html,a,href,/index.html,/index.html,index.html,ok
dating-in-vietnam.html,a,href,/portfolio.html,/portfolio.html,portfolio.html,ok
dating-in-vietnam.html,a,href,/films/martial-arts-documentary.html,/films/martial-arts-documentary.html,films/martial-arts-documentary.html,ok
dating-in-vietnam.html,a,href,/blog.html,/blog.html,blog.html,ok
dating-in-vietnam.html,a,href,/gear.html,/gear.html,gear.html,ok
dating-in-vietnam.html,a,href,/destinations.html,/destinations.html,destinations.html,ok
dating-in-vietnam.html,a,href,/about.html,/about.html,about.html,ok
dating-in-vietnam.html,a,href,/donate.html,/donate.html,donate.html,ok
dating-in-vietnam.html,a,href,the-reality-of-living-overseas.html,/the-reality-of-living-overseas.html,the-reality-of-living-overseas.html,ok
dating-in-vietnam.html,a,href,/donate.html,/donate.html,donate.html,ok
dating-in-vietnam.html,img,src,/travel-gear.jpg,/travel-gear.jpg,travel-gear.jpg,ok
dating-in-vietnam.html,img,src,/a7cii.jpg,/a7cii.jpg,a7cii.jpg,ok
dating-in-vietnam.html,a,href,gear.html,/gear.html,gear.html,ok
dating-in-vietnam.html,a,href,/about.html,/about.html,about.html,ok
dating-in-vietnam.html,a,href,/contact.html,/contact.html,contact.html,ok
dating-in-vietnam.html,a,href,/blog.html,/blog.html,blog.html,ok
dating-in-vietnam.html,a,href,/gear.html,/gear.html,gear.html,ok
dating-in-vietnam.html,a,href,/destinations.html,/destinations.html,destinations.html,ok
dating-in-vietnam.html,a,href,/contact.html,/contact.html,contact.html,ok
dating-in-vietnam.html,a,href,/privacy-policy.html,/privacy-policy.html,privacy-policy.html,ok
dating-in-vietnam.html,a,href,/affiliate-disclosure.html,/affiliate-disclosure.html,affiliate-disclosure.html,ok
dating-in-vietnam.html,a,href,/terms-and-conditions.html,/terms-and-conditions.html,terms-and-conditions.html,ok
dating-in-vietnam.html,script,src,/assets/js/site.js,/assets/js/site.js,assets/js/site.js,ok
destinations.html,link,href,https://www.carltravels.com/destinations.html,/destinations.html,destinations.html,ok
destinations.html,meta,content,https://www.carltravels.com/asia-banner.jpg,/asia-banner.jpg,asia-banner.jpg,ok
destinations.html,meta,content,https://www.carltravels.com/destinations.html,/destinations.html,destinations.html,ok
destinations.html,meta,content,https://www.carltravels.com/asia-banner.jpg,/asia-banner.jpg,asia-banner.jpg,ok
destinations.html,link,href,/assets/css/styles.css,/assets/css/styles.css,assets/css/styles.css,ok
destinations.html,link,href,/assets/css/dark-theme-overrides.css,/assets/css/dark-theme-overrides.css,assets/css/dark-theme-overrides.css,ok
destinations.html,a,href,/index.html,/index.html,index.html,ok
destinations.html,a,href,/index.html,/index.html,index.html,ok
destinations.html,a,href,/portfolio.html,/portfolio.html,portfolio.html,ok
destinations.html,a,href,/films/martial-arts-documentary.html,/films/martial-arts-documentary.html,films/martial-arts-documentary.html,ok
destinations.html,a,href,/blog.html,/blog.html,blog.html,ok
destinations.html,a,href,/gear.html,/gear.html,gear.html,ok
destinations.html,a,href,/destinations.html,/destinations.html,destinations.html,ok
destinations.html,a,href,/about.html,/about.html,about.html,ok
destinations.html,a,href,/donate.html,/donate.html,donate.html,ok
destinations.html,a,href,/index.html,/index.html,index.html,ok
destinations.html,a,href,/portfolio.html,/portfolio.html,portfolio.html,ok
destinations.html,a,href,/films/martial-arts-documentary.html,/films/martial-arts-documentary.html,films/martial-arts-documentary.html,ok
destinations.html,a,href,/blog.html,/blog.html,blog.html,ok
destinations.html,a,href,/gear.html,/gear.html,gear.html,ok
destinations.html,a,href,/destinations.html,/destinations.html,destinations.html,ok
destinations.html,a,href,/about.html,/about.html,about.html,ok
destinations.html,a,href,/donate.html,/donate.html,donate.html,ok
destinations.html,img,src,/balilogo.jpg,/balilogo.jpg,balilogo.jpg,ok
destinations.html,a,href,balitravelguide.html,/balitravelguide.html,balitravelguide.html,ok
destinations.html,a,href,nusa-lembongan-travel-guide/,/nusa-lembongan-travel-guide/,nusa-lembongan-travel-guide/index.html,ok
destinations.html,img,src,/berlinlogo.jpg,/berlinlogo.jpg,berlinlogo.jpg,ok
destinations.html,a,href,Berlin.html,/Berlin.html,Berlin.html,ok
destinations.html,img,src,/melbounelogo.jpg,/melbounelogo.jpg,melbounelogo.jpg,ok
destinations.html,a,href,melbournetravelguide.html,/melbournetravelguide.html,melbournetravelguide.html,ok
destinations.html,img,src,/cairnslogo.jpg,/cairnslogo.jpg,cairnslogo.jpg,ok
destinations.html,a,href,cairnstravelguide.html,/cairnstravelguide.html,cairnstravelguide.html,ok
destinations.html,a,href,port-douglas-travel-guide/,/port-douglas-travel-guide/,port-douglas-travel-guide/index.html,ok
destinations.html,img,src,/phuketlogo.jpg,/phuketlogo.jpg,phuketlogo.jpg,ok
destinations.html,a,href,phuketravelguide.html,/phuketravelguide.html,phuketravelguide.html,ok
destinations.html,img,src,/hanoilogo.jpg,/hanoilogo.jpg,hanoilogo.jpg,ok
destinations.html,a,href,hanoitravelguide.html,/hanoitravelguide.html,hanoitravelguide.html,ok
destinations.html,a,href,ha-long-bay-travel-guide/,/ha-long-bay-travel-guide/,ha-long-bay-travel-guide/index.html,ok
destinations.html,img,src,/southeastasia.jpg,/southeastasia.jpg,southeastasia.jpg,ok
destinations.html,a,href,one-day-in-hcmc-guide.html,/one-day-in-hcmc-guide.html,one-day-in-hcmc-guide.html,ok
destinations.html,a,href,sarande-ksamil-butrint-travel-guide/,/sarande-ksamil-butrint-travel-guide/,sarande-ksamil-butrint-travel-guide/index.html,ok
destinations.html,a,href,ninhbinhtravelguide.html,/ninhbinhtravelguide.html,ninhbinhtravelguide.html,ok
destinations.html,a,href,phuquoctravelguide.html,/phuquoctravelguide.html,phuquoctravelguide.html,ok
destinations.html,a,href,sapa-travel-guide.html,/sapa-travel-guide.html,sapa-travel-guide.html,ok
destinations.html,a,href,Hagiangloop.html,/Hagiangloop.html,Hagiangloop.html,ok
destinations.html,a,href,thebesttemplesinhanoi.html,/thebesttemplesinhanoi.html,thebesttemplesinhanoi.html,ok
destinations.html,a,href,lotte-world-aquarium-hanoi.html,/lotte-world-aquarium-hanoi.html,lotte-world-aquarium-hanoi.html,ok
destinations.html,a,href,top-10-things-to-do-in-hanoi.html,/top-10-things-to-do-in-hanoi.html,top-10-things-to-do-in-hanoi.html,ok
destinations.html,a,href,hon-chong-rocks-nha-trang.html,/hon-chong-rocks-nha-trang.html,hon-chong-rocks-nha-trang.html,ok
destinations.html,a,href,vinwonders-nha-trang.html,/vinwonders-nha-trang.html,vinwonders-nha-trang.html,ok
destinations.html,img,src,/osakalogo.jpg,/osakalogo.jpg,osakalogo.jpg,ok
destinations.html,a,href,osakatravelguide.html,/osakatravelguide.html,osakatravelguide.html,ok
destinations.html,img,src,/korculalogo.jpg,/korculalogo.jpg,korculalogo.jpg,ok
destinations.html,a,href,korcula.html,/korcula.html,korcula.html,ok
destinations.html,img,src,/budvalogo.jpg,/budvalogo.jpg,budvalogo.jpg,ok
destinations.html,a,href,budvatravelguide.html,/budvatravelguide.html,budvatravelguide.html,ok
destinations.html,img,src,/dananglogo.jpg,/dananglogo.jpg,dananglogo.jpg,ok
destinations.html,a,href,danangtravelguide.html,/danangtravelguide.html,danangtravelguide.html,ok
destinations.html,img,src,/tokyologo.jpg,/tokyologo.jpg,tokyologo.jpg,ok
destinations.html,a,href,tokyotravelguide.html,/tokyotravelguide.html,tokyotravelguide.html,ok
destinations.html,img,src,/kyotologo.jpg,/kyotologo.jpg,kyotologo.jpg,ok
destinations.html,a,href,kyototravelguide.html,/kyototravelguide.html,kyototravelguide.html,ok
destinations.html,a,href,hiroshima-travel-guide.html,/hiroshima-travel-guide.html,hiroshima-travel-guide.html,ok
destinations.html,a,href,/blog.html,/blog.html,blog.html,ok
destinations.html,a,href,/about.html,/about.html,about.html,ok
destinations.html,a,href,/contact.html,/contact.html,contact.html,ok
destinations.html,a,href,/blog.html,/blog.html,blog.html,ok
destinations.html,a,href,/gear.html,/gear.html,gear.html,ok
destinations.html,a,href,/destinations.html,/destinations.html,destinations.html,ok
destinations.html,a,href,/contact.html,/contact.html,contact.html,ok
destinations.html,a,href,/privacy-policy.html,/privacy-policy.html,privacy-policy.html,ok
destinations.html,a,href,/affiliate-disclosure.html,/affiliate-disclosure.html,affiliate-disclosure.html,ok
destinations.html,a,href,/terms-and-conditions.html,/terms-and-conditions.html,terms-and-conditions.html,ok
destinations.html,script,src,/assets/js/site.js,/assets/js/site.js,assets/js/site.js,ok
dji-mini-3-pro-review.html,meta,content,/mini3pro.jpg,/mini3pro.jpg,mini3pro.jpg,ok
dji-mini-3-pro-review.html,meta,content,https://www.carltravels.com/dji-mini-3-pro-review.html,/dji-mini-3-pro-review.html,dji-mini-3-pro-review.html,ok
dji-mini-3-pro-review.html,meta,content,/mini3pro.jpg,/mini3pro.jpg,mini3pro.jpg,ok
dji-mini-3-pro-review.html,link,href,/assets/css/styles.css,/assets/css/styles.css,assets/css/styles.css,ok
dji-mini-3-pro-review.html,link,href,https://www.carltravels.com/dji-mini-3-pro-review.html,/dji-mini-3-pro-review.html,dji-mini-3-pro-review.html,ok
dji-mini-3-pro-review.html,link,href,/assets/css/dark-theme-overrides.css,/assets/css/dark-theme-overrides.css,assets/css/dark-theme-overrides.css,ok
dji-mini-3-pro-review.html,a,href,/index.html,/index.html,index.html,ok
dji-mini-3-pro-review.html,a,href,/index.html,/index.html,index.html,ok
dji-mini-3-pro-review.html,a,href,/portfolio.html,/portfolio.html,portfolio.html,ok
dji-mini-3-pro-review.html,a,href,/films/martial-arts-documentary.html,/films/martial-arts-documentary.html,films/martial-arts-documentary.html,ok
dji-mini-3-pro-review.html,a,href,/blog.html,/blog.html,blog.html,ok
dji-mini-3-pro-review.html,a,href,/gear.html,/gear.html,gear.html,ok
dji-mini-3-pro-review.html,a,href,/destinations.html,/destinations.html,destinations.html,ok
dji-mini-3-pro-review.html,a,href,/about.html,/about.html,about.html,ok
dji-mini-3-pro-review.html,a,href,/donate.html,/donate.html,donate.html,ok
dji-mini-3-pro-review.html,a,href,/index.html,/index.html,index.html,ok
dji-mini-3-pro-review.html,a,href,/portfolio.html,/portfolio.html,portfolio.html,ok
dji-mini-3-pro-review.html,a,href,/films/martial-arts-documentary.html,/films/martial-arts-documentary.html,films/martial-arts-documentary.html,ok
dji-mini-3-pro-review.html,a,href,/blog.html,/blog.html,blog.html,ok
dji-mini-3-pro-review.html,a,href,/gear.html,/gear.html,gear.html,ok
dji-mini-3-pro-review.html,a,href,/destinations.html,/destinations.html,destinations.html,ok
dji-mini-3-pro-review.html,a,href,/about.html,/about.html,about.html,ok
dji-mini-3-pro-review.html,a,href,/donate.html,/donate.html,donate.html,ok
dji-mini-3-pro-review.html,img,src,/mini3pro.jpg,/mini3pro.jpg,mini3pro.jpg,ok
dji-mini-3-pro-review.html,a,href,index.html#contact,/index.html,index.html,ok
dji-mini-3-pro-review.html,a,href,tech-review-dji-mavic3.html,/tech-review-dji-mavic3.html,tech-review-dji-mavic3.html,ok
dji-mini-3-pro-review.html,a,href,gear.html,/gear.html,gear.html,ok
dji-mini-3-pro-review.html,a,href,gear.html,/gear.html,gear.html,ok
dji-mini-3-pro-review.html,a,href,/about.html,/about.html,about.html,ok
dji-mini-3-pro-review.html,a,href,/contact.html,/contact.html,contact.html,ok
dji-mini-3-pro-review.html,a,href,/blog.html,/blog.html,blog.html,ok
dji-mini-3-pro-review.html,a,href,/gear.html,/gear.html,gear.html,ok
dji-mini-3-pro-review.html,a,href,/destinations.html,/destinations.html,destinations.html,ok
dji-mini-3-pro-review.html,a,href,/contact.html,/contact.html,contact.html,ok
dji-mini-3-pro-review.html,a,href,/privacy-policy.html,/privacy-policy.html,privacy-policy.html,ok
dji-mini-3-pro-review.html,a,href,/affiliate-disclosure.html,/affiliate-disclosure.html,affiliate-disclosure.html,ok
dji-mini-3-pro-review.html,a,href,/terms-and-conditions.html,/terms-and-conditions.html,terms-and-conditions.html,ok
dji-mini-3-pro-review.html,script,src,/assets/js/site.js,/assets/js/site.js,assets/js/site.js,ok
donate.html,link,href,/assets/css/styles.css,/assets/css/styles.css,assets/css/styles.css,ok
donate.html,link,href,https://www.carltravels.com/donate.html,/donate.html,donate.html,ok
donate.html,link,href,/assets/css/dark-theme-overrides.css,/assets/css/dark-theme-overrides.css,assets/css/dark-theme-overrides.css,ok
donate.html,a,href,/index.html,/index.html,index.html,ok
donate.html,a,href,/index.html,/index.html,index.html,ok
donate.html,a,href,/portfolio.html,/portfolio.html,portfolio.html,ok
donate.html,a,href,/films/martial-arts-documentary.html,/films/martial-arts-documentary.html,films/martial-arts-documentary.html,ok
donate.html,a,href,/blog.html,/blog.html,blog.html,ok
donate.html,a,href,/gear.html,/gear.html,gear.html,ok
donate.html,a,href,/destinations.html,/destinations.html,destinations.html,ok
donate.html,a,href,/about.html,/about.html,about.html,ok
donate.html,a,href,/donate.html,/donate.html,donate.html,ok
donate.html,a,href,/index.html,/index.html,index.html,ok
donate.html,a,href,/portfolio.html,/portfolio.html,portfolio.html,ok
donate.html,a,href,/films/martial-arts-documentary.html,/films/martial-arts-documentary.html,films/martial-arts-documentary.html,ok
donate.html,a,href,/blog.html,/blog.html,blog.html,ok
donate.html,a,href,/gear.html,/gear.html,gear.html,ok
donate.html,a,href,/destinations.html,/destinations.html,destinations.html,ok
donate.html,a,href,/about.html,/about.html,about.html,ok
donate.html,a,href,/donate.html,/donate.html,donate.html,ok
donate.html,a,href,/gear.html,/gear.html,gear.html,ok
donate.html,a,href,/about.html,/about.html,about.html,ok
donate.html,a,href,/contact.html,/contact.html,contact.html,ok
donate.html,a,href,/blog.html,/blog.html,blog.html,ok
donate.html,a,href,/gear.html,/gear.html,gear.html,ok
donate.html,a,href,/destinations.html,/destinations.html,destinations.html,ok
donate.html,a,href,/contact.html,/contact.html,contact.html,ok
donate.html,a,href,/privacy-policy.html,/privacy-policy.html,privacy-policy.html,ok
donate.html,a,href,/affiliate-disclosure.html,/affiliate-disclosure.html,affiliate-disclosure.html,ok
donate.html,a,href,/terms-and-conditions.html,/terms-and-conditions.html,terms-and-conditions.html,ok
donate.html,script,src,/assets/js/site.js,/assets/js/site.js,assets/js/site.js,ok
electro-voice-everse-8-review.html,meta,content,https://www.carltravels.com/bose.jpeg,/bose.jpeg,bose.jpeg,ok
electro-voice-everse-8-review.html,meta,content,https://www.carltravels.com/electro-voice-everse-8-review.html,/electro-voice-everse-8-review.html,electro-voice-everse-8-review.html,ok
electro-voice-everse-8-review.html,meta,content,https://www.carltravels.com/bose.jpeg,/bose.jpeg,bose.jpeg,ok
electro-voice-everse-8-review.html,link,href,/assets/css/styles.css,/assets/css/styles.css,assets/css/styles.css,ok
electro-voice-everse-8-review.html,link,href,https://www.carltravels.com/electro-voice-everse-8-review.html,/electro-voice-everse-8-review.html,electro-voice-everse-8-review.html,ok
electro-voice-everse-8-review.html,link,href,/assets/css/dark-theme-overrides.css,/assets/css/dark-theme-overrides.css,assets/css/dark-theme-overrides.css,ok
electro-voice-everse-8-review.html,a,href,/bose-s1pro-plus-vs-everse8-the-best-portable-speaker.html,/bose-s1pro-plus-vs-everse8-the-best-portable-speaker.html,bose-s1pro-plus-vs-everse8-the-best-portable-speaker.html,ok
electro-voice-everse-8-review.html,a,href,/gear.html,/gear.html,gear.html,ok
farnorthqueenslandtravelguide.html,meta,content,https://www.carltravels.com/fnqwaterfall.jpg,/fnqwaterfall.jpg,fnqwaterfall.jpg,ok
farnorthqueenslandtravelguide.html,meta,content,https://www.carltravels.com/farnorthqueenslandtravelguide.html,/farnorthqueenslandtravelguide.html,farnorthqueenslandtravelguide.html,ok
farnorthqueenslandtravelguide.html,meta,content,https://www.carltravels.com/fnqwaterfall.jpg,/fnqwaterfall.jpg,fnqwaterfall.jpg,ok
farnorthqueenslandtravelguide.html,link,href,https://www.carltravels.com/farnorthqueenslandtravelguide.html,/farnorthqueenslandtravelguide.html,farnorthqueenslandtravelguide.html,ok
farnorthqueenslandtravelguide.html,link,href,/assets/css/dark-theme-overrides.css,/assets/css/dark-theme-overrides.css,assets/css/dark-theme-overrides.css,ok
farnorthqueenslandtravelguide.html,a,href,/index.html,/index.html,index.html,ok
farnorthqueenslandtravelguide.html,a,href,/index.html,/index.html,index.html,ok
farnorthqueenslandtravelguide.html,a,href,/portfolio.html,/portfolio.html,portfolio.html,ok
farnorthqueenslandtravelguide.html,a,href,/films/martial-arts-documentary.html,/films/martial-arts-documentary.html,films/martial-arts-documentary.html,ok
farnorthqueenslandtravelguide.html,a,href,/blog.html,/blog.html,blog.html,ok
farnorthqueenslandtravelguide.html,a,href,/gear.html,/gear.html,gear.html,ok
farnorthqueenslandtravelguide.html,a,href,/destinations.html,/destinations.html,destinations.html,ok
farnorthqueenslandtravelguide.html,a,href,/about.html,/about.html,about.html,ok
farnorthqueenslandtravelguide.html,a,href,/donate.html,/donate.html,donate.html,ok
farnorthqueenslandtravelguide.html,a,href,/index.html,/index.html,index.html,ok
farnorthqueenslandtravelguide.html,a,href,/portfolio.html,/portfolio.html,portfolio.html,ok
farnorthqueenslandtravelguide.html,a,href,/films/martial-arts-documentary.html,/films/martial-arts-documentary.html,films/martial-arts-documentary.html,ok
farnorthqueenslandtravelguide.html,a,href,/blog.html,/blog.html,blog.html,ok
farnorthqueenslandtravelguide.html,a,href,/gear.html,/gear.html,gear.html,ok
farnorthqueenslandtravelguide.html,a,href,/destinations.html,/destinations.html,destinations.html,ok
farnorthqueenslandtravelguide.html,a,href,/about.html,/about.html,about.html,ok
farnorthqueenslandtravelguide.html,a,href,/donate.html,/donate.html,donate.html,ok
farnorthqueenslandtravelguide.html,a,href,destinations.html,/destinations.html,destinations.html,ok
farnorthqueenslandtravelguide.html,a,href,blog.html,/blog.html,blog.html,ok
farnorthqueenslandtravelguide.html,a,href,/about.html,/about.html,about.html,ok
farnorthqueenslandtravelguide.html,a,href,/contact.html,/contact.html,contact.html,ok
farnorthqueenslandtravelguide.html,a,href,/blog.html,/blog.html,blog.html,ok
farnorthqueenslandtravelguide.html,a,href,/gear.html,/gear.html,gear.html,ok
farnorthqueenslandtravelguide.html,a,href,/destinations.html,/destinations.html,destinations.html,ok
farnorthqueenslandtravelguide.html,a,href,/contact.html,/contact.html,contact.html,ok
farnorthqueenslandtravelguide.html,a,href,/privacy-policy.html,/privacy-policy.html,privacy-policy.html,ok
farnorthqueenslandtravelguide.html,a,href,/affiliate-disclosure.html,/affiliate-disclosure.html,affiliate-disclosure.html,ok
farnorthqueenslandtravelguide.html,a,href,/terms-and-conditions.html,/terms-and-conditions.html,terms-and-conditions.html,ok
films/a-sail-untold.html,link,href,https://www.carltravels.com/films/a-sail-untold.html,/films/a-sail-untold.html,films/a-sail-untold.html,ok
films/a-sail-untold.html,meta,content,https://www.carltravels.com/films/a-sail-untold.html,/films/a-sail-untold.html,films/a-sail-untold.html,ok
films/a-sail-untold.html,link,href,/assets/css/styles.css,/assets/css/styles.css,assets/css/styles.css,ok
films/a-sail-untold.html,link,href,/assets/css/dark-theme-overrides.css,/assets/css/dark-theme-overrides.css,assets/css/dark-theme-overrides.css,ok
films/a-sail-untold.html,a,href,/index.html,/index.html,index.html,ok
films/a-sail-untold.html,a,href,/index.html,/index.html,index.html,ok
films/a-sail-untold.html,a,href,/portfolio.html,/portfolio.html,portfolio.html,ok
films/a-sail-untold.html,a,href,/films/martial-arts-documentary.html,/films/martial-arts-documentary.html,films/martial-arts-documentary.html,ok
films/a-sail-untold.html,a,href,/blog.html,/blog.html,blog.html,ok
films/a-sail-untold.html,a,href,/gear.html,/gear.html,gear.html,ok
films/a-sail-untold.html,a,href,/destinations.html,/destinations.html,destinations.html,ok
films/a-sail-untold.html,a,href,/about.html,/about.html,about.html,ok
films/a-sail-untold.html,a,href,/donate.html,/donate.html,donate.html,ok
films/a-sail-untold.html,a,href,/index.html,/index.html,index.html,ok
films/a-sail-untold.html,a,href,/portfolio.html,/portfolio.html,portfolio.html,ok
films/a-sail-untold.html,a,href,/films/martial-arts-documentary.html,/films/martial-arts-documentary.html,films/martial-arts-documentary.html,ok
films/a-sail-untold.html,a,href,/blog.html,/blog.html,blog.html,ok
films/a-sail-untold.html,a,href,/gear.html,/gear.html,gear.html,ok
films/a-sail-untold.html,a,href,/destinations.html,/destinations.html,destinations.html,ok
films/a-sail-untold.html,a,href,/about.html,/about.html,about.html,ok
films/a-sail-untold.html,a,href,/donate.html,/donate.html,donate.html,ok
films/a-sail-untold.html,a,href,/films/busking-for-berlin.html,/films/busking-for-berlin.html,films/busking-for-berlin.html,ok
films/a-sail-untold.html,a,href,/index.html#filmography,/index.html,index.html,ok
films/a-sail-untold.html,a,href,/about.html,/about.html,about.html,ok
films/a-sail-untold.html,a,href,/contact.html,/contact.html,contact.html,ok
films/a-sail-untold.html,a,href,/blog.html,/blog.html,blog.html,ok
films/a-sail-untold.html,a,href,/gear.html,/gear.html,gear.html,ok
films/a-sail-untold.html,a,href,/destinations.html,/destinations.html,destinations.html,ok
films/a-sail-untold.html,a,href,/contact.html,/contact.html,contact.html,ok
films/a-sail-untold.html,a,href,/privacy-policy.html,/privacy-policy.html,privacy-policy.html,ok
films/a-sail-untold.html,a,href,/affiliate-disclosure.html,/affiliate-disclosure.html,affiliate-disclosure.html,ok
films/a-sail-untold.html,a,href,/terms-and-conditions.html,/terms-and-conditions.html,terms-and-conditions.html,ok
films/busk-life.html,link,href,https://www.carltravels.com/films/busk-life.html,/films/busk-life.html,films/busk-life.html,ok
films/busk-life.html,meta,content,https://www.carltravels.com/films/busk-life.html,/films/busk-life.html,films/busk-life.html,ok
films/busk-life.html,link,href,/assets/css/styles.css,/assets/css/styles.css,assets/css/styles.css,ok
films/busk-life.html,link,href,/assets/css/dark-theme-overrides.css,/assets/css/dark-theme-overrides.css,assets/css/dark-theme-overrides.css,ok
films/busk-life.html,a,href,/index.html,/index.html,index.html,ok
films/busk-life.html,a,href,/index.html,/index.html,index.html,ok
films/busk-life.html,a,href,/portfolio.html,/portfolio.html,portfolio.html,ok
films/busk-life.html,a,href,/films/martial-arts-documentary.html,/films/martial-arts-documentary.html,films/martial-arts-documentary.html,ok
films/busk-life.html,a,href,/blog.html,/blog.html,blog.html,ok
films/busk-life.html,a,href,/gear.html,/gear.html,gear.html,ok
films/busk-life.html,a,href,/destinations.html,/destinations.html,destinations.html,ok
films/busk-life.html,a,href,/about.html,/about.html,about.html,ok
films/busk-life.html,a,href,/donate.html,/donate.html,donate.html,ok
films/busk-life.html,a,href,/index.html,/index.html,index.html,ok
films/busk-life.html,a,href,/portfolio.html,/portfolio.html,portfolio.html,ok
films/busk-life.html,a,href,/films/martial-arts-documentary.html,/films/martial-arts-documentary.html,films/martial-arts-documentary.html,ok
films/busk-life.html,a,href,/blog.html,/blog.html,blog.html,ok
films/busk-life.html,a,href,/gear.html,/gear.html,gear.html,ok
films/busk-life.html,a,href,/destinations.html,/destinations.html,destinations.html,ok
films/busk-life.html,a,href,/about.html,/about.html,about.html,ok
films/busk-life.html,a,href,/donate.html,/donate.html,donate.html,ok
films/busk-life.html,a,href,/films/busking-for-berlin.html,/films/busking-for-berlin.html,films/busking-for-berlin.html,ok
films/busk-life.html,a,href,/index.html#filmography,/index.html,index.html,ok
films/busk-life.html,a,href,/about.html,/about.html,about.html,ok
films/busk-life.html,a,href,/contact.html,/contact.html,contact.html,ok
films/busk-life.html,a,href,/blog.html,/blog.html,blog.html,ok
films/busk-life.html,a,href,/gear.html,/gear.html,gear.html,ok
films/busk-life.html,a,href,/destinations.html,/destinations.html,destinations.html,ok
films/busk-life.html,a,href,/contact.html,/contact.html,contact.html,ok
films/busk-life.html,a,href,/privacy-policy.html,/privacy-policy.html,privacy-policy.html,ok
films/busk-life.html,a,href,/affiliate-disclosure.html,/affiliate-disclosure.html,affiliate-disclosure.html,ok
films/busk-life.html,a,href,/terms-and-conditions.html,/terms-and-conditions.html,terms-and-conditions.html,ok
films/busking-for-berlin.html,link,href,https://www.carltravels.com/films/busking-for-berlin.html,/films/busking-for-berlin.html,films/busking-for-berlin.html,ok
films/busking-for-berlin.html,meta,content,https://www.carltravels.com/films/busking-for-berlin.html,/films/busking-for-berlin.html,films/busking-for-berlin.html,ok
films/busking-for-berlin.html,link,href,/assets/css/styles.css,/assets/css/styles.css,assets/css/styles.css,ok
films/busking-for-berlin.html,link,href,/assets/css/dark-theme-overrides.css,/assets/css/dark-theme-overrides.css,assets/css/dark-theme-overrides.css,ok
films/busking-for-berlin.html,a,href,/index.html,/index.html,index.html,ok
films/busking-for-berlin.html,a,href,/index.html,/index.html,index.html,ok
films/busking-for-berlin.html,a,href,/portfolio.html,/portfolio.html,portfolio.html,ok
films/busking-for-berlin.html,a,href,/films/martial-arts-documentary.html,/films/martial-arts-documentary.html,films/martial-arts-documentary.html,ok
films/busking-for-berlin.html,a,href,/blog.html,/blog.html,blog.html,ok
films/busking-for-berlin.html,a,href,/gear.html,/gear.html,gear.html,ok
films/busking-for-berlin.html,a,href,/destinations.html,/destinations.html,destinations.html,ok
films/busking-for-berlin.html,a,href,/about.html,/about.html,about.html,ok
films/busking-for-berlin.html,a,href,/donate.html,/donate.html,donate.html,ok
films/busking-for-berlin.html,a,href,/index.html,/index.html,index.html,ok
films/busking-for-berlin.html,a,href,/portfolio.html,/portfolio.html,portfolio.html,ok
films/busking-for-berlin.html,a,href,/films/martial-arts-documentary.html,/films/martial-arts-documentary.html,films/martial-arts-documentary.html,ok
films/busking-for-berlin.html,a,href,/blog.html,/blog.html,blog.html,ok
films/busking-for-berlin.html,a,href,/gear.html,/gear.html,gear.html,ok
films/busking-for-berlin.html,a,href,/destinations.html,/destinations.html,destinations.html,ok
films/busking-for-berlin.html,a,href,/about.html,/about.html,about.html,ok
films/busking-for-berlin.html,a,href,/donate.html,/donate.html,donate.html,ok
films/busking-for-berlin.html,a,href,/films/busk-life.html,/films/busk-life.html,films/busk-life.html,ok
films/busking-for-berlin.html,a,href,/index.html#filmography,/index.html,index.html,ok
films/busking-for-berlin.html,a,href,/about.html,/about.html,about.html,ok
films/busking-for-berlin.html,a,href,/contact.html,/contact.html,contact.html,ok
films/busking-for-berlin.html,a,href,/blog.html,/blog.html,blog.html,ok
films/busking-for-berlin.html,a,href,/gear.html,/gear.html,gear.html,ok
films/busking-for-berlin.html,a,href,/destinations.html,/destinations.html,destinations.html,ok
films/busking-for-berlin.html,a,href,/contact.html,/contact.html,contact.html,ok
films/busking-for-berlin.html,a,href,/privacy-policy.html,/privacy-policy.html,privacy-policy.html,ok
films/busking-for-berlin.html,a,href,/affiliate-disclosure.html,/affiliate-disclosure.html,affiliate-disclosure.html,ok
films/busking-for-berlin.html,a,href,/terms-and-conditions.html,/terms-and-conditions.html,terms-and-conditions.html,ok
films/martial-arts-documentary.html,link,href,https://www.carltravels.com/films/martial-arts-documentary.html,/films/martial-arts-documentary.html,films/martial-arts-documentary.html,ok
films/martial-arts-documentary.html,meta,content,https://www.carltravels.com/films/martial-arts-documentary.html,/films/martial-arts-documentary.html,films/martial-arts-documentary.html,ok
films/martial-arts-documentary.html,link,href,/assets/css/styles.css,/assets/css/styles.css,assets/css/styles.css,ok
films/martial-arts-documentary.html,link,href,/assets/css/dark-theme-overrides.css,/assets/css/dark-theme-overrides.css,assets/css/dark-theme-overrides.css,ok
films/martial-arts-documentary.html,a,href,/index.html,/index.html,index.html,ok
films/martial-arts-documentary.html,a,href,/index.html,/index.html,index.html,ok
films/martial-arts-documentary.html,a,href,/portfolio.html,/portfolio.html,portfolio.html,ok
films/martial-arts-documentary.html,a,href,/films/martial-arts-documentary.html,/films/martial-arts-documentary.html,films/martial-arts-documentary.html,ok
films/martial-arts-documentary.html,a,href,/blog.html,/blog.html,blog.html,ok
films/martial-arts-documentary.html,a,href,/gear.html,/gear.html,gear.html,ok
films/martial-arts-documentary.html,a,href,/destinations.html,/destinations.html,destinations.html,ok
films/martial-arts-documentary.html,a,href,/about.html,/about.html,about.html,ok
films/martial-arts-documentary.html,a,href,/donate.html,/donate.html,donate.html,ok
films/martial-arts-documentary.html,a,href,/index.html,/index.html,index.html,ok
films/martial-arts-documentary.html,a,href,/portfolio.html,/portfolio.html,portfolio.html,ok
films/martial-arts-documentary.html,a,href,/films/martial-arts-documentary.html,/films/martial-arts-documentary.html,films/martial-arts-documentary.html,ok
films/martial-arts-documentary.html,a,href,/blog.html,/blog.html,blog.html,ok
films/martial-arts-documentary.html,a,href,/gear.html,/gear.html,gear.html,ok
films/martial-arts-documentary.html,a,href,/destinations.html,/destinations.html,destinations.html,ok
films/martial-arts-documentary.html,a,href,/about.html,/about.html,about.html,ok
films/martial-arts-documentary.html,a,href,/donate.html,/donate.html,donate.html,ok
films/martial-arts-documentary.html,a,href,/index.html#current-project,/index.html,index.html,ok
films/martial-arts-documentary.html,img,src,/assets/images/films/martial-arts/martial-arts-still-1.jpg,/assets/images/films/martial-arts/martial-arts-still-1.jpg,assets/images/films/martial-arts/martial-arts-still-1.jpg,ok
films/martial-arts-documentary.html,img,src,/assets/images/films/martial-arts/martial-arts-still-2.jpg,/assets/images/films/martial-arts/martial-arts-still-2.jpg,assets/images/films/martial-arts/martial-arts-still-2.jpg,ok
films/martial-arts-documentary.html,img,src,/assets/images/films/martial-arts/martial-arts-still-3.jpg,/assets/images/films/martial-arts/martial-arts-still-3.jpg,assets/images/films/martial-arts/martial-arts-still-3.jpg,ok
films/martial-arts-documentary.html,img,src,/assets/images/films/martial-arts/martial-arts-still-4.jpg,/assets/images/films/martial-arts/martial-arts-still-4.jpg,assets/images/films/martial-arts/martial-arts-still-4.jpg,ok
films/martial-arts-documentary.html,img,src,/assets/images/films/martial-arts/martial-arts-still-5.jpg,/assets/images/films/martial-arts/martial-arts-still-5.jpg,assets/images/films/martial-arts/martial-arts-still-5.jpg,ok
films/martial-arts-documentary.html,a,href,/films/busking-for-berlin.html,/films/busking-for-berlin.html,films/busking-for-berlin.html,ok
films/martial-arts-documentary.html,a,href,/films/a-sail-untold.html,/films/a-sail-untold.html,films/a-sail-untold.html,ok
films/martial-arts-documentary.html,a,href,/films/busk-life.html,/films/busk-life.html,films/busk-life.html,ok
films/martial-arts-documentary.html,a,href,/about.html,/about.html,about.html,ok
films/martial-arts-documentary.html,a,href,/contact.html,/contact.html,contact.html,ok
films/martial-arts-documentary.html,a,href,/blog.html,/blog.html,blog.html,ok
films/martial-arts-documentary.html,a,href,/gear.html,/gear.html,gear.html,ok
films/martial-arts-documentary.html,a,href,/destinations.html,/destinations.html,destinations.html,ok
films/martial-arts-documentary.html,a,href,/contact.html,/contact.html,contact.html,ok
films/martial-arts-documentary.html,a,href,/privacy-policy.html,/privacy-policy.html,privacy-policy.html,ok
films/martial-arts-documentary.html,a,href,/affiliate-disclosure.html,/affiliate-disclosure.html,affiliate-disclosure.html,ok
films/martial-arts-documentary.html,a,href,/terms-and-conditions.html,/terms-and-conditions.html,terms-and-conditions.html,ok
finedininginhanoi.html,meta,content,https://www.carltravels.com/finedininginhanoi.html,/finedininginhanoi.html,finedininginhanoi.html,ok
finedininginhanoi.html,link,href,https://www.carltravels.com/finedininginhanoi.html,/finedininginhanoi.html,finedininginhanoi.html,ok
finedininginhanoi.html,link,href,/assets/css/dark-theme-overrides.css,/assets/css/dark-theme-overrides.css,assets/css/dark-theme-overrides.css,ok
finedininginhanoi.html,a,href,/index.html,/index.html,index.html,ok
finedininginhanoi.html,a,href,/index.html,/index.html,index.html,ok
finedininginhanoi.html,a,href,/portfolio.html,/portfolio.html,portfolio.html,ok
finedininginhanoi.html,a,href,/films/martial-arts-documentary.html,/films/martial-arts-documentary.html,films/martial-arts-documentary.html,ok
finedininginhanoi.html,a,href,/blog.html,/blog.html,blog.html,ok
finedininginhanoi.html,a,href,/gear.html,/gear.html,gear.html,ok
finedininginhanoi.html,a,href,/destinations.html,/destinations.html,destinations.html,ok
finedininginhanoi.html,a,href,/about.html,/about.html,about.html,ok
finedininginhanoi.html,a,href,/donate.html,/donate.html,donate.html,ok
finedininginhanoi.html,a,href,/index.html,/index.html,index.html,ok
finedininginhanoi.html,a,href,/portfolio.html,/portfolio.html,portfolio.html,ok
finedininginhanoi.html,a,href,/films/martial-arts-documentary.html,/films/martial-arts-documentary.html,films/martial-arts-documentary.html,ok
finedininginhanoi.html,a,href,/blog.html,/blog.html,blog.html,ok
finedininginhanoi.html,a,href,/gear.html,/gear.html,gear.html,ok
finedininginhanoi.html,a,href,/destinations.html,/destinations.html,destinations.html,ok
finedininginhanoi.html,a,href,/about.html,/about.html,about.html,ok
finedininginhanoi.html,a,href,/donate.html,/donate.html,donate.html,ok
finedininginhanoi.html,a,href,hanoi-by-night.html,/hanoi-by-night.html,hanoi-by-night.html,ok
finedininginhanoi.html,a,href,/about.html,/about.html,about.html,ok
finedininginhanoi.html,a,href,/contact.html,/contact.html,contact.html,ok
finedininginhanoi.html,a,href,/blog.html,/blog.html,blog.html,ok
finedininginhanoi.html,a,href,/gear.html,/gear.html,gear.html,ok
finedininginhanoi.html,a,href,/destinations.html,/destinations.html,destinations.html,ok
finedininginhanoi.html,a,href,/contact.html,/contact.html,contact.html,ok
finedininginhanoi.html,a,href,/privacy-policy.html,/privacy-policy.html,privacy-policy.html,ok
finedininginhanoi.html,a,href,/affiliate-disclosure.html,/affiliate-disclosure.html,affiliate-disclosure.html,ok
finedininginhanoi.html,a,href,/terms-and-conditions.html,/terms-and-conditions.html,terms-and-conditions.html,ok
gear.html,link,href,https://www.carltravels.com/gear.html,/gear.html,gear.html,ok
gear.html,meta,content,https://www.carltravels.com/gear.html,/gear.html,gear.html,ok
gear.html,link,href,/assets/css/styles.css,/assets/css/styles.css,assets/css/styles.css,ok
gear.html,link,href,/assets/css/dark-theme-overrides.css,/assets/css/dark-theme-overrides.css,assets/css/dark-theme-overrides.css,ok
gear.html,a,href,/index.html,/index.html,index.html,ok
gear.html,a,href,/index.html,/index.html,index.html,ok
gear.html,a,href,/portfolio.html,/portfolio.html,portfolio.html,ok
gear.html,a,href,/films/martial-arts-documentary.html,/films/martial-arts-documentary.html,films/martial-arts-documentary.html,ok
gear.html,a,href,/blog.html,/blog.html,blog.html,ok
gear.html,a,href,/gear.html,/gear.html,gear.html,ok
gear.html,a,href,/daily-essential-travel-gear.html,/daily-essential-travel-gear.html,daily-essential-travel-gear.html,ok
gear.html,a,href,/destinations.html,/destinations.html,destinations.html,ok
gear.html,a,href,/about.html,/about.html,about.html,ok
gear.html,a,href,/donate.html,/donate.html,donate.html,ok
gear.html,a,href,/index.html,/index.html,index.html,ok
gear.html,a,href,/portfolio.html,/portfolio.html,portfolio.html,ok
gear.html,a,href,/films/martial-arts-documentary.html,/films/martial-arts-documentary.html,films/martial-arts-documentary.html,ok
gear.html,a,href,/blog.html,/blog.html,blog.html,ok
gear.html,a,href,/gear.html,/gear.html,gear.html,ok
gear.html,a,href,/daily-essential-travel-gear.html,/daily-essential-travel-gear.html,daily-essential-travel-gear.html,ok
gear.html,a,href,/destinations.html,/destinations.html,destinations.html,ok
gear.html,a,href,/about.html,/about.html,about.html,ok
gear.html,a,href,/donate.html,/donate.html,donate.html,ok
gear.html,a,href,/daily-essential-travel-gear.html,/daily-essential-travel-gear.html,daily-essential-travel-gear.html,ok
gear.html,a,href,soundmarket.html,/soundmarket.html,soundmarket.html,ok
gear.html,a,href,macbook-pro-m4-max-review.html,/macbook-pro-m4-max-review.html,macbook-pro-m4-max-review.html,ok
gear.html,a,href,sony-fx30-setup-guide.html,/sony-fx30-setup-guide.html,sony-fx30-setup-guide.html,ok
gear.html,img,src,somnipods-sleeping-close.jpg,/somnipods-sleeping-close.jpg,somnipods-sleeping-close.jpg,ok
gear.html,a,href,somnipods-3-review.html,/somnipods-3-review.html,somnipods-3-review.html,ok
gear.html,a,href,tolifo-100w-rgb-light-review.html,/tolifo-100w-rgb-light-review.html,tolifo-100w-rgb-light-review.html,ok
gear.html,a,href,aiarty-image-enhancer-review.html,/aiarty-image-enhancer-review.html,aiarty-image-enhancer-review.html,ok
gear.html,a,href,aiarty-video-enhancer-review.html,/aiarty-video-enhancer-review.html,aiarty-video-enhancer-review.html,ok
gear.html,a,href,beginners-guide-davinci-resolve-2025.html,/beginners-guide-davinci-resolve-2025.html,beginners-guide-davinci-resolve-2025.html,ok
gear.html,img,src,/djimavic3.jpg,/djimavic3.jpg,djimavic3.jpg,ok
gear.html,a,href,DJI-Flip-review.html,/DJI-Flip-review.html,DJI-Flip-review.html,ok
gear.html,img,src,/busking.jpg,/busking.jpg,busking.jpg,ok
gear.html,a,href,bose-s1pro-plus-vs-everse8-the-best-portable-speaker.html,/bose-s1pro-plus-vs-everse8-the-best-portable-speaker.html,bose-s1pro-plus-vs-everse8-the-best-portable-speaker.html,ok
gear.html,img,src,/mini3pro.jpg,/mini3pro.jpg,mini3pro.jpg,ok
gear.html,a,href,dji-mini-3-pro-review.html,/dji-mini-3-pro-review.html,dji-mini-3-pro-review.html,ok
gear.html,img,src,/a7cii.jpg,/a7cii.jpg,a7cii.jpg,ok
gear.html,a,href,sony-a7cii-review.html,/sony-a7cii-review.html,sony-a7cii-review.html,ok
gear.html,img,src,/sonya7siii.jpg,/sonya7siii.jpg,sonya7siii.jpg,ok
gear.html,a,href,tech-review-sony-a7siii.html,/tech-review-sony-a7siii.html,tech-review-sony-a7siii.html,ok
gear.html,img,src,/weebill2.jpg,/weebill2.jpg,weebill2.jpg,ok
gear.html,a,href,tech-review-zhiyun-weebill2.html,/tech-review-zhiyun-weebill2.html,tech-review-zhiyun-weebill2.html,ok
gear.html,a,href,/about.html,/about.html,about.html,ok
gear.html,a,href,/contact.html,/contact.html,contact.html,ok
gear.html,a,href,/blog.html,/blog.html,blog.html,ok
gear.html,a,href,/gear.html,/gear.html,gear.html,ok
gear.html,a,href,/daily-essential-travel-gear.html,/daily-essential-travel-gear.html,daily-essential-travel-gear.html,ok
gear.html,a,href,/destinations.html,/destinations.html,destinations.html,ok
gear.html,a,href,/contact.html,/contact.html,contact.html,ok
gear.html,a,href,/privacy-policy.html,/privacy-policy.html,privacy-policy.html,ok
gear.html,a,href,/affiliate-disclosure.html,/affiliate-disclosure.html,affiliate-disclosure.html,ok
gear.html,a,href,/terms-and-conditions.html,/terms-and-conditions.html,terms-and-conditions.html,ok
gear.html,script,src,/assets/js/site.js,/assets/js/site.js,assets/js/site.js,ok
getyourwisecard.html,meta,content,https://www.carltravels.com/wise.jpg,/wise.jpg,wise.jpg,ok
getyourwisecard.html,meta,content,https://www.carltravels.com/getyourwisecard.html,/getyourwisecard.html,getyourwisecard.html,ok
getyourwisecard.html,meta,content,https://www.carltravels.com/wise.jpg,/wise.jpg,wise.jpg,ok
getyourwisecard.html,link,href,/assets/css/styles.css,/assets/css/styles.css,assets/css/styles.css,ok
getyourwisecard.html,link,href,https://www.carltravels.com/getyourwisecard.html,/getyourwisecard.html,getyourwisecard.html,ok
getyourwisecard.html,link,href,/assets/css/dark-theme-overrides.css,/assets/css/dark-theme-overrides.css,assets/css/dark-theme-overrides.css,ok
getyourwisecard.html,a,href,/index.html,/index.html,index.html,ok
getyourwisecard.html,a,href,/index.html,/index.html,index.html,ok
getyourwisecard.html,a,href,/portfolio.html,/portfolio.html,portfolio.html,ok
getyourwisecard.html,a,href,/films/martial-arts-documentary.html,/films/martial-arts-documentary.html,films/martial-arts-documentary.html,ok
getyourwisecard.html,a,href,/blog.html,/blog.html,blog.html,ok
getyourwisecard.html,a,href,/gear.html,/gear.html,gear.html,ok
getyourwisecard.html,a,href,/destinations.html,/destinations.html,destinations.html,ok
getyourwisecard.html,a,href,/about.html,/about.html,about.html,ok
getyourwisecard.html,a,href,/donate.html,/donate.html,donate.html,ok
getyourwisecard.html,a,href,/index.html,/index.html,index.html,ok
getyourwisecard.html,a,href,/portfolio.html,/portfolio.html,portfolio.html,ok
getyourwisecard.html,a,href,/films/martial-arts-documentary.html,/films/martial-arts-documentary.html,films/martial-arts-documentary.html,ok
getyourwisecard.html,a,href,/blog.html,/blog.html,blog.html,ok
getyourwisecard.html,a,href,/gear.html,/gear.html,gear.html,ok
getyourwisecard.html,a,href,/destinations.html,/destinations.html,destinations.html,ok
getyourwisecard.html,a,href,/about.html,/about.html,about.html,ok
getyourwisecard.html,a,href,/donate.html,/donate.html,donate.html,ok
getyourwisecard.html,img,src,/wise.jpg,/wise.jpg,wise.jpg,ok
getyourwisecard.html,a,href,blog.html,/blog.html,blog.html,ok
getyourwisecard.html,a,href,/about.html,/about.html,about.html,ok
getyourwisecard.html,a,href,/contact.html,/contact.html,contact.html,ok
getyourwisecard.html,a,href,/blog.html,/blog.html,blog.html,ok
getyourwisecard.html,a,href,/gear.html,/gear.html,gear.html,ok
getyourwisecard.html,a,href,/destinations.html,/destinations.html,destinations.html,ok
getyourwisecard.html,a,href,/contact.html,/contact.html,contact.html,ok
getyourwisecard.html,a,href,/privacy-policy.html,/privacy-policy.html,privacy-policy.html,ok
getyourwisecard.html,a,href,/affiliate-disclosure.html,/affiliate-disclosure.html,affiliate-disclosure.html,ok
getyourwisecard.html,a,href,/terms-and-conditions.html,/terms-and-conditions.html,terms-and-conditions.html,ok
getyourwisecard.html,script,src,/assets/js/site.js,/assets/js/site.js,assets/js/site.js,ok
grand-world-hanoi-guide.html,meta,content,https://www.carltravels.com/assets/images/articles/grand-world-hanoi/still-2.webp,/assets/images/articles/grand-world-hanoi/still-2.webp,assets/images/articles/grand-world-hanoi/still-2.webp,ok
grand-world-hanoi-guide.html,link,href,https://www.carltravels.com/grand-world-hanoi-guide.html,/grand-world-hanoi-guide.html,grand-world-hanoi-guide.html,ok
grand-world-hanoi-guide.html,link,href,/assets/css/dark-theme-overrides.css,/assets/css/dark-theme-overrides.css,assets/css/dark-theme-overrides.css,ok
grand-world-hanoi-guide.html,a,href,/index.html,/index.html,index.html,ok
grand-world-hanoi-guide.html,a,href,/destinations.html,/destinations.html,destinations.html,ok
grand-world-hanoi-guide.html,a,href,/blog.html,/blog.html,blog.html,ok
grand-world-hanoi-guide.html,a,href,/gear.html,/gear.html,gear.html,ok
grand-world-hanoi-guide.html,a,href,/about.html,/about.html,about.html,ok
grand-world-hanoi-guide.html,img,src,/assets/images/articles/grand-world-hanoi/still-1.webp,/assets/images/articles/grand-world-hanoi/still-1.webp,assets/images/articles/grand-world-hanoi/still-1.webp,ok
grand-world-hanoi-guide.html,img,src,/assets/images/articles/grand-world-hanoi/still-2.webp,/assets/images/articles/grand-world-hanoi/still-2.webp,assets/images/articles/grand-world-hanoi/still-2.webp,ok
grand-world-hanoi-guide.html,img,src,/assets/images/articles/grand-world-hanoi/still-3.webp,/assets/images/articles/grand-world-hanoi/still-3.webp,assets/images/articles/grand-world-hanoi/still-3.webp,ok
grand-world-hanoi-guide.html,a,href,hanoitravelguide.html,/hanoitravelguide.html,hanoitravelguide.html,ok
grand-world-hanoi-guide.html,a,href,ninhbinhtravelguide.html,/ninhbinhtravelguide.html,ninhbinhtravelguide.html,ok
grand-world-hanoi-guide.html,a,href,vietnam-e-visa-2026-guide.html,/vietnam-e-visa-2026-guide.html,vietnam-e-visa-2026-guide.html,ok
grand-world-hanoi-guide.html,a,href,/contact.html,/contact.html,contact.html,ok
grand-world-hanoi-guide.html,a,href,/affiliate-disclosure.html,/affiliate-disclosure.html,affiliate-disclosure.html,ok
guide-to-sarande.html,link,href,https://www.carltravels.com/guide-to-sarande.html,/guide-to-sarande.html,guide-to-sarande.html,ok
guide-to-sarande.html,meta,content,https://www.carltravels.com/guide-to-sarande.html,/guide-to-sarande.html,guide-to-sarande.html,ok
guide-to-sarande.html,link,href,/assets/css/dark-theme-overrides.css,/assets/css/dark-theme-overrides.css,assets/css/dark-theme-overrides.css,ok
guide-to-sarande.html,a,href,/index.html,/index.html,index.html,ok
guide-to-sarande.html,a,href,/index.html,/index.html,index.html,ok
guide-to-sarande.html,a,href,/portfolio.html,/portfolio.html,portfolio.html,ok
guide-to-sarande.html,a,href,/films/martial-arts-documentary.html,/films/martial-arts-documentary.html,films/martial-arts-documentary.html,ok
guide-to-sarande.html,a,href,/blog.html,/blog.html,blog.html,ok
guide-to-sarande.html,a,href,/gear.html,/gear.html,gear.html,ok
guide-to-sarande.html,a,href,/destinations.html,/destinations.html,destinations.html,ok
guide-to-sarande.html,a,href,/about.html,/about.html,about.html,ok
guide-to-sarande.html,a,href,/donate.html,/donate.html,donate.html,ok
guide-to-sarande.html,a,href,/index.html,/index.html,index.html,ok
guide-to-sarande.html,a,href,/portfolio.html,/portfolio.html,portfolio.html,ok
guide-to-sarande.html,a,href,/films/martial-arts-documentary.html,/films/martial-arts-documentary.html,films/martial-arts-documentary.html,ok
guide-to-sarande.html,a,href,/blog.html,/blog.html,blog.html,ok
guide-to-sarande.html,a,href,/gear.html,/gear.html,gear.html,ok
guide-to-sarande.html,a,href,/destinations.html,/destinations.html,destinations.html,ok
guide-to-sarande.html,a,href,/about.html,/about.html,about.html,ok
guide-to-sarande.html,a,href,/donate.html,/donate.html,donate.html,ok
guide-to-sarande.html,a,href,/how-to-get-to-sarande-from-athens-by-bus.html,/how-to-get-to-sarande-from-athens-by-bus.html,how-to-get-to-sarande-from-athens-by-bus.html,ok
guide-to-sarande.html,a,href,/contact.html,/contact.html,contact.html,ok
guide-to-sarande.html,a,href,/affiliate-disclosure.html,/affiliate-disclosure.html,affiliate-disclosure.html,ok
ha-long-bay-travel-guide/index.html,meta,content,https://www.carltravels.com/ha-long-bay-travel-guide/,/ha-long-bay-travel-guide/,ha-long-bay-travel-guide/index.html,ok
ha-long-bay-travel-guide/index.html,link,href,https://www.carltravels.com/ha-long-bay-travel-guide/,/ha-long-bay-travel-guide/,ha-long-bay-travel-guide/index.html,ok
ha-long-bay-travel-guide/index.html,link,href,/assets/css/dark-theme-overrides.css,/assets/css/dark-theme-overrides.css,assets/css/dark-theme-overrides.css,ok
ha-long-bay-travel-guide/index.html,a,href,/index.html,/index.html,index.html,ok
ha-long-bay-travel-guide/index.html,a,href,/index.html,/index.html,index.html,ok
ha-long-bay-travel-guide/index.html,a,href,/portfolio.html,/portfolio.html,portfolio.html,ok
ha-long-bay-travel-guide/index.html,a,href,/films/martial-arts-documentary.html,/films/martial-arts-documentary.html,films/martial-arts-documentary.html,ok
ha-long-bay-travel-guide/index.html,a,href,/blog.html,/blog.html,blog.html,ok
ha-long-bay-travel-guide/index.html,a,href,/gear.html,/gear.html,gear.html,ok
ha-long-bay-travel-guide/index.html,a,href,/destinations.html,/destinations.html,destinations.html,ok
ha-long-bay-travel-guide/index.html,a,href,/about.html,/about.html,about.html,ok
ha-long-bay-travel-guide/index.html,a,href,/donate.html,/donate.html,donate.html,ok
ha-long-bay-travel-guide/index.html,a,href,/index.html,/index.html,index.html,ok
ha-long-bay-travel-guide/index.html,a,href,/portfolio.html,/portfolio.html,portfolio.html,ok
ha-long-bay-travel-guide/index.html,a,href,/films/martial-arts-documentary.html,/films/martial-arts-documentary.html,films/martial-arts-documentary.html,ok
ha-long-bay-travel-guide/index.html,a,href,/blog.html,/blog.html,blog.html,ok
ha-long-bay-travel-guide/index.html,a,href,/gear.html,/gear.html,gear.html,ok
ha-long-bay-travel-guide/index.html,a,href,/destinations.html,/destinations.html,destinations.html,ok
ha-long-bay-travel-guide/index.html,a,href,/about.html,/about.html,about.html,ok
ha-long-bay-travel-guide/index.html,a,href,/donate.html,/donate.html,donate.html,ok
ha-long-bay-travel-guide/index.html,a,href,../hanoitravelguide.html,/hanoitravelguide.html,hanoitravelguide.html,ok
ha-long-bay-travel-guide/index.html,a,href,../ninhbinhtravelguide.html,/ninhbinhtravelguide.html,ninhbinhtravelguide.html,ok
ha-long-bay-travel-guide/index.html,a,href,../top-10-things-to-do-in-hanoi.html,/top-10-things-to-do-in-hanoi.html,top-10-things-to-do-in-hanoi.html,ok
ha-long-bay-travel-guide/index.html,a,href,/about.html,/about.html,about.html,ok
ha-long-bay-travel-guide/index.html,a,href,/contact.html,/contact.html,contact.html,ok
ha-long-bay-travel-guide/index.html,a,href,/blog.html,/blog.html,blog.html,ok
ha-long-bay-travel-guide/index.html,a,href,/gear.html,/gear.html,gear.html,ok
ha-long-bay-travel-guide/index.html,a,href,/destinations.html,/destinations.html,destinations.html,ok
ha-long-bay-travel-guide/index.html,a,href,/contact.html,/contact.html,contact.html,ok
ha-long-bay-travel-guide/index.html,a,href,/privacy-policy.html,/privacy-policy.html,privacy-policy.html,ok
ha-long-bay-travel-guide/index.html,a,href,/affiliate-disclosure.html,/affiliate-disclosure.html,affiliate-disclosure.html,ok
ha-long-bay-travel-guide/index.html,a,href,/terms-and-conditions.html,/terms-and-conditions.html,terms-and-conditions.html,ok
hanoi-by-night.html,meta,content,https://www.carltravels.com/hanoi-by-night.html,/hanoi-by-night.html,hanoi-by-night.html,ok
hanoi-by-night.html,link,href,https://www.carltravels.com/hanoi-by-night.html,/hanoi-by-night.html,hanoi-by-night.html,ok
hanoi-by-night.html,link,href,/assets/css/dark-theme-overrides.css,/assets/css/dark-theme-overrides.css,assets/css/dark-theme-overrides.css,ok
hanoi-by-night.html,a,href,/index.html,/index.html,index.html,ok
hanoi-by-night.html,a,href,/index.html,/index.html,index.html,ok
hanoi-by-night.html,a,href,/portfolio.html,/portfolio.html,portfolio.html,ok
hanoi-by-night.html,a,href,/films/martial-arts-documentary.html,/films/martial-arts-documentary.html,films/martial-arts-documentary.html,ok
hanoi-by-night.html,a,href,/blog.html,/blog.html,blog.html,ok
hanoi-by-night.html,a,href,/gear.html,/gear.html,gear.html,ok
hanoi-by-night.html,a,href,/destinations.html,/destinations.html,destinations.html,ok
hanoi-by-night.html,a,href,/about.html,/about.html,about.html,ok
hanoi-by-night.html,a,href,/donate.html,/donate.html,donate.html,ok
hanoi-by-night.html,a,href,/index.html,/index.html,index.html,ok
hanoi-by-night.html,a,href,/portfolio.html,/portfolio.html,portfolio.html,ok
hanoi-by-night.html,a,href,/films/martial-arts-documentary.html,/films/martial-arts-documentary.html,films/martial-arts-documentary.html,ok
hanoi-by-night.html,a,href,/blog.html,/blog.html,blog.html,ok
hanoi-by-night.html,a,href,/gear.html,/gear.html,gear.html,ok
hanoi-by-night.html,a,href,/destinations.html,/destinations.html,destinations.html,ok
hanoi-by-night.html,a,href,/about.html,/about.html,about.html,ok
hanoi-by-night.html,a,href,/donate.html,/donate.html,donate.html,ok
hanoi-by-night.html,a,href,top-10-things-to-do-in-hanoi.html,/top-10-things-to-do-in-hanoi.html,top-10-things-to-do-in-hanoi.html,ok
hanoi-by-night.html,a,href,https://www.carltravels.com,/,index.html,ok
hanoi-by-night.html,a,href,/about.html,/about.html,about.html,ok
hanoi-by-night.html,a,href,/contact.html,/contact.html,contact.html,ok
hanoi-by-night.html,a,href,/blog.html,/blog.html,blog.html,ok
hanoi-by-night.html,a,href,/gear.html,/gear.html,gear.html,ok
hanoi-by-night.html,a,href,/destinations.html,/destinations.html,destinations.html,ok
hanoi-by-night.html,a,href,/contact.html,/contact.html,contact.html,ok
hanoi-by-night.html,a,href,/privacy-policy.html,/privacy-policy.html,privacy-policy.html,ok
hanoi-by-night.html,a,href,/affiliate-disclosure.html,/affiliate-disclosure.html,affiliate-disclosure.html,ok
hanoi-by-night.html,a,href,/terms-and-conditions.html,/terms-and-conditions.html,terms-and-conditions.html,ok
hanoi-heatwave-best-pools-tay-ho-quang-an/index.html,link,href,https://www.carltravels.com/hanoi-heatwave-best-pools-tay-ho-quang-an/,/hanoi-heatwave-best-pools-tay-ho-quang-an/,hanoi-heatwave-best-pools-tay-ho-quang-an/index.html,ok
hanoi-heatwave-best-pools-tay-ho-quang-an/index.html,meta,content,https://www.carltravels.com/hanoi-heatwave-best-pools-tay-ho-quang-an/,/hanoi-heatwave-best-pools-tay-ho-quang-an/,hanoi-heatwave-best-pools-tay-ho-quang-an/index.html,ok
hanoi-heatwave-best-pools-tay-ho-quang-an/index.html,link,href,/assets/css/styles.css,/assets/css/styles.css,assets/css/styles.css,ok
hanoi-heatwave-best-pools-tay-ho-quang-an/index.html,link,href,/assets/css/dark-theme-overrides.css,/assets/css/dark-theme-overrides.css,assets/css/dark-theme-overrides.css,ok
hanoi-heatwave-best-pools-tay-ho-quang-an/index.html,a,href,/index.html,/index.html,index.html,ok
hanoi-heatwave-best-pools-tay-ho-quang-an/index.html,a,href,/index.html,/index.html,index.html,ok
hanoi-heatwave-best-pools-tay-ho-quang-an/index.html,a,href,/portfolio.html,/portfolio.html,portfolio.html,ok
hanoi-heatwave-best-pools-tay-ho-quang-an/index.html,a,href,/films/martial-arts-documentary.html,/films/martial-arts-documentary.html,films/martial-arts-documentary.html,ok
hanoi-heatwave-best-pools-tay-ho-quang-an/index.html,a,href,/blog.html,/blog.html,blog.html,ok
hanoi-heatwave-best-pools-tay-ho-quang-an/index.html,a,href,/gear.html,/gear.html,gear.html,ok
hanoi-heatwave-best-pools-tay-ho-quang-an/index.html,a,href,/destinations.html,/destinations.html,destinations.html,ok
hanoi-heatwave-best-pools-tay-ho-quang-an/index.html,a,href,/about.html,/about.html,about.html,ok
hanoi-heatwave-best-pools-tay-ho-quang-an/index.html,a,href,/donate.html,/donate.html,donate.html,ok
hanoi-heatwave-best-pools-tay-ho-quang-an/index.html,a,href,/index.html,/index.html,index.html,ok
hanoi-heatwave-best-pools-tay-ho-quang-an/index.html,a,href,/portfolio.html,/portfolio.html,portfolio.html,ok
hanoi-heatwave-best-pools-tay-ho-quang-an/index.html,a,href,/films/martial-arts-documentary.html,/films/martial-arts-documentary.html,films/martial-arts-documentary.html,ok
hanoi-heatwave-best-pools-tay-ho-quang-an/index.html,a,href,/blog.html,/blog.html,blog.html,ok
hanoi-heatwave-best-pools-tay-ho-quang-an/index.html,a,href,/gear.html,/gear.html,gear.html,ok
hanoi-heatwave-best-pools-tay-ho-quang-an/index.html,a,href,/destinations.html,/destinations.html,destinations.html,ok
hanoi-heatwave-best-pools-tay-ho-quang-an/index.html,a,href,/about.html,/about.html,about.html,ok
hanoi-heatwave-best-pools-tay-ho-quang-an/index.html,a,href,/donate.html,/donate.html,donate.html,ok
hanoi-heatwave-best-pools-tay-ho-quang-an/index.html,a,href,/pros-and-cons-and-cost-of-living-in-hanoi.html,/pros-and-cons-and-cost-of-living-in-hanoi.html,pros-and-cons-and-cost-of-living-in-hanoi.html,ok
hanoi-heatwave-best-pools-tay-ho-quang-an/index.html,a,href,/best-cafes-in-tay-ho-for-digital-nomads.html,/best-cafes-in-tay-ho-for-digital-nomads.html,best-cafes-in-tay-ho-for-digital-nomads.html,ok
hanoi-heatwave-best-pools-tay-ho-quang-an/index.html,a,href,/hanoitravelguide.html,/hanoitravelguide.html,hanoitravelguide.html,ok
hanoi-heatwave-best-pools-tay-ho-quang-an/index.html,a,href,/films/martial-arts-documentary.html,/films/martial-arts-documentary.html,films/martial-arts-documentary.html,ok
hanoi-heatwave-best-pools-tay-ho-quang-an/index.html,a,href,/about.html,/about.html,about.html,ok
hanoi-heatwave-best-pools-tay-ho-quang-an/index.html,a,href,/contact.html,/contact.html,contact.html,ok
hanoi-heatwave-best-pools-tay-ho-quang-an/index.html,a,href,/blog.html,/blog.html,blog.html,ok
hanoi-heatwave-best-pools-tay-ho-quang-an/index.html,a,href,/gear.html,/gear.html,gear.html,ok
hanoi-heatwave-best-pools-tay-ho-quang-an/index.html,a,href,/destinations.html,/destinations.html,destinations.html,ok
hanoi-heatwave-best-pools-tay-ho-quang-an/index.html,a,href,/contact.html,/contact.html,contact.html,ok
hanoi-heatwave-best-pools-tay-ho-quang-an/index.html,a,href,/privacy-policy.html,/privacy-policy.html,privacy-policy.html,ok
hanoi-heatwave-best-pools-tay-ho-quang-an/index.html,a,href,/affiliate-disclosure.html,/affiliate-disclosure.html,affiliate-disclosure.html,ok
hanoi-heatwave-best-pools-tay-ho-quang-an/index.html,a,href,/terms-and-conditions.html,/terms-and-conditions.html,terms-and-conditions.html,ok
hanoi-heatwave-best-pools-tay-ho-quang-an/index.html,script,src,/assets/js/site.js,/assets/js/site.js,assets/js/site.js,ok
hanoitravelguide.html,meta,content,https://www.carltravels.com/hanoilogo.jpg,/hanoilogo.jpg,hanoilogo.jpg,ok
hanoitravelguide.html,meta,content,https://www.carltravels.com/hanoitravelguide.html,/hanoitravelguide.html,hanoitravelguide.html,ok
hanoitravelguide.html,meta,content,https://www.carltravels.com/hanoilogo.jpg,/hanoilogo.jpg,hanoilogo.jpg,ok
hanoitravelguide.html,link,href,/assets/css/styles.css,/assets/css/styles.css,assets/css/styles.css,ok
hanoitravelguide.html,link,href,https://www.carltravels.com/hanoitravelguide.html,/hanoitravelguide.html,hanoitravelguide.html,ok
hanoitravelguide.html,link,href,/assets/css/dark-theme-overrides.css,/assets/css/dark-theme-overrides.css,assets/css/dark-theme-overrides.css,ok
hanoitravelguide.html,a,href,/index.html,/index.html,index.html,ok
hanoitravelguide.html,a,href,/index.html,/index.html,index.html,ok
hanoitravelguide.html,a,href,/portfolio.html,/portfolio.html,portfolio.html,ok
hanoitravelguide.html,a,href,/films/martial-arts-documentary.html,/films/martial-arts-documentary.html,films/martial-arts-documentary.html,ok
hanoitravelguide.html,a,href,/blog.html,/blog.html,blog.html,ok
hanoitravelguide.html,a,href,/gear.html,/gear.html,gear.html,ok
hanoitravelguide.html,a,href,/destinations.html,/destinations.html,destinations.html,ok
hanoitravelguide.html,a,href,/about.html,/about.html,about.html,ok
hanoitravelguide.html,a,href,/donate.html,/donate.html,donate.html,ok
hanoitravelguide.html,a,href,/index.html,/index.html,index.html,ok
hanoitravelguide.html,a,href,/portfolio.html,/portfolio.html,portfolio.html,ok
hanoitravelguide.html,a,href,/films/martial-arts-documentary.html,/films/martial-arts-documentary.html,films/martial-arts-documentary.html,ok
hanoitravelguide.html,a,href,/blog.html,/blog.html,blog.html,ok
hanoitravelguide.html,a,href,/gear.html,/gear.html,gear.html,ok
hanoitravelguide.html,a,href,/destinations.html,/destinations.html,destinations.html,ok
hanoitravelguide.html,a,href,/about.html,/about.html,about.html,ok
hanoitravelguide.html,a,href,/donate.html,/donate.html,donate.html,ok
hanoitravelguide.html,a,href,videos/hanoi-train-street-thrills.html,/videos/hanoi-train-street-thrills.html,videos/hanoi-train-street-thrills.html,ok
hanoitravelguide.html,a,href,videos/hanoi-ha-long-bay-adventure.html,/videos/hanoi-ha-long-bay-adventure.html,videos/hanoi-ha-long-bay-adventure.html,ok
hanoitravelguide.html,a,href,videos/hanoi-old-quarter-vibes.html,/videos/hanoi-old-quarter-vibes.html,videos/hanoi-old-quarter-vibes.html,ok
hanoitravelguide.html,a,href,videos/index.html,/videos/index.html,videos/index.html,ok
hanoitravelguide.html,a,href,videos/hanoi-learn-vietnamese-testimonial.html,/videos/hanoi-learn-vietnamese-testimonial.html,videos/hanoi-learn-vietnamese-testimonial.html,ok
hanoitravelguide.html,a,href,destinations.html,/destinations.html,destinations.html,ok
hanoitravelguide.html,a,href,/about.html,/about.html,about.html,ok
hanoitravelguide.html,a,href,/contact.html,/contact.html,contact.html,ok
hanoitravelguide.html,a,href,/blog.html,/blog.html,blog.html,ok
hanoitravelguide.html,a,href,/gear.html,/gear.html,gear.html,ok
hanoitravelguide.html,a,href,/destinations.html,/destinations.html,destinations.html,ok
hanoitravelguide.html,a,href,/contact.html,/contact.html,contact.html,ok
hanoitravelguide.html,a,href,/privacy-policy.html,/privacy-policy.html,privacy-policy.html,ok
hanoitravelguide.html,a,href,/affiliate-disclosure.html,/affiliate-disclosure.html,affiliate-disclosure.html,ok
hanoitravelguide.html,a,href,/terms-and-conditions.html,/terms-and-conditions.html,terms-and-conditions.html,ok
hanoitravelguide.html,script,src,/assets/js/site.js,/assets/js/site.js,assets/js/site.js,ok
hiroshima-travel-guide.html,meta,content,https://www.carltravels.com/hiroshima-travel-guide.html,/hiroshima-travel-guide.html,hiroshima-travel-guide.html,ok
hiroshima-travel-guide.html,link,href,/assets/css/styles.css,/assets/css/styles.css,assets/css/styles.css,ok
hiroshima-travel-guide.html,link,href,https://www.carltravels.com/hiroshima-travel-guide.html,/hiroshima-travel-guide.html,hiroshima-travel-guide.html,ok
hiroshima-travel-guide.html,link,href,/assets/css/dark-theme-overrides.css,/assets/css/dark-theme-overrides.css,assets/css/dark-theme-overrides.css,ok
hiroshima-travel-guide.html,a,href,/index.html,/index.html,index.html,ok
hiroshima-travel-guide.html,a,href,/index.html,/index.html,index.html,ok
hiroshima-travel-guide.html,a,href,/portfolio.html,/portfolio.html,portfolio.html,ok
hiroshima-travel-guide.html,a,href,/films/martial-arts-documentary.html,/films/martial-arts-documentary.html,films/martial-arts-documentary.html,ok
hiroshima-travel-guide.html,a,href,/blog.html,/blog.html,blog.html,ok
hiroshima-travel-guide.html,a,href,/gear.html,/gear.html,gear.html,ok
hiroshima-travel-guide.html,a,href,/destinations.html,/destinations.html,destinations.html,ok
hiroshima-travel-guide.html,a,href,/about.html,/about.html,about.html,ok
hiroshima-travel-guide.html,a,href,/donate.html,/donate.html,donate.html,ok
hiroshima-travel-guide.html,a,href,/index.html,/index.html,index.html,ok
hiroshima-travel-guide.html,a,href,/portfolio.html,/portfolio.html,portfolio.html,ok
hiroshima-travel-guide.html,a,href,/films/martial-arts-documentary.html,/films/martial-arts-documentary.html,films/martial-arts-documentary.html,ok
hiroshima-travel-guide.html,a,href,/blog.html,/blog.html,blog.html,ok
hiroshima-travel-guide.html,a,href,/gear.html,/gear.html,gear.html,ok
hiroshima-travel-guide.html,a,href,/destinations.html,/destinations.html,destinations.html,ok
hiroshima-travel-guide.html,a,href,/about.html,/about.html,about.html,ok
hiroshima-travel-guide.html,a,href,/donate.html,/donate.html,donate.html,ok
hiroshima-travel-guide.html,a,href,index.html#contact,/index.html,index.html,ok
hiroshima-travel-guide.html,a,href,/about.html,/about.html,about.html,ok
hiroshima-travel-guide.html,a,href,/contact.html,/contact.html,contact.html,ok
hiroshima-travel-guide.html,a,href,/blog.html,/blog.html,blog.html,ok
hiroshima-travel-guide.html,a,href,/gear.html,/gear.html,gear.html,ok
hiroshima-travel-guide.html,a,href,/destinations.html,/destinations.html,destinations.html,ok
hiroshima-travel-guide.html,a,href,/contact.html,/contact.html,contact.html,ok
hiroshima-travel-guide.html,a,href,/privacy-policy.html,/privacy-policy.html,privacy-policy.html,ok
hiroshima-travel-guide.html,a,href,/affiliate-disclosure.html,/affiliate-disclosure.html,affiliate-disclosure.html,ok
hiroshima-travel-guide.html,a,href,/terms-and-conditions.html,/terms-and-conditions.html,terms-and-conditions.html,ok
hiroshima-travel-guide.html,script,src,/assets/js/site.js,/assets/js/site.js,assets/js/site.js,ok
hon-chong-rocks-nha-trang.html,meta,content,https://www.carltravels.com/hon-chong-rocks-nha-trang.html,/hon-chong-rocks-nha-trang.html,hon-chong-rocks-nha-trang.html,ok
hon-chong-rocks-nha-trang.html,link,href,/assets/css/styles.css,/assets/css/styles.css,assets/css/styles.css,ok
hon-chong-rocks-nha-trang.html,link,href,https://www.carltravels.com/hon-chong-rocks-nha-trang.html,/hon-chong-rocks-nha-trang.html,hon-chong-rocks-nha-trang.html,ok
hon-chong-rocks-nha-trang.html,link,href,/assets/css/dark-theme-overrides.css,/assets/css/dark-theme-overrides.css,assets/css/dark-theme-overrides.css,ok
hon-chong-rocks-nha-trang.html,a,href,/index.html,/index.html,index.html,ok
hon-chong-rocks-nha-trang.html,a,href,/index.html,/index.html,index.html,ok
hon-chong-rocks-nha-trang.html,a,href,/portfolio.html,/portfolio.html,portfolio.html,ok
hon-chong-rocks-nha-trang.html,a,href,/films/martial-arts-documentary.html,/films/martial-arts-documentary.html,films/martial-arts-documentary.html,ok
hon-chong-rocks-nha-trang.html,a,href,/blog.html,/blog.html,blog.html,ok
hon-chong-rocks-nha-trang.html,a,href,/gear.html,/gear.html,gear.html,ok
hon-chong-rocks-nha-trang.html,a,href,/destinations.html,/destinations.html,destinations.html,ok
hon-chong-rocks-nha-trang.html,a,href,/about.html,/about.html,about.html,ok
hon-chong-rocks-nha-trang.html,a,href,/donate.html,/donate.html,donate.html,ok
hon-chong-rocks-nha-trang.html,a,href,/index.html,/index.html,index.html,ok
hon-chong-rocks-nha-trang.html,a,href,/portfolio.html,/portfolio.html,portfolio.html,ok
hon-chong-rocks-nha-trang.html,a,href,/films/martial-arts-documentary.html,/films/martial-arts-documentary.html,films/martial-arts-documentary.html,ok
hon-chong-rocks-nha-trang.html,a,href,/blog.html,/blog.html,blog.html,ok
hon-chong-rocks-nha-trang.html,a,href,/gear.html,/gear.html,gear.html,ok
hon-chong-rocks-nha-trang.html,a,href,/destinations.html,/destinations.html,destinations.html,ok
hon-chong-rocks-nha-trang.html,a,href,/about.html,/about.html,about.html,ok
hon-chong-rocks-nha-trang.html,a,href,/donate.html,/donate.html,donate.html,ok
hon-chong-rocks-nha-trang.html,a,href,/about.html,/about.html,about.html,ok
hon-chong-rocks-nha-trang.html,a,href,/contact.html,/contact.html,contact.html,ok
hon-chong-rocks-nha-trang.html,a,href,/blog.html,/blog.html,blog.html,ok
hon-chong-rocks-nha-trang.html,a,href,/gear.html,/gear.html,gear.html,ok
hon-chong-rocks-nha-trang.html,a,href,/destinations.html,/destinations.html,destinations.html,ok
hon-chong-rocks-nha-trang.html,a,href,/contact.html,/contact.html,contact.html,ok
hon-chong-rocks-nha-trang.html,a,href,/privacy-policy.html,/privacy-policy.html,privacy-policy.html,ok
hon-chong-rocks-nha-trang.html,a,href,/affiliate-disclosure.html,/affiliate-disclosure.html,affiliate-disclosure.html,ok
hon-chong-rocks-nha-trang.html,a,href,/terms-and-conditions.html,/terms-and-conditions.html,terms-and-conditions.html,ok
hon-chong-rocks-nha-trang.html,script,src,/assets/js/site.js,/assets/js/site.js,assets/js/site.js,ok
how-to-get-croatian-citizenship-by-descent.html,meta,content,https://www.carltravels.com/korculalogo.jpg,/korculalogo.jpg,korculalogo.jpg,ok
how-to-get-croatian-citizenship-by-descent.html,meta,content,https://www.carltravels.com/croatiacitizenship.jpg,/croatiacitizenship.jpg,croatiacitizenship.jpg,ok
how-to-get-croatian-citizenship-by-descent.html,meta,content,https://www.carltravels.com/korculalogo.jpg,/korculalogo.jpg,korculalogo.jpg,ok
how-to-get-croatian-citizenship-by-descent.html,link,href,/assets/css/styles.css,/assets/css/styles.css,assets/css/styles.css,ok
how-to-get-croatian-citizenship-by-descent.html,link,href,https://www.carltravels.com/how-to-get-croatian-citizenship-by-descent.html,/how-to-get-croatian-citizenship-by-descent.html,how-to-get-croatian-citizenship-by-descent.html,ok
how-to-get-croatian-citizenship-by-descent.html,link,href,/assets/css/dark-theme-overrides.css,/assets/css/dark-theme-overrides.css,assets/css/dark-theme-overrides.css,ok
how-to-get-croatian-citizenship-by-descent.html,a,href,/index.html,/index.html,index.html,ok
how-to-get-croatian-citizenship-by-descent.html,a,href,/index.html,/index.html,index.html,ok
how-to-get-croatian-citizenship-by-descent.html,a,href,/portfolio.html,/portfolio.html,portfolio.html,ok
how-to-get-croatian-citizenship-by-descent.html,a,href,/films/martial-arts-documentary.html,/films/martial-arts-documentary.html,films/martial-arts-documentary.html,ok
how-to-get-croatian-citizenship-by-descent.html,a,href,/blog.html,/blog.html,blog.html,ok
how-to-get-croatian-citizenship-by-descent.html,a,href,/gear.html,/gear.html,gear.html,ok
how-to-get-croatian-citizenship-by-descent.html,a,href,/destinations.html,/destinations.html,destinations.html,ok
how-to-get-croatian-citizenship-by-descent.html,a,href,/about.html,/about.html,about.html,ok
how-to-get-croatian-citizenship-by-descent.html,a,href,/donate.html,/donate.html,donate.html,ok
how-to-get-croatian-citizenship-by-descent.html,a,href,/index.html,/index.html,index.html,ok
how-to-get-croatian-citizenship-by-descent.html,a,href,/portfolio.html,/portfolio.html,portfolio.html,ok
how-to-get-croatian-citizenship-by-descent.html,a,href,/films/martial-arts-documentary.html,/films/martial-arts-documentary.html,films/martial-arts-documentary.html,ok
how-to-get-croatian-citizenship-by-descent.html,a,href,/blog.html,/blog.html,blog.html,ok
how-to-get-croatian-citizenship-by-descent.html,a,href,/gear.html,/gear.html,gear.html,ok
how-to-get-croatian-citizenship-by-descent.html,a,href,/destinations.html,/destinations.html,destinations.html,ok
how-to-get-croatian-citizenship-by-descent.html,a,href,/about.html,/about.html,about.html,ok
how-to-get-croatian-citizenship-by-descent.html,a,href,/donate.html,/donate.html,donate.html,ok
how-to-get-croatian-citizenship-by-descent.html,img,src,/korculalogo.jpg,/korculalogo.jpg,korculalogo.jpg,ok
how-to-get-croatian-citizenship-by-descent.html,a,href,korcula.html,/korcula.html,korcula.html,ok
how-to-get-croatian-citizenship-by-descent.html,a,href,/about.html,/about.html,about.html,ok
how-to-get-croatian-citizenship-by-descent.html,a,href,/contact.html,/contact.html,contact.html,ok
how-to-get-croatian-citizenship-by-descent.html,a,href,/blog.html,/blog.html,blog.html,ok
how-to-get-croatian-citizenship-by-descent.html,a,href,/gear.html,/gear.html,gear.html,ok
how-to-get-croatian-citizenship-by-descent.html,a,href,/destinations.html,/destinations.html,destinations.html,ok
how-to-get-croatian-citizenship-by-descent.html,a,href,/contact.html,/contact.html,contact.html,ok
how-to-get-croatian-citizenship-by-descent.html,a,href,/privacy-policy.html,/privacy-policy.html,privacy-policy.html,ok
how-to-get-croatian-citizenship-by-descent.html,a,href,/affiliate-disclosure.html,/affiliate-disclosure.html,affiliate-disclosure.html,ok
how-to-get-croatian-citizenship-by-descent.html,a,href,/terms-and-conditions.html,/terms-and-conditions.html,terms-and-conditions.html,ok
how-to-get-croatian-citizenship-by-descent.html,script,src,/assets/js/site.js,/assets/js/site.js,assets/js/site.js,ok
how-to-get-croatian-citizenship-through-your-grandparent.html,meta,content,https://www.carltravels.com/korculalogo.jpg,/korculalogo.jpg,korculalogo.jpg,ok
how-to-get-croatian-citizenship-through-your-grandparent.html,meta,content,https://www.carltravels.com/how-to-get-croatian-citizenship-through-your-grandparent.html,/how-to-get-croatian-citizenship-through-your-grandparent.html,how-to-get-croatian-citizenship-through-your-grandparent.html,ok
how-to-get-croatian-citizenship-through-your-grandparent.html,meta,content,https://www.carltravels.com/korculalogo.jpg,/korculalogo.jpg,korculalogo.jpg,ok
how-to-get-croatian-citizenship-through-your-grandparent.html,link,href,https://www.carltravels.com/how-to-get-croatian-citizenship-through-your-grandparent.html,/how-to-get-croatian-citizenship-through-your-grandparent.html,how-to-get-croatian-citizenship-through-your-grandparent.html,ok
how-to-get-croatian-citizenship-through-your-grandparent.html,link,href,/assets/css/dark-theme-overrides.css,/assets/css/dark-theme-overrides.css,assets/css/dark-theme-overrides.css,ok
how-to-get-croatian-citizenship-through-your-grandparent.html,a,href,/index.html,/index.html,index.html,ok
how-to-get-croatian-citizenship-through-your-grandparent.html,a,href,/index.html,/index.html,index.html,ok
how-to-get-croatian-citizenship-through-your-grandparent.html,a,href,/portfolio.html,/portfolio.html,portfolio.html,ok
how-to-get-croatian-citizenship-through-your-grandparent.html,a,href,/films/martial-arts-documentary.html,/films/martial-arts-documentary.html,films/martial-arts-documentary.html,ok
how-to-get-croatian-citizenship-through-your-grandparent.html,a,href,/blog.html,/blog.html,blog.html,ok
how-to-get-croatian-citizenship-through-your-grandparent.html,a,href,/gear.html,/gear.html,gear.html,ok
how-to-get-croatian-citizenship-through-your-grandparent.html,a,href,/destinations.html,/destinations.html,destinations.html,ok
how-to-get-croatian-citizenship-through-your-grandparent.html,a,href,/about.html,/about.html,about.html,ok
how-to-get-croatian-citizenship-through-your-grandparent.html,a,href,/donate.html,/donate.html,donate.html,ok
how-to-get-croatian-citizenship-through-your-grandparent.html,a,href,/index.html,/index.html,index.html,ok
how-to-get-croatian-citizenship-through-your-grandparent.html,a,href,/portfolio.html,/portfolio.html,portfolio.html,ok
how-to-get-croatian-citizenship-through-your-grandparent.html,a,href,/films/martial-arts-documentary.html,/films/martial-arts-documentary.html,films/martial-arts-documentary.html,ok
how-to-get-croatian-citizenship-through-your-grandparent.html,a,href,/blog.html,/blog.html,blog.html,ok
how-to-get-croatian-citizenship-through-your-grandparent.html,a,href,/gear.html,/gear.html,gear.html,ok
how-to-get-croatian-citizenship-through-your-grandparent.html,a,href,/destinations.html,/destinations.html,destinations.html,ok
how-to-get-croatian-citizenship-through-your-grandparent.html,a,href,/about.html,/about.html,about.html,ok
how-to-get-croatian-citizenship-through-your-grandparent.html,a,href,/donate.html,/donate.html,donate.html,ok
how-to-get-croatian-citizenship-through-your-grandparent.html,img,src,/grandfather.jpg,/grandfather.jpg,grandfather.jpg,ok
how-to-get-croatian-citizenship-through-your-grandparent.html,a,href,korcula.html,/korcula.html,korcula.html,ok
how-to-get-croatian-citizenship-through-your-grandparent.html,a,href,/about.html,/about.html,about.html,ok
how-to-get-croatian-citizenship-through-your-grandparent.html,a,href,/contact.html,/contact.html,contact.html,ok
how-to-get-croatian-citizenship-through-your-grandparent.html,a,href,/blog.html,/blog.html,blog.html,ok
how-to-get-croatian-citizenship-through-your-grandparent.html,a,href,/gear.html,/gear.html,gear.html,ok
how-to-get-croatian-citizenship-through-your-grandparent.html,a,href,/destinations.html,/destinations.html,destinations.html,ok
how-to-get-croatian-citizenship-through-your-grandparent.html,a,href,/contact.html,/contact.html,contact.html,ok
how-to-get-croatian-citizenship-through-your-grandparent.html,a,href,/privacy-policy.html,/privacy-policy.html,privacy-policy.html,ok
how-to-get-croatian-citizenship-through-your-grandparent.html,a,href,/affiliate-disclosure.html,/affiliate-disclosure.html,affiliate-disclosure.html,ok
how-to-get-croatian-citizenship-through-your-grandparent.html,a,href,/terms-and-conditions.html,/terms-and-conditions.html,terms-and-conditions.html,ok
how-to-get-to-sarande-from-athens-by-bus.html,link,href,https://www.carltravels.com/how-to-get-to-sarande-from-athens-by-bus.html,/how-to-get-to-sarande-from-athens-by-bus.html,how-to-get-to-sarande-from-athens-by-bus.html,ok
how-to-get-to-sarande-from-athens-by-bus.html,meta,content,https://www.carltravels.com/sarandebus.jpg,/sarandebus.jpg,sarandebus.jpg,ok
how-to-get-to-sarande-from-athens-by-bus.html,meta,content,https://www.carltravels.com/how-to-get-to-sarande-from-athens-by-bus.html,/how-to-get-to-sarande-from-athens-by-bus.html,how-to-get-to-sarande-from-athens-by-bus.html,ok
how-to-get-to-sarande-from-athens-by-bus.html,meta,content,https://www.carltravels.com/sarandebus.jpg,/sarandebus.jpg,sarandebus.jpg,ok
how-to-get-to-sarande-from-athens-by-bus.html,link,href,/assets/css/dark-theme-overrides.css,/assets/css/dark-theme-overrides.css,assets/css/dark-theme-overrides.css,ok
how-to-get-to-sarande-from-athens-by-bus.html,a,href,/index.html,/index.html,index.html,ok
how-to-get-to-sarande-from-athens-by-bus.html,a,href,/index.html,/index.html,index.html,ok
how-to-get-to-sarande-from-athens-by-bus.html,a,href,/portfolio.html,/portfolio.html,portfolio.html,ok
how-to-get-to-sarande-from-athens-by-bus.html,a,href,/films/martial-arts-documentary.html,/films/martial-arts-documentary.html,films/martial-arts-documentary.html,ok
how-to-get-to-sarande-from-athens-by-bus.html,a,href,/blog.html,/blog.html,blog.html,ok
how-to-get-to-sarande-from-athens-by-bus.html,a,href,/gear.html,/gear.html,gear.html,ok
how-to-get-to-sarande-from-athens-by-bus.html,a,href,/destinations.html,/destinations.html,destinations.html,ok
how-to-get-to-sarande-from-athens-by-bus.html,a,href,/about.html,/about.html,about.html,ok
how-to-get-to-sarande-from-athens-by-bus.html,a,href,/donate.html,/donate.html,donate.html,ok
how-to-get-to-sarande-from-athens-by-bus.html,a,href,/index.html,/index.html,index.html,ok
how-to-get-to-sarande-from-athens-by-bus.html,a,href,/portfolio.html,/portfolio.html,portfolio.html,ok
how-to-get-to-sarande-from-athens-by-bus.html,a,href,/films/martial-arts-documentary.html,/films/martial-arts-documentary.html,films/martial-arts-documentary.html,ok
how-to-get-to-sarande-from-athens-by-bus.html,a,href,/blog.html,/blog.html,blog.html,ok
how-to-get-to-sarande-from-athens-by-bus.html,a,href,/gear.html,/gear.html,gear.html,ok
how-to-get-to-sarande-from-athens-by-bus.html,a,href,/destinations.html,/destinations.html,destinations.html,ok
how-to-get-to-sarande-from-athens-by-bus.html,a,href,/about.html,/about.html,about.html,ok
how-to-get-to-sarande-from-athens-by-bus.html,a,href,/donate.html,/donate.html,donate.html,ok
how-to-get-to-sarande-from-athens-by-bus.html,img,src,/sarandebus.jpg,/sarandebus.jpg,sarandebus.jpg,ok
how-to-get-to-sarande-from-athens-by-bus.html,a,href,/contact.html,/contact.html,contact.html,ok
how-to-get-to-sarande-from-athens-by-bus.html,a,href,/affiliate-disclosure.html,/affiliate-disclosure.html,affiliate-disclosure.html,ok
how-to-make-your-videos-look-cinematic.html,meta,content,https://www.carltravels.com/carlcamera.jpg,/carlcamera.jpg,carlcamera.jpg,ok
how-to-make-your-videos-look-cinematic.html,meta,content,https://www.carltravels.com/how-to-make-your-videos-look-cinematic.html,/how-to-make-your-videos-look-cinematic.html,how-to-make-your-videos-look-cinematic.html,ok
how-to-make-your-videos-look-cinematic.html,meta,content,https://www.carltravels.com/carlcamera.jpg,/carlcamera.jpg,carlcamera.jpg,ok
how-to-make-your-videos-look-cinematic.html,link,href,/assets/css/styles.css,/assets/css/styles.css,assets/css/styles.css,ok
how-to-make-your-videos-look-cinematic.html,link,href,https://www.carltravels.com/how-to-make-your-videos-look-cinematic.html,/how-to-make-your-videos-look-cinematic.html,how-to-make-your-videos-look-cinematic.html,ok
how-to-make-your-videos-look-cinematic.html,link,href,/assets/css/dark-theme-overrides.css,/assets/css/dark-theme-overrides.css,assets/css/dark-theme-overrides.css,ok
how-to-make-your-videos-look-cinematic.html,a,href,/index.html,/index.html,index.html,ok
how-to-make-your-videos-look-cinematic.html,a,href,/index.html,/index.html,index.html,ok
how-to-make-your-videos-look-cinematic.html,a,href,/portfolio.html,/portfolio.html,portfolio.html,ok
how-to-make-your-videos-look-cinematic.html,a,href,/films/martial-arts-documentary.html,/films/martial-arts-documentary.html,films/martial-arts-documentary.html,ok
how-to-make-your-videos-look-cinematic.html,a,href,/blog.html,/blog.html,blog.html,ok
how-to-make-your-videos-look-cinematic.html,a,href,/gear.html,/gear.html,gear.html,ok
how-to-make-your-videos-look-cinematic.html,a,href,/destinations.html,/destinations.html,destinations.html,ok
how-to-make-your-videos-look-cinematic.html,a,href,/about.html,/about.html,about.html,ok
how-to-make-your-videos-look-cinematic.html,a,href,/donate.html,/donate.html,donate.html,ok
how-to-make-your-videos-look-cinematic.html,a,href,/index.html,/index.html,index.html,ok
how-to-make-your-videos-look-cinematic.html,a,href,/portfolio.html,/portfolio.html,portfolio.html,ok
how-to-make-your-videos-look-cinematic.html,a,href,/films/martial-arts-documentary.html,/films/martial-arts-documentary.html,films/martial-arts-documentary.html,ok
how-to-make-your-videos-look-cinematic.html,a,href,/blog.html,/blog.html,blog.html,ok
how-to-make-your-videos-look-cinematic.html,a,href,/gear.html,/gear.html,gear.html,ok
how-to-make-your-videos-look-cinematic.html,a,href,/destinations.html,/destinations.html,destinations.html,ok
how-to-make-your-videos-look-cinematic.html,a,href,/about.html,/about.html,about.html,ok
how-to-make-your-videos-look-cinematic.html,a,href,/donate.html,/donate.html,donate.html,ok
how-to-make-your-videos-look-cinematic.html,a,href,/about.html,/about.html,about.html,ok
how-to-make-your-videos-look-cinematic.html,a,href,/contact.html,/contact.html,contact.html,ok
how-to-make-your-videos-look-cinematic.html,a,href,/blog.html,/blog.html,blog.html,ok
how-to-make-your-videos-look-cinematic.html,a,href,/gear.html,/gear.html,gear.html,ok
how-to-make-your-videos-look-cinematic.html,a,href,/destinations.html,/destinations.html,destinations.html,ok
how-to-make-your-videos-look-cinematic.html,a,href,/contact.html,/contact.html,contact.html,ok
how-to-make-your-videos-look-cinematic.html,a,href,/privacy-policy.html,/privacy-policy.html,privacy-policy.html,ok
how-to-make-your-videos-look-cinematic.html,a,href,/affiliate-disclosure.html,/affiliate-disclosure.html,affiliate-disclosure.html,ok
how-to-make-your-videos-look-cinematic.html,a,href,/terms-and-conditions.html,/terms-and-conditions.html,terms-and-conditions.html,ok
how-to-make-your-videos-look-cinematic.html,script,src,/assets/js/site.js,/assets/js/site.js,assets/js/site.js,ok
howtofoldapopuptent.html,meta,content,https://www.carltravels.com/popup-tent.jpg,/popup-tent.jpg,popup-tent.jpg,ok
howtofoldapopuptent.html,meta,content,https://www.carltravels.com/howtofoldapopuptent.html,/howtofoldapopuptent.html,howtofoldapopuptent.html,ok
howtofoldapopuptent.html,meta,content,https://www.carltravels.com/popup-tent.jpg,/popup-tent.jpg,popup-tent.jpg,ok
howtofoldapopuptent.html,link,href,/assets/css/styles.css,/assets/css/styles.css,assets/css/styles.css,ok
howtofoldapopuptent.html,link,href,https://www.carltravels.com/howtofoldapopuptent.html,/howtofoldapopuptent.html,howtofoldapopuptent.html,ok
howtofoldapopuptent.html,link,href,/assets/css/dark-theme-overrides.css,/assets/css/dark-theme-overrides.css,assets/css/dark-theme-overrides.css,ok
howtofoldapopuptent.html,a,href,/index.html,/index.html,index.html,ok
howtofoldapopuptent.html,a,href,/index.html,/index.html,index.html,ok
howtofoldapopuptent.html,a,href,/portfolio.html,/portfolio.html,portfolio.html,ok
howtofoldapopuptent.html,a,href,/films/martial-arts-documentary.html,/films/martial-arts-documentary.html,films/martial-arts-documentary.html,ok
howtofoldapopuptent.html,a,href,/blog.html,/blog.html,blog.html,ok
howtofoldapopuptent.html,a,href,/gear.html,/gear.html,gear.html,ok
howtofoldapopuptent.html,a,href,/destinations.html,/destinations.html,destinations.html,ok
howtofoldapopuptent.html,a,href,/about.html,/about.html,about.html,ok
howtofoldapopuptent.html,a,href,/donate.html,/donate.html,donate.html,ok
howtofoldapopuptent.html,a,href,/index.html,/index.html,index.html,ok
howtofoldapopuptent.html,a,href,/portfolio.html,/portfolio.html,portfolio.html,ok
howtofoldapopuptent.html,a,href,/films/martial-arts-documentary.html,/films/martial-arts-documentary.html,films/martial-arts-documentary.html,ok
howtofoldapopuptent.html,a,href,/blog.html,/blog.html,blog.html,ok
howtofoldapopuptent.html,a,href,/gear.html,/gear.html,gear.html,ok
howtofoldapopuptent.html,a,href,/destinations.html,/destinations.html,destinations.html,ok
howtofoldapopuptent.html,a,href,/about.html,/about.html,about.html,ok
howtofoldapopuptent.html,a,href,/donate.html,/donate.html,donate.html,ok
howtofoldapopuptent.html,img,src,/popup-tent.jpg,/popup-tent.jpg,popup-tent.jpg,ok
howtofoldapopuptent.html,a,href,mytop10travelhacks.html,/mytop10travelhacks.html,mytop10travelhacks.html,ok
howtofoldapopuptent.html,a,href,cheap-accommodation-while-traveling.html,/cheap-accommodation-while-traveling.html,cheap-accommodation-while-traveling.html,ok
howtofoldapopuptent.html,a,href,make-money-online-while-traveling.html,/make-money-online-while-traveling.html,make-money-online-while-traveling.html,ok
howtofoldapopuptent.html,a,href,/about.html,/about.html,about.html,ok
howtofoldapopuptent.html,a,href,/contact.html,/contact.html,contact.html,ok
howtofoldapopuptent.html,a,href,/blog.html,/blog.html,blog.html,ok
howtofoldapopuptent.html,a,href,/gear.html,/gear.html,gear.html,ok
howtofoldapopuptent.html,a,href,/destinations.html,/destinations.html,destinations.html,ok
howtofoldapopuptent.html,a,href,/contact.html,/contact.html,contact.html,ok
howtofoldapopuptent.html,a,href,/privacy-policy.html,/privacy-policy.html,privacy-policy.html,ok
howtofoldapopuptent.html,a,href,/affiliate-disclosure.html,/affiliate-disclosure.html,affiliate-disclosure.html,ok
howtofoldapopuptent.html,a,href,/terms-and-conditions.html,/terms-and-conditions.html,terms-and-conditions.html,ok
howtofoldapopuptent.html,script,src,/assets/js/site.js,/assets/js/site.js,assets/js/site.js,ok
howtomakemoneyonlinesellingstockfootage.html,meta,content,https://www.carltravels.com/carlcamera2.jpg,/carlcamera2.jpg,carlcamera2.jpg,ok
howtomakemoneyonlinesellingstockfootage.html,meta,content,https://www.carltravels.com/howtomakemoneyonlinesellingstockfootage.html,/howtomakemoneyonlinesellingstockfootage.html,howtomakemoneyonlinesellingstockfootage.html,ok
howtomakemoneyonlinesellingstockfootage.html,meta,content,https://www.carltravels.com/carlcamera2.jpg,/carlcamera2.jpg,carlcamera2.jpg,ok
howtomakemoneyonlinesellingstockfootage.html,link,href,/assets/css/styles.css,/assets/css/styles.css,assets/css/styles.css,ok
howtomakemoneyonlinesellingstockfootage.html,link,href,https://www.carltravels.com/howtomakemoneyonlinesellingstockfootage.html,/howtomakemoneyonlinesellingstockfootage.html,howtomakemoneyonlinesellingstockfootage.html,ok
howtomakemoneyonlinesellingstockfootage.html,link,href,/assets/css/dark-theme-overrides.css,/assets/css/dark-theme-overrides.css,assets/css/dark-theme-overrides.css,ok
howtomakemoneyonlinesellingstockfootage.html,a,href,/index.html,/index.html,index.html,ok
howtomakemoneyonlinesellingstockfootage.html,a,href,/index.html,/index.html,index.html,ok
howtomakemoneyonlinesellingstockfootage.html,a,href,/portfolio.html,/portfolio.html,portfolio.html,ok
howtomakemoneyonlinesellingstockfootage.html,a,href,/films/martial-arts-documentary.html,/films/martial-arts-documentary.html,films/martial-arts-documentary.html,ok
howtomakemoneyonlinesellingstockfootage.html,a,href,/blog.html,/blog.html,blog.html,ok
howtomakemoneyonlinesellingstockfootage.html,a,href,/gear.html,/gear.html,gear.html,ok
howtomakemoneyonlinesellingstockfootage.html,a,href,/destinations.html,/destinations.html,destinations.html,ok
howtomakemoneyonlinesellingstockfootage.html,a,href,/about.html,/about.html,about.html,ok
howtomakemoneyonlinesellingstockfootage.html,a,href,/donate.html,/donate.html,donate.html,ok
howtomakemoneyonlinesellingstockfootage.html,a,href,/index.html,/index.html,index.html,ok
howtomakemoneyonlinesellingstockfootage.html,a,href,/portfolio.html,/portfolio.html,portfolio.html,ok
howtomakemoneyonlinesellingstockfootage.html,a,href,/films/martial-arts-documentary.html,/films/martial-arts-documentary.html,films/martial-arts-documentary.html,ok
howtomakemoneyonlinesellingstockfootage.html,a,href,/blog.html,/blog.html,blog.html,ok
howtomakemoneyonlinesellingstockfootage.html,a,href,/gear.html,/gear.html,gear.html,ok
howtomakemoneyonlinesellingstockfootage.html,a,href,/destinations.html,/destinations.html,destinations.html,ok
howtomakemoneyonlinesellingstockfootage.html,a,href,/about.html,/about.html,about.html,ok
howtomakemoneyonlinesellingstockfootage.html,a,href,/donate.html,/donate.html,donate.html,ok
howtomakemoneyonlinesellingstockfootage.html,img,src,/carlcamera2.jpg,/carlcamera2.jpg,carlcamera2.jpg,ok
howtomakemoneyonlinesellingstockfootage.html,a,href,how-to-make-your-videos-look-cinematic.html,/how-to-make-your-videos-look-cinematic.html,how-to-make-your-videos-look-cinematic.html,ok
howtomakemoneyonlinesellingstockfootage.html,a,href,travel-gear-2025.html,/travel-gear-2025.html,travel-gear-2025.html,ok
howtomakemoneyonlinesellingstockfootage.html,a,href,whyileftaustralia.html,/whyileftaustralia.html,whyileftaustralia.html,ok
howtomakemoneyonlinesellingstockfootage.html,a,href,/about.html,/about.html,about.html,ok
howtomakemoneyonlinesellingstockfootage.html,a,href,/contact.html,/contact.html,contact.html,ok
howtomakemoneyonlinesellingstockfootage.html,a,href,/blog.html,/blog.html,blog.html,ok
howtomakemoneyonlinesellingstockfootage.html,a,href,/gear.html,/gear.html,gear.html,ok
howtomakemoneyonlinesellingstockfootage.html,a,href,/destinations.html,/destinations.html,destinations.html,ok
howtomakemoneyonlinesellingstockfootage.html,a,href,/contact.html,/contact.html,contact.html,ok
howtomakemoneyonlinesellingstockfootage.html,a,href,/privacy-policy.html,/privacy-policy.html,privacy-policy.html,ok
howtomakemoneyonlinesellingstockfootage.html,a,href,/affiliate-disclosure.html,/affiliate-disclosure.html,affiliate-disclosure.html,ok
howtomakemoneyonlinesellingstockfootage.html,a,href,/terms-and-conditions.html,/terms-and-conditions.html,terms-and-conditions.html,ok
howtomakemoneyonlinesellingstockfootage.html,script,src,/assets/js/site.js,/assets/js/site.js,assets/js/site.js,ok
index.html,link,href,https://www.carltravels.com/,/,index.html,ok
index.html,meta,content,https://www.carltravels.com/carl-tomich-director.jpg,/carl-tomich-director.jpg,carl-tomich-director.jpg,ok
index.html,meta,content,https://www.carltravels.com/,/,index.html,ok
index.html,meta,content,https://www.carltravels.com/carl-tomich-director.jpg,/carl-tomich-director.jpg,carl-tomich-director.jpg,ok
index.html,link,href,/assets/css/styles.css,/assets/css/styles.css,assets/css/styles.css,ok
index.html,link,href,/assets/css/dark-theme-overrides.css,/assets/css/dark-theme-overrides.css,assets/css/dark-theme-overrides.css,ok
index.html,a,href,/index.html,/index.html,index.html,ok
index.html,a,href,/index.html,/index.html,index.html,ok
index.html,a,href,/portfolio.html,/portfolio.html,portfolio.html,ok
index.html,a,href,/films/martial-arts-documentary.html,/films/martial-arts-documentary.html,films/martial-arts-documentary.html,ok
index.html,a,href,/blog.html,/blog.html,blog.html,ok
index.html,a,href,/gear.html,/gear.html,gear.html,ok
index.html,a,href,/destinations.html,/destinations.html,destinations.html,ok
index.html,a,href,/about.html,/about.html,about.html,ok
index.html,a,href,/donate.html,/donate.html,donate.html,ok
index.html,a,href,/index.html,/index.html,index.html,ok
index.html,a,href,/portfolio.html,/portfolio.html,portfolio.html,ok
index.html,a,href,/films/martial-arts-documentary.html,/films/martial-arts-documentary.html,films/martial-arts-documentary.html,ok
index.html,a,href,/blog.html,/blog.html,blog.html,ok
index.html,a,href,/gear.html,/gear.html,gear.html,ok
index.html,a,href,/destinations.html,/destinations.html,destinations.html,ok
index.html,a,href,/about.html,/about.html,about.html,ok
index.html,a,href,/donate.html,/donate.html,donate.html,ok
index.html,img,src,/carlcamera.jpg,/carlcamera.jpg,carlcamera.jpg,ok
index.html,a,href,/hanoitravelguide.html,/hanoitravelguide.html,hanoitravelguide.html,ok
index.html,a,href,/balitravelguide.html,/balitravelguide.html,balitravelguide.html,ok
index.html,a,href,/japanonabudget.html,/japanonabudget.html,japanonabudget.html,ok
index.html,a,href,/your-guide-to-moving-to-da-nang-2026.html,/your-guide-to-moving-to-da-nang-2026.html,your-guide-to-moving-to-da-nang-2026.html,ok
index.html,a,href,/blog.html,/blog.html,blog.html,ok
index.html,img,src,/busking-for-berlin-poster.jpg,/busking-for-berlin-poster.jpg,busking-for-berlin-poster.jpg,ok
index.html,a,href,/portfolio.html,/portfolio.html,portfolio.html,ok
index.html,a,href,/blog.html#travel-filmmaking,/blog.html,blog.html,ok
index.html,a,href,/blog.html#living-abroad,/blog.html,blog.html,ok
index.html,a,href,/gear.html,/gear.html,gear.html,ok
index.html,a,href,/films/martial-arts-documentary.html,/films/martial-arts-documentary.html,films/martial-arts-documentary.html,ok
index.html,a,href,/blog.html#youtube-strategy,/blog.html,blog.html,ok
index.html,a,href,/destinations.html,/destinations.html,destinations.html,ok
index.html,a,href,/how-to-get-to-sarande-from-athens-by-bus.html,/how-to-get-to-sarande-from-athens-by-bus.html,how-to-get-to-sarande-from-athens-by-bus.html,ok
index.html,a,href,/the-reality-of-living-overseas.html,/the-reality-of-living-overseas.html,the-reality-of-living-overseas.html,ok
index.html,a,href,/howtomakemoneyonlinesellingstockfootage.html,/howtomakemoneyonlinesellingstockfootage.html,howtomakemoneyonlinesellingstockfootage.html,ok
index.html,a,href,/blog.html,/blog.html,blog.html,ok
index.html,a,href,/gear.html,/gear.html,gear.html,ok
index.html,a,href,/destinations.html,/destinations.html,destinations.html,ok
index.html,a,href,/about.html,/about.html,about.html,ok
index.html,a,href,/contact.html,/contact.html,contact.html,ok
index.html,a,href,/blog.html,/blog.html,blog.html,ok
index.html,a,href,/gear.html,/gear.html,gear.html,ok
index.html,a,href,/destinations.html,/destinations.html,destinations.html,ok
index.html,a,href,/contact.html,/contact.html,contact.html,ok
index.html,a,href,/privacy-policy.html,/privacy-policy.html,privacy-policy.html,ok
index.html,a,href,/affiliate-disclosure.html,/affiliate-disclosure.html,affiliate-disclosure.html,ok
index.html,a,href,/terms-and-conditions.html,/terms-and-conditions.html,terms-and-conditions.html,ok
index.html,script,src,/assets/js/site.js,/assets/js/site.js,assets/js/site.js,ok
japanonabudget.html,meta,content,https://www.carltravels.com/japanbudget.jpg,/japanbudget.jpg,japanbudget.jpg,ok
japanonabudget.html,meta,content,https://www.carltravels.com/japanonabudget.html,/japanonabudget.html,japanonabudget.html,ok
japanonabudget.html,meta,content,https://www.carltravels.com/japanbudget.jpg,/japanbudget.jpg,japanbudget.jpg,ok
japanonabudget.html,link,href,https://www.carltravels.com/japanonabudget.html,/japanonabudget.html,japanonabudget.html,ok
japanonabudget.html,link,href,/assets/css/dark-theme-overrides.css,/assets/css/dark-theme-overrides.css,assets/css/dark-theme-overrides.css,ok
japanonabudget.html,a,href,/index.html,/index.html,index.html,ok
japanonabudget.html,a,href,/index.html,/index.html,index.html,ok
japanonabudget.html,a,href,/portfolio.html,/portfolio.html,portfolio.html,ok
japanonabudget.html,a,href,/films/martial-arts-documentary.html,/films/martial-arts-documentary.html,films/martial-arts-documentary.html,ok
japanonabudget.html,a,href,/blog.html,/blog.html,blog.html,ok
japanonabudget.html,a,href,/gear.html,/gear.html,gear.html,ok
japanonabudget.html,a,href,/destinations.html,/destinations.html,destinations.html,ok
japanonabudget.html,a,href,/about.html,/about.html,about.html,ok
japanonabudget.html,a,href,/donate.html,/donate.html,donate.html,ok
japanonabudget.html,a,href,/index.html,/index.html,index.html,ok
japanonabudget.html,a,href,/portfolio.html,/portfolio.html,portfolio.html,ok
japanonabudget.html,a,href,/films/martial-arts-documentary.html,/films/martial-arts-documentary.html,films/martial-arts-documentary.html,ok
japanonabudget.html,a,href,/blog.html,/blog.html,blog.html,ok
japanonabudget.html,a,href,/gear.html,/gear.html,gear.html,ok
japanonabudget.html,a,href,/destinations.html,/destinations.html,destinations.html,ok
japanonabudget.html,a,href,/about.html,/about.html,about.html,ok
japanonabudget.html,a,href,/donate.html,/donate.html,donate.html,ok
japanonabudget.html,img,src,/japanbudget.jpg,/japanbudget.jpg,japanbudget.jpg,ok
japanonabudget.html,a,href,osakatravelguide.html,/osakatravelguide.html,osakatravelguide.html,ok
japanonabudget.html,a,href,/about.html,/about.html,about.html,ok
japanonabudget.html,a,href,/contact.html,/contact.html,contact.html,ok
japanonabudget.html,a,href,/blog.html,/blog.html,blog.html,ok
japanonabudget.html,a,href,/gear.html,/gear.html,gear.html,ok
japanonabudget.html,a,href,/destinations.html,/destinations.html,destinations.html,ok
japanonabudget.html,a,href,/contact.html,/contact.html,contact.html,ok
japanonabudget.html,a,href,/privacy-policy.html,/privacy-policy.html,privacy-policy.html,ok
japanonabudget.html,a,href,/affiliate-disclosure.html,/affiliate-disclosure.html,affiliate-disclosure.html,ok
japanonabudget.html,a,href,/terms-and-conditions.html,/terms-and-conditions.html,terms-and-conditions.html,ok
korcula.html,meta,content,https://www.carltravels.com/korculalogo.jpg,/korculalogo.jpg,korculalogo.jpg,ok
korcula.html,meta,content,https://www.carltravels.com/korcula.html,/korcula.html,korcula.html,ok
korcula.html,meta,content,https://www.carltravels.com/korculalogo.jpg,/korculalogo.jpg,korculalogo.jpg,ok
korcula.html,link,href,/assets/css/styles.css,/assets/css/styles.css,assets/css/styles.css,ok
korcula.html,link,href,https://www.carltravels.com/korcula.html,/korcula.html,korcula.html,ok
korcula.html,link,href,/assets/css/dark-theme-overrides.css,/assets/css/dark-theme-overrides.css,assets/css/dark-theme-overrides.css,ok
korcula.html,a,href,/index.html,/index.html,index.html,ok
korcula.html,a,href,/index.html,/index.html,index.html,ok
korcula.html,a,href,/portfolio.html,/portfolio.html,portfolio.html,ok
korcula.html,a,href,/films/martial-arts-documentary.html,/films/martial-arts-documentary.html,films/martial-arts-documentary.html,ok
korcula.html,a,href,/blog.html,/blog.html,blog.html,ok
korcula.html,a,href,/gear.html,/gear.html,gear.html,ok
korcula.html,a,href,/destinations.html,/destinations.html,destinations.html,ok
korcula.html,a,href,/about.html,/about.html,about.html,ok
korcula.html,a,href,/donate.html,/donate.html,donate.html,ok
korcula.html,a,href,/index.html,/index.html,index.html,ok
korcula.html,a,href,/portfolio.html,/portfolio.html,portfolio.html,ok
korcula.html,a,href,/films/martial-arts-documentary.html,/films/martial-arts-documentary.html,films/martial-arts-documentary.html,ok
korcula.html,a,href,/blog.html,/blog.html,blog.html,ok
korcula.html,a,href,/gear.html,/gear.html,gear.html,ok
korcula.html,a,href,/destinations.html,/destinations.html,destinations.html,ok
korcula.html,a,href,/about.html,/about.html,about.html,ok
korcula.html,a,href,/donate.html,/donate.html,donate.html,ok
korcula.html,a,href,destinations.html,/destinations.html,destinations.html,ok
korcula.html,a,href,/about.html,/about.html,about.html,ok
korcula.html,a,href,/contact.html,/contact.html,contact.html,ok
korcula.html,a,href,/blog.html,/blog.html,blog.html,ok
korcula.html,a,href,/gear.html,/gear.html,gear.html,ok
korcula.html,a,href,/destinations.html,/destinations.html,destinations.html,ok
korcula.html,a,href,/contact.html,/contact.html,contact.html,ok
korcula.html,a,href,/privacy-policy.html,/privacy-policy.html,privacy-policy.html,ok
korcula.html,a,href,/affiliate-disclosure.html,/affiliate-disclosure.html,affiliate-disclosure.html,ok
korcula.html,a,href,/terms-and-conditions.html,/terms-and-conditions.html,terms-and-conditions.html,ok
korcula.html,script,src,/assets/js/site.js,/assets/js/site.js,assets/js/site.js,ok
kyototravelguide.html,meta,content,https://www.carltravels.com/kyotologo.jpg,/kyotologo.jpg,kyotologo.jpg,ok
kyototravelguide.html,meta,content,https://www.carltravels.com/kyototravelguide.html,/kyototravelguide.html,kyototravelguide.html,ok
kyototravelguide.html,meta,content,https://www.carltravels.com/kyotologo.jpg,/kyotologo.jpg,kyotologo.jpg,ok
kyototravelguide.html,link,href,/assets/css/styles.css,/assets/css/styles.css,assets/css/styles.css,ok
kyototravelguide.html,link,href,https://www.carltravels.com/kyototravelguide.html,/kyototravelguide.html,kyototravelguide.html,ok
kyototravelguide.html,link,href,/assets/css/dark-theme-overrides.css,/assets/css/dark-theme-overrides.css,assets/css/dark-theme-overrides.css,ok
kyototravelguide.html,a,href,/index.html,/index.html,index.html,ok
kyototravelguide.html,a,href,/index.html,/index.html,index.html,ok
kyototravelguide.html,a,href,/portfolio.html,/portfolio.html,portfolio.html,ok
kyototravelguide.html,a,href,/films/martial-arts-documentary.html,/films/martial-arts-documentary.html,films/martial-arts-documentary.html,ok
kyototravelguide.html,a,href,/blog.html,/blog.html,blog.html,ok
kyototravelguide.html,a,href,/gear.html,/gear.html,gear.html,ok
kyototravelguide.html,a,href,/destinations.html,/destinations.html,destinations.html,ok
kyototravelguide.html,a,href,/about.html,/about.html,about.html,ok
kyototravelguide.html,a,href,/donate.html,/donate.html,donate.html,ok
kyototravelguide.html,a,href,/index.html,/index.html,index.html,ok
kyototravelguide.html,a,href,/portfolio.html,/portfolio.html,portfolio.html,ok
kyototravelguide.html,a,href,/films/martial-arts-documentary.html,/films/martial-arts-documentary.html,films/martial-arts-documentary.html,ok
kyototravelguide.html,a,href,/blog.html,/blog.html,blog.html,ok
kyototravelguide.html,a,href,/gear.html,/gear.html,gear.html,ok
kyototravelguide.html,a,href,/destinations.html,/destinations.html,destinations.html,ok
kyototravelguide.html,a,href,/about.html,/about.html,about.html,ok
kyototravelguide.html,a,href,/donate.html,/donate.html,donate.html,ok
kyototravelguide.html,img,src,/kyotologo.jpg,/kyotologo.jpg,kyotologo.jpg,ok
kyototravelguide.html,a,href,index.html#contact,/index.html,index.html,ok
kyototravelguide.html,a,href,osakatravelguide.html,/osakatravelguide.html,osakatravelguide.html,ok
kyototravelguide.html,a,href,osakatravelguide.html,/osakatravelguide.html,osakatravelguide.html,ok
kyototravelguide.html,a,href,/about.html,/about.html,about.html,ok
kyototravelguide.html,a,href,/contact.html,/contact.html,contact.html,ok
kyototravelguide.html,a,href,/blog.html,/blog.html,blog.html,ok
kyototravelguide.html,a,href,/gear.html,/gear.html,gear.html,ok
kyototravelguide.html,a,href,/destinations.html,/destinations.html,destinations.html,ok
kyototravelguide.html,a,href,/contact.html,/contact.html,contact.html,ok
kyototravelguide.html,a,href,/privacy-policy.html,/privacy-policy.html,privacy-policy.html,ok
kyototravelguide.html,a,href,/affiliate-disclosure.html,/affiliate-disclosure.html,affiliate-disclosure.html,ok
kyototravelguide.html,a,href,/terms-and-conditions.html,/terms-and-conditions.html,terms-and-conditions.html,ok
kyototravelguide.html,script,src,/assets/js/site.js,/assets/js/site.js,assets/js/site.js,ok
learning-vietnamese-after-living-in-vietnam.html,link,href,https://www.carltravels.com/learning-vietnamese-after-living-in-vietnam.html,/learning-vietnamese-after-living-in-vietnam.html,learning-vietnamese-after-living-in-vietnam.html,ok
learning-vietnamese-after-living-in-vietnam.html,meta,content,https://www.carltravels.com/learning-vietnamese-after-living-in-vietnam.html,/learning-vietnamese-after-living-in-vietnam.html,learning-vietnamese-after-living-in-vietnam.html,ok
learning-vietnamese-after-living-in-vietnam.html,link,href,/assets/css/styles.css,/assets/css/styles.css,assets/css/styles.css,ok
learning-vietnamese-after-living-in-vietnam.html,link,href,/assets/css/dark-theme-overrides.css,/assets/css/dark-theme-overrides.css,assets/css/dark-theme-overrides.css,ok
learning-vietnamese-after-living-in-vietnam.html,a,href,/index.html,/index.html,index.html,ok
learning-vietnamese-after-living-in-vietnam.html,a,href,/index.html,/index.html,index.html,ok
learning-vietnamese-after-living-in-vietnam.html,a,href,/portfolio.html,/portfolio.html,portfolio.html,ok
learning-vietnamese-after-living-in-vietnam.html,a,href,/films/martial-arts-documentary.html,/films/martial-arts-documentary.html,films/martial-arts-documentary.html,ok
learning-vietnamese-after-living-in-vietnam.html,a,href,/blog.html,/blog.html,blog.html,ok
learning-vietnamese-after-living-in-vietnam.html,a,href,/gear.html,/gear.html,gear.html,ok
learning-vietnamese-after-living-in-vietnam.html,a,href,/destinations.html,/destinations.html,destinations.html,ok
learning-vietnamese-after-living-in-vietnam.html,a,href,/about.html,/about.html,about.html,ok
learning-vietnamese-after-living-in-vietnam.html,a,href,/donate.html,/donate.html,donate.html,ok
learning-vietnamese-after-living-in-vietnam.html,a,href,/index.html,/index.html,index.html,ok
learning-vietnamese-after-living-in-vietnam.html,a,href,/portfolio.html,/portfolio.html,portfolio.html,ok
learning-vietnamese-after-living-in-vietnam.html,a,href,/films/martial-arts-documentary.html,/films/martial-arts-documentary.html,films/martial-arts-documentary.html,ok
learning-vietnamese-after-living-in-vietnam.html,a,href,/blog.html,/blog.html,blog.html,ok
learning-vietnamese-after-living-in-vietnam.html,a,href,/gear.html,/gear.html,gear.html,ok
learning-vietnamese-after-living-in-vietnam.html,a,href,/destinations.html,/destinations.html,destinations.html,ok
learning-vietnamese-after-living-in-vietnam.html,a,href,/about.html,/about.html,about.html,ok
learning-vietnamese-after-living-in-vietnam.html,a,href,/donate.html,/donate.html,donate.html,ok
learning-vietnamese-after-living-in-vietnam.html,a,href,/blog.html,/blog.html,blog.html,ok
learning-vietnamese-after-living-in-vietnam.html,a,href,/films/martial-arts-documentary.html,/films/martial-arts-documentary.html,films/martial-arts-documentary.html,ok
learning-vietnamese-after-living-in-vietnam.html,a,href,/about.html,/about.html,about.html,ok
learning-vietnamese-after-living-in-vietnam.html,a,href,/contact.html,/contact.html,contact.html,ok
learning-vietnamese-after-living-in-vietnam.html,a,href,/blog.html,/blog.html,blog.html,ok
learning-vietnamese-after-living-in-vietnam.html,a,href,/gear.html,/gear.html,gear.html,ok
learning-vietnamese-after-living-in-vietnam.html,a,href,/destinations.html,/destinations.html,destinations.html,ok
learning-vietnamese-after-living-in-vietnam.html,a,href,/contact.html,/contact.html,contact.html,ok
learning-vietnamese-after-living-in-vietnam.html,a,href,/privacy-policy.html,/privacy-policy.html,privacy-policy.html,ok
learning-vietnamese-after-living-in-vietnam.html,a,href,/affiliate-disclosure.html,/affiliate-disclosure.html,affiliate-disclosure.html,ok
learning-vietnamese-after-living-in-vietnam.html,a,href,/terms-and-conditions.html,/terms-and-conditions.html,terms-and-conditions.html,ok
living-in-bangkok.html,link,href,https://www.carltravels.com/living-in-bangkok.html,/living-in-bangkok.html,living-in-bangkok.html,ok
living-in-bangkok.html,link,href,/assets/css/dark-theme-overrides.css,/assets/css/dark-theme-overrides.css,assets/css/dark-theme-overrides.css,ok
living-in-bangkok.html,a,href,/index.html,/index.html,index.html,ok
living-in-bangkok.html,a,href,/index.html,/index.html,index.html,ok
living-in-bangkok.html,a,href,/portfolio.html,/portfolio.html,portfolio.html,ok
living-in-bangkok.html,a,href,/films/martial-arts-documentary.html,/films/martial-arts-documentary.html,films/martial-arts-documentary.html,ok
living-in-bangkok.html,a,href,/blog.html,/blog.html,blog.html,ok
living-in-bangkok.html,a,href,/gear.html,/gear.html,gear.html,ok
living-in-bangkok.html,a,href,/destinations.html,/destinations.html,destinations.html,ok
living-in-bangkok.html,a,href,/about.html,/about.html,about.html,ok
living-in-bangkok.html,a,href,/donate.html,/donate.html,donate.html,ok
living-in-bangkok.html,a,href,/index.html,/index.html,index.html,ok
living-in-bangkok.html,a,href,/portfolio.html,/portfolio.html,portfolio.html,ok
living-in-bangkok.html,a,href,/films/martial-arts-documentary.html,/films/martial-arts-documentary.html,films/martial-arts-documentary.html,ok
living-in-bangkok.html,a,href,/blog.html,/blog.html,blog.html,ok
living-in-bangkok.html,a,href,/gear.html,/gear.html,gear.html,ok
living-in-bangkok.html,a,href,/destinations.html,/destinations.html,destinations.html,ok
living-in-bangkok.html,a,href,/about.html,/about.html,about.html,ok
living-in-bangkok.html,a,href,/donate.html,/donate.html,donate.html,ok
living-in-bangkok.html,img,src,/travel-gear.jpg,/travel-gear.jpg,travel-gear.jpg,ok
living-in-bangkok.html,a,href,things-to-know-before-moving-to-vietnam.html,/things-to-know-before-moving-to-vietnam.html,things-to-know-before-moving-to-vietnam.html,ok
living-in-bangkok.html,a,href,pros-and-cons-and-cost-of-living-in-hanoi.html,/pros-and-cons-and-cost-of-living-in-hanoi.html,pros-and-cons-and-cost-of-living-in-hanoi.html,ok
living-in-bangkok.html,a,href,the-reality-of-living-overseas.html,/the-reality-of-living-overseas.html,the-reality-of-living-overseas.html,ok
living-in-bangkok.html,a,href,/about.html,/about.html,about.html,ok
living-in-bangkok.html,a,href,/contact.html,/contact.html,contact.html,ok
living-in-bangkok.html,a,href,/blog.html,/blog.html,blog.html,ok
living-in-bangkok.html,a,href,/gear.html,/gear.html,gear.html,ok
living-in-bangkok.html,a,href,/destinations.html,/destinations.html,destinations.html,ok
living-in-bangkok.html,a,href,/contact.html,/contact.html,contact.html,ok
living-in-bangkok.html,a,href,/privacy-policy.html,/privacy-policy.html,privacy-policy.html,ok
living-in-bangkok.html,a,href,/affiliate-disclosure.html,/affiliate-disclosure.html,affiliate-disclosure.html,ok
living-in-bangkok.html,a,href,/terms-and-conditions.html,/terms-and-conditions.html,terms-and-conditions.html,ok
living-in-bangkok.html,script,src,/assets/js/site.js,/assets/js/site.js,assets/js/site.js,ok
lotte-world-aquarium-hanoi.html,meta,content,https://www.carltravels.com/lotte-world-aquarium-hanoi.html,/lotte-world-aquarium-hanoi.html,lotte-world-aquarium-hanoi.html,ok
lotte-world-aquarium-hanoi.html,link,href,/assets/css/styles.css,/assets/css/styles.css,assets/css/styles.css,ok
lotte-world-aquarium-hanoi.html,link,href,https://www.carltravels.com/lotte-world-aquarium-hanoi.html,/lotte-world-aquarium-hanoi.html,lotte-world-aquarium-hanoi.html,ok
lotte-world-aquarium-hanoi.html,link,href,/assets/css/dark-theme-overrides.css,/assets/css/dark-theme-overrides.css,assets/css/dark-theme-overrides.css,ok
lotte-world-aquarium-hanoi.html,a,href,/index.html,/index.html,index.html,ok
lotte-world-aquarium-hanoi.html,a,href,/index.html,/index.html,index.html,ok
lotte-world-aquarium-hanoi.html,a,href,/portfolio.html,/portfolio.html,portfolio.html,ok
lotte-world-aquarium-hanoi.html,a,href,/films/martial-arts-documentary.html,/films/martial-arts-documentary.html,films/martial-arts-documentary.html,ok
lotte-world-aquarium-hanoi.html,a,href,/blog.html,/blog.html,blog.html,ok
lotte-world-aquarium-hanoi.html,a,href,/gear.html,/gear.html,gear.html,ok
lotte-world-aquarium-hanoi.html,a,href,/destinations.html,/destinations.html,destinations.html,ok
lotte-world-aquarium-hanoi.html,a,href,/about.html,/about.html,about.html,ok
lotte-world-aquarium-hanoi.html,a,href,/donate.html,/donate.html,donate.html,ok
lotte-world-aquarium-hanoi.html,a,href,/index.html,/index.html,index.html,ok
lotte-world-aquarium-hanoi.html,a,href,/portfolio.html,/portfolio.html,portfolio.html,ok
lotte-world-aquarium-hanoi.html,a,href,/films/martial-arts-documentary.html,/films/martial-arts-documentary.html,films/martial-arts-documentary.html,ok
lotte-world-aquarium-hanoi.html,a,href,/blog.html,/blog.html,blog.html,ok
lotte-world-aquarium-hanoi.html,a,href,/gear.html,/gear.html,gear.html,ok
lotte-world-aquarium-hanoi.html,a,href,/destinations.html,/destinations.html,destinations.html,ok
lotte-world-aquarium-hanoi.html,a,href,/about.html,/about.html,about.html,ok
lotte-world-aquarium-hanoi.html,a,href,/donate.html,/donate.html,donate.html,ok
lotte-world-aquarium-hanoi.html,a,href,top-10-things-to-do-in-hanoi.html,/top-10-things-to-do-in-hanoi.html,top-10-things-to-do-in-hanoi.html,ok
lotte-world-aquarium-hanoi.html,a,href,/about.html,/about.html,about.html,ok
lotte-world-aquarium-hanoi.html,a,href,/contact.html,/contact.html,contact.html,ok
lotte-world-aquarium-hanoi.html,a,href,/blog.html,/blog.html,blog.html,ok
lotte-world-aquarium-hanoi.html,a,href,/gear.html,/gear.html,gear.html,ok
lotte-world-aquarium-hanoi.html,a,href,/destinations.html,/destinations.html,destinations.html,ok
lotte-world-aquarium-hanoi.html,a,href,/contact.html,/contact.html,contact.html,ok
lotte-world-aquarium-hanoi.html,a,href,/privacy-policy.html,/privacy-policy.html,privacy-policy.html,ok
lotte-world-aquarium-hanoi.html,a,href,/affiliate-disclosure.html,/affiliate-disclosure.html,affiliate-disclosure.html,ok
lotte-world-aquarium-hanoi.html,a,href,/terms-and-conditions.html,/terms-and-conditions.html,terms-and-conditions.html,ok
lotte-world-aquarium-hanoi.html,script,src,/assets/js/site.js,/assets/js/site.js,assets/js/site.js,ok
macbook-pro-m4-max-review.html,meta,content,https://www.carltravels.com/macbook-pro-m4-max-review.html,/macbook-pro-m4-max-review.html,macbook-pro-m4-max-review.html,ok
macbook-pro-m4-max-review.html,link,href,/assets/css/styles.css,/assets/css/styles.css,assets/css/styles.css,ok
macbook-pro-m4-max-review.html,link,href,https://www.carltravels.com/macbook-pro-m4-max-review.html,/macbook-pro-m4-max-review.html,macbook-pro-m4-max-review.html,ok
macbook-pro-m4-max-review.html,link,href,/assets/css/dark-theme-overrides.css,/assets/css/dark-theme-overrides.css,assets/css/dark-theme-overrides.css,ok
macbook-pro-m4-max-review.html,a,href,/index.html,/index.html,index.html,ok
macbook-pro-m4-max-review.html,a,href,/index.html,/index.html,index.html,ok
macbook-pro-m4-max-review.html,a,href,/portfolio.html,/portfolio.html,portfolio.html,ok
macbook-pro-m4-max-review.html,a,href,/films/martial-arts-documentary.html,/films/martial-arts-documentary.html,films/martial-arts-documentary.html,ok
macbook-pro-m4-max-review.html,a,href,/blog.html,/blog.html,blog.html,ok
macbook-pro-m4-max-review.html,a,href,/gear.html,/gear.html,gear.html,ok
macbook-pro-m4-max-review.html,a,href,/destinations.html,/destinations.html,destinations.html,ok
macbook-pro-m4-max-review.html,a,href,/about.html,/about.html,about.html,ok
macbook-pro-m4-max-review.html,a,href,/donate.html,/donate.html,donate.html,ok
macbook-pro-m4-max-review.html,a,href,/index.html,/index.html,index.html,ok
macbook-pro-m4-max-review.html,a,href,/portfolio.html,/portfolio.html,portfolio.html,ok
macbook-pro-m4-max-review.html,a,href,/films/martial-arts-documentary.html,/films/martial-arts-documentary.html,films/martial-arts-documentary.html,ok
macbook-pro-m4-max-review.html,a,href,/blog.html,/blog.html,blog.html,ok
macbook-pro-m4-max-review.html,a,href,/gear.html,/gear.html,gear.html,ok
macbook-pro-m4-max-review.html,a,href,/destinations.html,/destinations.html,destinations.html,ok
macbook-pro-m4-max-review.html,a,href,/about.html,/about.html,about.html,ok
macbook-pro-m4-max-review.html,a,href,/donate.html,/donate.html,donate.html,ok
macbook-pro-m4-max-review.html,a,href,gear.html,/gear.html,gear.html,ok
macbook-pro-m4-max-review.html,a,href,/about.html,/about.html,about.html,ok
macbook-pro-m4-max-review.html,a,href,/contact.html,/contact.html,contact.html,ok
macbook-pro-m4-max-review.html,a,href,/blog.html,/blog.html,blog.html,ok
macbook-pro-m4-max-review.html,a,href,/gear.html,/gear.html,gear.html,ok
macbook-pro-m4-max-review.html,a,href,/destinations.html,/destinations.html,destinations.html,ok
macbook-pro-m4-max-review.html,a,href,/contact.html,/contact.html,contact.html,ok
macbook-pro-m4-max-review.html,a,href,/privacy-policy.html,/privacy-policy.html,privacy-policy.html,ok
macbook-pro-m4-max-review.html,a,href,/affiliate-disclosure.html,/affiliate-disclosure.html,affiliate-disclosure.html,ok
macbook-pro-m4-max-review.html,a,href,/terms-and-conditions.html,/terms-and-conditions.html,terms-and-conditions.html,ok
macbook-pro-m4-max-review.html,script,src,/assets/js/site.js,/assets/js/site.js,assets/js/site.js,ok
make-money-online-while-traveling.html,meta,content,https://www.carltravels.com/make-money-online-while-traveling.html,/make-money-online-while-traveling.html,make-money-online-while-traveling.html,ok
make-money-online-while-traveling.html,link,href,/assets/css/styles.css,/assets/css/styles.css,assets/css/styles.css,ok
make-money-online-while-traveling.html,link,href,https://www.carltravels.com/make-money-online-while-traveling.html,/make-money-online-while-traveling.html,make-money-online-while-traveling.html,ok
make-money-online-while-traveling.html,link,href,/assets/css/dark-theme-overrides.css,/assets/css/dark-theme-overrides.css,assets/css/dark-theme-overrides.css,ok
make-money-online-while-traveling.html,a,href,/index.html,/index.html,index.html,ok
make-money-online-while-traveling.html,a,href,/index.html,/index.html,index.html,ok
make-money-online-while-traveling.html,a,href,/portfolio.html,/portfolio.html,portfolio.html,ok
make-money-online-while-traveling.html,a,href,/films/martial-arts-documentary.html,/films/martial-arts-documentary.html,films/martial-arts-documentary.html,ok
make-money-online-while-traveling.html,a,href,/blog.html,/blog.html,blog.html,ok
make-money-online-while-traveling.html,a,href,/gear.html,/gear.html,gear.html,ok
make-money-online-while-traveling.html,a,href,/destinations.html,/destinations.html,destinations.html,ok
make-money-online-while-traveling.html,a,href,/about.html,/about.html,about.html,ok
make-money-online-while-traveling.html,a,href,/donate.html,/donate.html,donate.html,ok
make-money-online-while-traveling.html,a,href,/index.html,/index.html,index.html,ok
make-money-online-while-traveling.html,a,href,/portfolio.html,/portfolio.html,portfolio.html,ok
make-money-online-while-traveling.html,a,href,/films/martial-arts-documentary.html,/films/martial-arts-documentary.html,films/martial-arts-documentary.html,ok
make-money-online-while-traveling.html,a,href,/blog.html,/blog.html,blog.html,ok
make-money-online-while-traveling.html,a,href,/gear.html,/gear.html,gear.html,ok
make-money-online-while-traveling.html,a,href,/destinations.html,/destinations.html,destinations.html,ok
make-money-online-while-traveling.html,a,href,/about.html,/about.html,about.html,ok
make-money-online-while-traveling.html,a,href,/donate.html,/donate.html,donate.html,ok
make-money-online-while-traveling.html,a,href,/about.html,/about.html,about.html,ok
make-money-online-while-traveling.html,a,href,/contact.html,/contact.html,contact.html,ok
make-money-online-while-traveling.html,a,href,/blog.html,/blog.html,blog.html,ok
make-money-online-while-traveling.html,a,href,/gear.html,/gear.html,gear.html,ok
make-money-online-while-traveling.html,a,href,/destinations.html,/destinations.html,destinations.html,ok
make-money-online-while-traveling.html,a,href,/contact.html,/contact.html,contact.html,ok
make-money-online-while-traveling.html,a,href,/privacy-policy.html,/privacy-policy.html,privacy-policy.html,ok
make-money-online-while-traveling.html,a,href,/affiliate-disclosure.html,/affiliate-disclosure.html,affiliate-disclosure.html,ok
make-money-online-while-traveling.html,a,href,/terms-and-conditions.html,/terms-and-conditions.html,terms-and-conditions.html,ok
make-money-online-while-traveling.html,script,src,/assets/js/site.js,/assets/js/site.js,assets/js/site.js,ok
melbournetravelguide.html,meta,content,https://www.carltravels.com/melbounelogo.jpg,/melbounelogo.jpg,melbounelogo.jpg,ok
melbournetravelguide.html,meta,content,https://www.carltravels.com/melbournetravelguide.html,/melbournetravelguide.html,melbournetravelguide.html,ok
melbournetravelguide.html,meta,content,https://www.carltravels.com/melbounelogo.jpg,/melbounelogo.jpg,melbounelogo.jpg,ok
melbournetravelguide.html,link,href,/assets/css/styles.css,/assets/css/styles.css,assets/css/styles.css,ok
melbournetravelguide.html,link,href,https://www.carltravels.com/melbournetravelguide.html,/melbournetravelguide.html,melbournetravelguide.html,ok
melbournetravelguide.html,link,href,/assets/css/dark-theme-overrides.css,/assets/css/dark-theme-overrides.css,assets/css/dark-theme-overrides.css,ok
melbournetravelguide.html,a,href,/index.html,/index.html,index.html,ok
melbournetravelguide.html,a,href,/index.html,/index.html,index.html,ok
melbournetravelguide.html,a,href,/portfolio.html,/portfolio.html,portfolio.html,ok
melbournetravelguide.html,a,href,/films/martial-arts-documentary.html,/films/martial-arts-documentary.html,films/martial-arts-documentary.html,ok
melbournetravelguide.html,a,href,/blog.html,/blog.html,blog.html,ok
melbournetravelguide.html,a,href,/gear.html,/gear.html,gear.html,ok
melbournetravelguide.html,a,href,/destinations.html,/destinations.html,destinations.html,ok
melbournetravelguide.html,a,href,/about.html,/about.html,about.html,ok
melbournetravelguide.html,a,href,/donate.html,/donate.html,donate.html,ok
melbournetravelguide.html,a,href,/index.html,/index.html,index.html,ok
melbournetravelguide.html,a,href,/portfolio.html,/portfolio.html,portfolio.html,ok
melbournetravelguide.html,a,href,/films/martial-arts-documentary.html,/films/martial-arts-documentary.html,films/martial-arts-documentary.html,ok
melbournetravelguide.html,a,href,/blog.html,/blog.html,blog.html,ok
melbournetravelguide.html,a,href,/gear.html,/gear.html,gear.html,ok
melbournetravelguide.html,a,href,/destinations.html,/destinations.html,destinations.html,ok
melbournetravelguide.html,a,href,/about.html,/about.html,about.html,ok
melbournetravelguide.html,a,href,/donate.html,/donate.html,donate.html,ok
melbournetravelguide.html,a,href,/about.html,/about.html,about.html,ok
melbournetravelguide.html,a,href,/contact.html,/contact.html,contact.html,ok
melbournetravelguide.html,a,href,/blog.html,/blog.html,blog.html,ok
melbournetravelguide.html,a,href,/gear.html,/gear.html,gear.html,ok
melbournetravelguide.html,a,href,/destinations.html,/destinations.html,destinations.html,ok
melbournetravelguide.html,a,href,/contact.html,/contact.html,contact.html,ok
melbournetravelguide.html,a,href,/privacy-policy.html,/privacy-policy.html,privacy-policy.html,ok
melbournetravelguide.html,a,href,/affiliate-disclosure.html,/affiliate-disclosure.html,affiliate-disclosure.html,ok
melbournetravelguide.html,a,href,/terms-and-conditions.html,/terms-and-conditions.html,terms-and-conditions.html,ok
melbournetravelguide.html,script,src,/assets/js/site.js,/assets/js/site.js,assets/js/site.js,ok
muay-thai-thailand-koh-samui-guide.html,link,href,https://www.carltravels.com/muay-thai-thailand-koh-samui-guide.html,/muay-thai-thailand-koh-samui-guide.html,muay-thai-thailand-koh-samui-guide.html,ok
muay-thai-thailand-koh-samui-guide.html,meta,content,https://www.carltravels.com/muay-thai-thailand-koh-samui-guide.html,/muay-thai-thailand-koh-samui-guide.html,muay-thai-thailand-koh-samui-guide.html,ok
muay-thai-thailand-koh-samui-guide.html,link,href,/assets/css/styles.css,/assets/css/styles.css,assets/css/styles.css,ok
muay-thai-thailand-koh-samui-guide.html,link,href,/assets/css/dark-theme-overrides.css,/assets/css/dark-theme-overrides.css,assets/css/dark-theme-overrides.css,ok
muay-thai-thailand-koh-samui-guide.html,a,href,/index.html,/index.html,index.html,ok
muay-thai-thailand-koh-samui-guide.html,a,href,/index.html,/index.html,index.html,ok
muay-thai-thailand-koh-samui-guide.html,a,href,/portfolio.html,/portfolio.html,portfolio.html,ok
muay-thai-thailand-koh-samui-guide.html,a,href,/films/martial-arts-documentary.html,/films/martial-arts-documentary.html,films/martial-arts-documentary.html,ok
muay-thai-thailand-koh-samui-guide.html,a,href,/blog.html,/blog.html,blog.html,ok
muay-thai-thailand-koh-samui-guide.html,a,href,/gear.html,/gear.html,gear.html,ok
muay-thai-thailand-koh-samui-guide.html,a,href,/destinations.html,/destinations.html,destinations.html,ok
muay-thai-thailand-koh-samui-guide.html,a,href,/about.html,/about.html,about.html,ok
muay-thai-thailand-koh-samui-guide.html,a,href,/donate.html,/donate.html,donate.html,ok
muay-thai-thailand-koh-samui-guide.html,a,href,/index.html,/index.html,index.html,ok
muay-thai-thailand-koh-samui-guide.html,a,href,/portfolio.html,/portfolio.html,portfolio.html,ok
muay-thai-thailand-koh-samui-guide.html,a,href,/films/martial-arts-documentary.html,/films/martial-arts-documentary.html,films/martial-arts-documentary.html,ok
muay-thai-thailand-koh-samui-guide.html,a,href,/blog.html,/blog.html,blog.html,ok
muay-thai-thailand-koh-samui-guide.html,a,href,/gear.html,/gear.html,gear.html,ok
muay-thai-thailand-koh-samui-guide.html,a,href,/destinations.html,/destinations.html,destinations.html,ok
muay-thai-thailand-koh-samui-guide.html,a,href,/about.html,/about.html,about.html,ok
muay-thai-thailand-koh-samui-guide.html,a,href,/donate.html,/donate.html,donate.html,ok
muay-thai-thailand-koh-samui-guide.html,a,href,/contact.html,/contact.html,contact.html,ok
muay-thai-thailand-koh-samui-guide.html,a,href,/affiliate-disclosure.html,/affiliate-disclosure.html,affiliate-disclosure.html,ok
mytop10travelhacks.html,meta,content,https://www.carltravels.com/budgetravel.jpg,/budgetravel.jpg,budgetravel.jpg,ok
mytop10travelhacks.html,meta,content,https://www.carltravels.com/mytop10travelhacks.html,/mytop10travelhacks.html,mytop10travelhacks.html,ok
mytop10travelhacks.html,meta,content,https://www.carltravels.com/budgetravel.jpg,/budgetravel.jpg,budgetravel.jpg,ok
mytop10travelhacks.html,link,href,/assets/css/styles.css,/assets/css/styles.css,assets/css/styles.css,ok
mytop10travelhacks.html,link,href,https://www.carltravels.com/mytop10travelhacks.html,/mytop10travelhacks.html,mytop10travelhacks.html,ok
mytop10travelhacks.html,link,href,/assets/css/dark-theme-overrides.css,/assets/css/dark-theme-overrides.css,assets/css/dark-theme-overrides.css,ok
mytop10travelhacks.html,a,href,/index.html,/index.html,index.html,ok
mytop10travelhacks.html,a,href,/index.html,/index.html,index.html,ok
mytop10travelhacks.html,a,href,/portfolio.html,/portfolio.html,portfolio.html,ok
mytop10travelhacks.html,a,href,/films/martial-arts-documentary.html,/films/martial-arts-documentary.html,films/martial-arts-documentary.html,ok
mytop10travelhacks.html,a,href,/blog.html,/blog.html,blog.html,ok
mytop10travelhacks.html,a,href,/gear.html,/gear.html,gear.html,ok
mytop10travelhacks.html,a,href,/destinations.html,/destinations.html,destinations.html,ok
mytop10travelhacks.html,a,href,/about.html,/about.html,about.html,ok
mytop10travelhacks.html,a,href,/donate.html,/donate.html,donate.html,ok
mytop10travelhacks.html,a,href,/index.html,/index.html,index.html,ok
mytop10travelhacks.html,a,href,/portfolio.html,/portfolio.html,portfolio.html,ok
mytop10travelhacks.html,a,href,/films/martial-arts-documentary.html,/films/martial-arts-documentary.html,films/martial-arts-documentary.html,ok
mytop10travelhacks.html,a,href,/blog.html,/blog.html,blog.html,ok
mytop10travelhacks.html,a,href,/gear.html,/gear.html,gear.html,ok
mytop10travelhacks.html,a,href,/destinations.html,/destinations.html,destinations.html,ok
mytop10travelhacks.html,a,href,/about.html,/about.html,about.html,ok
mytop10travelhacks.html,a,href,/donate.html,/donate.html,donate.html,ok
mytop10travelhacks.html,a,href,blog.html,/blog.html,blog.html,ok
mytop10travelhacks.html,a,href,/about.html,/about.html,about.html,ok
mytop10travelhacks.html,a,href,/contact.html,/contact.html,contact.html,ok
mytop10travelhacks.html,a,href,/blog.html,/blog.html,blog.html,ok
mytop10travelhacks.html,a,href,/gear.html,/gear.html,gear.html,ok
mytop10travelhacks.html,a,href,/destinations.html,/destinations.html,destinations.html,ok
mytop10travelhacks.html,a,href,/contact.html,/contact.html,contact.html,ok
mytop10travelhacks.html,a,href,/privacy-policy.html,/privacy-policy.html,privacy-policy.html,ok
mytop10travelhacks.html,a,href,/affiliate-disclosure.html,/affiliate-disclosure.html,affiliate-disclosure.html,ok
mytop10travelhacks.html,a,href,/terms-and-conditions.html,/terms-and-conditions.html,terms-and-conditions.html,ok
mytop10travelhacks.html,script,src,/assets/js/site.js,/assets/js/site.js,assets/js/site.js,ok
ninhbinhtravelguide.html,meta,content,https://www.carltravels.com/ninhbinhtravelguide.html,/ninhbinhtravelguide.html,ninhbinhtravelguide.html,ok
ninhbinhtravelguide.html,link,href,/assets/css/styles.css,/assets/css/styles.css,assets/css/styles.css,ok
ninhbinhtravelguide.html,link,href,https://www.carltravels.com/ninhbinhtravelguide.html,/ninhbinhtravelguide.html,ninhbinhtravelguide.html,ok
ninhbinhtravelguide.html,link,href,/assets/css/dark-theme-overrides.css,/assets/css/dark-theme-overrides.css,assets/css/dark-theme-overrides.css,ok
ninhbinhtravelguide.html,a,href,/index.html,/index.html,index.html,ok
ninhbinhtravelguide.html,a,href,/index.html,/index.html,index.html,ok
ninhbinhtravelguide.html,a,href,/portfolio.html,/portfolio.html,portfolio.html,ok
ninhbinhtravelguide.html,a,href,/films/martial-arts-documentary.html,/films/martial-arts-documentary.html,films/martial-arts-documentary.html,ok
ninhbinhtravelguide.html,a,href,/blog.html,/blog.html,blog.html,ok
ninhbinhtravelguide.html,a,href,/gear.html,/gear.html,gear.html,ok
ninhbinhtravelguide.html,a,href,/destinations.html,/destinations.html,destinations.html,ok
ninhbinhtravelguide.html,a,href,/about.html,/about.html,about.html,ok
ninhbinhtravelguide.html,a,href,/donate.html,/donate.html,donate.html,ok
ninhbinhtravelguide.html,a,href,/index.html,/index.html,index.html,ok
ninhbinhtravelguide.html,a,href,/portfolio.html,/portfolio.html,portfolio.html,ok
ninhbinhtravelguide.html,a,href,/films/martial-arts-documentary.html,/films/martial-arts-documentary.html,films/martial-arts-documentary.html,ok
ninhbinhtravelguide.html,a,href,/blog.html,/blog.html,blog.html,ok
ninhbinhtravelguide.html,a,href,/gear.html,/gear.html,gear.html,ok
ninhbinhtravelguide.html,a,href,/destinations.html,/destinations.html,destinations.html,ok
ninhbinhtravelguide.html,a,href,/about.html,/about.html,about.html,ok
ninhbinhtravelguide.html,a,href,/donate.html,/donate.html,donate.html,ok
ninhbinhtravelguide.html,a,href,/about.html,/about.html,about.html,ok
ninhbinhtravelguide.html,a,href,/contact.html,/contact.html,contact.html,ok
ninhbinhtravelguide.html,a,href,/blog.html,/blog.html,blog.html,ok
ninhbinhtravelguide.html,a,href,/gear.html,/gear.html,gear.html,ok
ninhbinhtravelguide.html,a,href,/destinations.html,/destinations.html,destinations.html,ok
ninhbinhtravelguide.html,a,href,/contact.html,/contact.html,contact.html,ok
ninhbinhtravelguide.html,a,href,/privacy-policy.html,/privacy-policy.html,privacy-policy.html,ok
ninhbinhtravelguide.html,a,href,/affiliate-disclosure.html,/affiliate-disclosure.html,affiliate-disclosure.html,ok
ninhbinhtravelguide.html,a,href,/terms-and-conditions.html,/terms-and-conditions.html,terms-and-conditions.html,ok
ninhbinhtravelguide.html,script,src,/assets/js/site.js,/assets/js/site.js,assets/js/site.js,ok
nusa-lembongan-travel-guide/index.html,meta,content,https://www.carltravels.com/nusa-lembongan-travel-guide/,/nusa-lembongan-travel-guide/,nusa-lembongan-travel-guide/index.html,ok
nusa-lembongan-travel-guide/index.html,link,href,/assets/css/styles.css,/assets/css/styles.css,assets/css/styles.css,ok
nusa-lembongan-travel-guide/index.html,link,href,https://www.carltravels.com/nusa-lembongan-travel-guide/,/nusa-lembongan-travel-guide/,nusa-lembongan-travel-guide/index.html,ok
nusa-lembongan-travel-guide/index.html,link,href,/assets/css/dark-theme-overrides.css,/assets/css/dark-theme-overrides.css,assets/css/dark-theme-overrides.css,ok
nusa-lembongan-travel-guide/index.html,a,href,/index.html,/index.html,index.html,ok
nusa-lembongan-travel-guide/index.html,a,href,/index.html,/index.html,index.html,ok
nusa-lembongan-travel-guide/index.html,a,href,/portfolio.html,/portfolio.html,portfolio.html,ok
nusa-lembongan-travel-guide/index.html,a,href,/films/martial-arts-documentary.html,/films/martial-arts-documentary.html,films/martial-arts-documentary.html,ok
nusa-lembongan-travel-guide/index.html,a,href,/blog.html,/blog.html,blog.html,ok
nusa-lembongan-travel-guide/index.html,a,href,/gear.html,/gear.html,gear.html,ok
nusa-lembongan-travel-guide/index.html,a,href,/destinations.html,/destinations.html,destinations.html,ok
nusa-lembongan-travel-guide/index.html,a,href,/about.html,/about.html,about.html,ok
nusa-lembongan-travel-guide/index.html,a,href,/donate.html,/donate.html,donate.html,ok
nusa-lembongan-travel-guide/index.html,a,href,/index.html,/index.html,index.html,ok
nusa-lembongan-travel-guide/index.html,a,href,/portfolio.html,/portfolio.html,portfolio.html,ok
nusa-lembongan-travel-guide/index.html,a,href,/films/martial-arts-documentary.html,/films/martial-arts-documentary.html,films/martial-arts-documentary.html,ok
nusa-lembongan-travel-guide/index.html,a,href,/blog.html,/blog.html,blog.html,ok
nusa-lembongan-travel-guide/index.html,a,href,/gear.html,/gear.html,gear.html,ok
nusa-lembongan-travel-guide/index.html,a,href,/destinations.html,/destinations.html,destinations.html,ok
nusa-lembongan-travel-guide/index.html,a,href,/about.html,/about.html,about.html,ok
nusa-lembongan-travel-guide/index.html,a,href,/donate.html,/donate.html,donate.html,ok
nusa-lembongan-travel-guide/index.html,a,href,../balitravelguide.html,/balitravelguide.html,balitravelguide.html,ok
nusa-lembongan-travel-guide/index.html,a,href,../balitravelguide.html#sanur-guide,/balitravelguide.html,balitravelguide.html,ok
nusa-lembongan-travel-guide/index.html,a,href,../balitravelguide.html#nusa-ceningan-guide,/balitravelguide.html,balitravelguide.html,ok
nusa-lembongan-travel-guide/index.html,a,href,../balitravelguide.html#nusa-penida-guide,/balitravelguide.html,balitravelguide.html,ok
nusa-lembongan-travel-guide/index.html,a,href,/about.html,/about.html,about.html,ok
nusa-lembongan-travel-guide/index.html,a,href,/contact.html,/contact.html,contact.html,ok
nusa-lembongan-travel-guide/index.html,a,href,/blog.html,/blog.html,blog.html,ok
nusa-lembongan-travel-guide/index.html,a,href,/gear.html,/gear.html,gear.html,ok
nusa-lembongan-travel-guide/index.html,a,href,/destinations.html,/destinations.html,destinations.html,ok
nusa-lembongan-travel-guide/index.html,a,href,/contact.html,/contact.html,contact.html,ok
nusa-lembongan-travel-guide/index.html,a,href,/privacy-policy.html,/privacy-policy.html,privacy-policy.html,ok
nusa-lembongan-travel-guide/index.html,a,href,/affiliate-disclosure.html,/affiliate-disclosure.html,affiliate-disclosure.html,ok
nusa-lembongan-travel-guide/index.html,a,href,/terms-and-conditions.html,/terms-and-conditions.html,terms-and-conditions.html,ok
nusa-lembongan-travel-guide/index.html,script,src,/assets/js/site.js,/assets/js/site.js,assets/js/site.js,ok
nusalembongan.html,link,href,https://www.carltravels.com/nusalembongan.html,/nusalembongan.html,nusalembongan.html,ok
nusalembongan.html,link,href,styles.css,/styles.css,styles.css,ok
nusalembongan.html,link,href,/assets/css/dark-theme-overrides.css,/assets/css/dark-theme-overrides.css,assets/css/dark-theme-overrides.css,ok
nusalembongan.html,a,href,/destinations.html,/destinations.html,destinations.html,ok
nusalembongan.html,a,href,/balitravelguide.html,/balitravelguide.html,balitravelguide.html,ok
nusalembongan.html,a,href,/phuketravelguide.html,/phuketravelguide.html,phuketravelguide.html,ok
nusalembongan.html,a,href,/daily-essential-travel-gear.html,/daily-essential-travel-gear.html,daily-essential-travel-gear.html,ok
old-quarter-scams-hanoi.html,meta,content,https://www.carltravels.com/old-quarter-scams-hanoi.html,/old-quarter-scams-hanoi.html,old-quarter-scams-hanoi.html,ok
old-quarter-scams-hanoi.html,link,href,/assets/css/styles.css,/assets/css/styles.css,assets/css/styles.css,ok
old-quarter-scams-hanoi.html,link,href,https://www.carltravels.com/old-quarter-scams-hanoi.html,/old-quarter-scams-hanoi.html,old-quarter-scams-hanoi.html,ok
old-quarter-scams-hanoi.html,link,href,/assets/css/dark-theme-overrides.css,/assets/css/dark-theme-overrides.css,assets/css/dark-theme-overrides.css,ok
old-quarter-scams-hanoi.html,a,href,/index.html,/index.html,index.html,ok
old-quarter-scams-hanoi.html,a,href,/index.html,/index.html,index.html,ok
old-quarter-scams-hanoi.html,a,href,/portfolio.html,/portfolio.html,portfolio.html,ok
old-quarter-scams-hanoi.html,a,href,/films/martial-arts-documentary.html,/films/martial-arts-documentary.html,films/martial-arts-documentary.html,ok
old-quarter-scams-hanoi.html,a,href,/blog.html,/blog.html,blog.html,ok
old-quarter-scams-hanoi.html,a,href,/gear.html,/gear.html,gear.html,ok
old-quarter-scams-hanoi.html,a,href,/destinations.html,/destinations.html,destinations.html,ok
old-quarter-scams-hanoi.html,a,href,/about.html,/about.html,about.html,ok
old-quarter-scams-hanoi.html,a,href,/donate.html,/donate.html,donate.html,ok
old-quarter-scams-hanoi.html,a,href,/index.html,/index.html,index.html,ok
old-quarter-scams-hanoi.html,a,href,/portfolio.html,/portfolio.html,portfolio.html,ok
old-quarter-scams-hanoi.html,a,href,/films/martial-arts-documentary.html,/films/martial-arts-documentary.html,films/martial-arts-documentary.html,ok
old-quarter-scams-hanoi.html,a,href,/blog.html,/blog.html,blog.html,ok
old-quarter-scams-hanoi.html,a,href,/gear.html,/gear.html,gear.html,ok
old-quarter-scams-hanoi.html,a,href,/destinations.html,/destinations.html,destinations.html,ok
old-quarter-scams-hanoi.html,a,href,/about.html,/about.html,about.html,ok
old-quarter-scams-hanoi.html,a,href,/donate.html,/donate.html,donate.html,ok
old-quarter-scams-hanoi.html,a,href,/about.html,/about.html,about.html,ok
old-quarter-scams-hanoi.html,a,href,/contact.html,/contact.html,contact.html,ok
old-quarter-scams-hanoi.html,a,href,/blog.html,/blog.html,blog.html,ok
old-quarter-scams-hanoi.html,a,href,/gear.html,/gear.html,gear.html,ok
old-quarter-scams-hanoi.html,a,href,/destinations.html,/destinations.html,destinations.html,ok
old-quarter-scams-hanoi.html,a,href,/contact.html,/contact.html,contact.html,ok
old-quarter-scams-hanoi.html,a,href,/privacy-policy.html,/privacy-policy.html,privacy-policy.html,ok
old-quarter-scams-hanoi.html,a,href,/affiliate-disclosure.html,/affiliate-disclosure.html,affiliate-disclosure.html,ok
old-quarter-scams-hanoi.html,a,href,/terms-and-conditions.html,/terms-and-conditions.html,terms-and-conditions.html,ok
one-day-in-hcmc-guide.html,meta,content,https://www.carltravels.com/southeastasia.jpg,/southeastasia.jpg,southeastasia.jpg,ok
one-day-in-hcmc-guide.html,meta,content,https://www.carltravels.com/one-day-in-hcmc-guide.html,/one-day-in-hcmc-guide.html,one-day-in-hcmc-guide.html,ok
one-day-in-hcmc-guide.html,meta,content,https://www.carltravels.com/southeastasia.jpg,/southeastasia.jpg,southeastasia.jpg,ok
one-day-in-hcmc-guide.html,link,href,/assets/css/styles.css,/assets/css/styles.css,assets/css/styles.css,ok
one-day-in-hcmc-guide.html,link,href,https://www.carltravels.com/one-day-in-hcmc-guide.html,/one-day-in-hcmc-guide.html,one-day-in-hcmc-guide.html,ok
one-day-in-hcmc-guide.html,link,href,/assets/css/dark-theme-overrides.css,/assets/css/dark-theme-overrides.css,assets/css/dark-theme-overrides.css,ok
one-day-in-hcmc-guide.html,a,href,/index.html,/index.html,index.html,ok
one-day-in-hcmc-guide.html,a,href,/index.html,/index.html,index.html,ok
one-day-in-hcmc-guide.html,a,href,/portfolio.html,/portfolio.html,portfolio.html,ok
one-day-in-hcmc-guide.html,a,href,/films/martial-arts-documentary.html,/films/martial-arts-documentary.html,films/martial-arts-documentary.html,ok
one-day-in-hcmc-guide.html,a,href,/blog.html,/blog.html,blog.html,ok
one-day-in-hcmc-guide.html,a,href,/gear.html,/gear.html,gear.html,ok
one-day-in-hcmc-guide.html,a,href,/destinations.html,/destinations.html,destinations.html,ok
one-day-in-hcmc-guide.html,a,href,/about.html,/about.html,about.html,ok
one-day-in-hcmc-guide.html,a,href,/donate.html,/donate.html,donate.html,ok
one-day-in-hcmc-guide.html,a,href,/index.html,/index.html,index.html,ok
one-day-in-hcmc-guide.html,a,href,/portfolio.html,/portfolio.html,portfolio.html,ok
one-day-in-hcmc-guide.html,a,href,/films/martial-arts-documentary.html,/films/martial-arts-documentary.html,films/martial-arts-documentary.html,ok
one-day-in-hcmc-guide.html,a,href,/blog.html,/blog.html,blog.html,ok
one-day-in-hcmc-guide.html,a,href,/gear.html,/gear.html,gear.html,ok
one-day-in-hcmc-guide.html,a,href,/destinations.html,/destinations.html,destinations.html,ok
one-day-in-hcmc-guide.html,a,href,/about.html,/about.html,about.html,ok
one-day-in-hcmc-guide.html,a,href,/donate.html,/donate.html,donate.html,ok
one-day-in-hcmc-guide.html,a,href,/about.html,/about.html,about.html,ok
one-day-in-hcmc-guide.html,a,href,/contact.html,/contact.html,contact.html,ok
one-day-in-hcmc-guide.html,a,href,/blog.html,/blog.html,blog.html,ok
one-day-in-hcmc-guide.html,a,href,/gear.html,/gear.html,gear.html,ok
one-day-in-hcmc-guide.html,a,href,/destinations.html,/destinations.html,destinations.html,ok
one-day-in-hcmc-guide.html,a,href,/contact.html,/contact.html,contact.html,ok
one-day-in-hcmc-guide.html,a,href,/privacy-policy.html,/privacy-policy.html,privacy-policy.html,ok
one-day-in-hcmc-guide.html,a,href,/affiliate-disclosure.html,/affiliate-disclosure.html,affiliate-disclosure.html,ok
one-day-in-hcmc-guide.html,a,href,/terms-and-conditions.html,/terms-and-conditions.html,terms-and-conditions.html,ok
one-day-in-hcmc-guide.html,script,src,/assets/js/site.js,/assets/js/site.js,assets/js/site.js,ok
osakatravelguide.html,meta,content,https://www.carltravels.com/osakalogo.jpg,/osakalogo.jpg,osakalogo.jpg,ok
osakatravelguide.html,meta,content,https://www.carltravels.com/osakatravelguide.html,/osakatravelguide.html,osakatravelguide.html,ok
osakatravelguide.html,meta,content,https://www.carltravels.com/osakalogo.jpg,/osakalogo.jpg,osakalogo.jpg,ok
osakatravelguide.html,link,href,/assets/css/styles.css,/assets/css/styles.css,assets/css/styles.css,ok
osakatravelguide.html,link,href,https://www.carltravels.com/osakatravelguide.html,/osakatravelguide.html,osakatravelguide.html,ok
osakatravelguide.html,link,href,/assets/css/dark-theme-overrides.css,/assets/css/dark-theme-overrides.css,assets/css/dark-theme-overrides.css,ok
osakatravelguide.html,a,href,/index.html,/index.html,index.html,ok
osakatravelguide.html,a,href,/index.html,/index.html,index.html,ok
osakatravelguide.html,a,href,/portfolio.html,/portfolio.html,portfolio.html,ok
osakatravelguide.html,a,href,/films/martial-arts-documentary.html,/films/martial-arts-documentary.html,films/martial-arts-documentary.html,ok
osakatravelguide.html,a,href,/blog.html,/blog.html,blog.html,ok
osakatravelguide.html,a,href,/gear.html,/gear.html,gear.html,ok
osakatravelguide.html,a,href,/destinations.html,/destinations.html,destinations.html,ok
osakatravelguide.html,a,href,/about.html,/about.html,about.html,ok
osakatravelguide.html,a,href,/donate.html,/donate.html,donate.html,ok
osakatravelguide.html,a,href,/index.html,/index.html,index.html,ok
osakatravelguide.html,a,href,/portfolio.html,/portfolio.html,portfolio.html,ok
osakatravelguide.html,a,href,/films/martial-arts-documentary.html,/films/martial-arts-documentary.html,films/martial-arts-documentary.html,ok
osakatravelguide.html,a,href,/blog.html,/blog.html,blog.html,ok
osakatravelguide.html,a,href,/gear.html,/gear.html,gear.html,ok
osakatravelguide.html,a,href,/destinations.html,/destinations.html,destinations.html,ok
osakatravelguide.html,a,href,/about.html,/about.html,about.html,ok
osakatravelguide.html,a,href,/donate.html,/donate.html,donate.html,ok
osakatravelguide.html,a,href,videos/osaka-dotonbori-at-night.html,/videos/osaka-dotonbori-at-night.html,videos/osaka-dotonbori-at-night.html,ok
osakatravelguide.html,a,href,videos/osaka-expo-70-park-journey.html,/videos/osaka-expo-70-park-journey.html,videos/osaka-expo-70-park-journey.html,ok
osakatravelguide.html,a,href,videos/osaka-kobe-beef-experience.html,/videos/osaka-kobe-beef-experience.html,videos/osaka-kobe-beef-experience.html,ok
osakatravelguide.html,a,href,/about.html,/about.html,about.html,ok
osakatravelguide.html,a,href,/contact.html,/contact.html,contact.html,ok
osakatravelguide.html,a,href,/blog.html,/blog.html,blog.html,ok
osakatravelguide.html,a,href,/gear.html,/gear.html,gear.html,ok
osakatravelguide.html,a,href,/destinations.html,/destinations.html,destinations.html,ok
osakatravelguide.html,a,href,/contact.html,/contact.html,contact.html,ok
osakatravelguide.html,a,href,/privacy-policy.html,/privacy-policy.html,privacy-policy.html,ok
osakatravelguide.html,a,href,/affiliate-disclosure.html,/affiliate-disclosure.html,affiliate-disclosure.html,ok
osakatravelguide.html,a,href,/terms-and-conditions.html,/terms-and-conditions.html,terms-and-conditions.html,ok
osakatravelguide.html,script,src,/assets/js/site.js,/assets/js/site.js,assets/js/site.js,ok
phuketravelguide.html,meta,content,https://www.carltravels.com/phuketlogo.jpg,/phuketlogo.jpg,phuketlogo.jpg,ok
phuketravelguide.html,meta,content,https://www.carltravels.com/phuketravelguide.html,/phuketravelguide.html,phuketravelguide.html,ok
phuketravelguide.html,meta,content,https://www.carltravels.com/phuketlogo.jpg,/phuketlogo.jpg,phuketlogo.jpg,ok
phuketravelguide.html,link,href,/assets/css/styles.css,/assets/css/styles.css,assets/css/styles.css,ok
phuketravelguide.html,link,href,https://www.carltravels.com/phuketravelguide.html,/phuketravelguide.html,phuketravelguide.html,ok
phuketravelguide.html,link,href,/assets/css/dark-theme-overrides.css,/assets/css/dark-theme-overrides.css,assets/css/dark-theme-overrides.css,ok
phuketravelguide.html,a,href,/index.html,/index.html,index.html,ok
phuketravelguide.html,a,href,/index.html,/index.html,index.html,ok
phuketravelguide.html,a,href,/portfolio.html,/portfolio.html,portfolio.html,ok
phuketravelguide.html,a,href,/films/martial-arts-documentary.html,/films/martial-arts-documentary.html,films/martial-arts-documentary.html,ok
phuketravelguide.html,a,href,/blog.html,/blog.html,blog.html,ok
phuketravelguide.html,a,href,/gear.html,/gear.html,gear.html,ok
phuketravelguide.html,a,href,/destinations.html,/destinations.html,destinations.html,ok
phuketravelguide.html,a,href,/about.html,/about.html,about.html,ok
phuketravelguide.html,a,href,/donate.html,/donate.html,donate.html,ok
phuketravelguide.html,a,href,/index.html,/index.html,index.html,ok
phuketravelguide.html,a,href,/portfolio.html,/portfolio.html,portfolio.html,ok
phuketravelguide.html,a,href,/films/martial-arts-documentary.html,/films/martial-arts-documentary.html,films/martial-arts-documentary.html,ok
phuketravelguide.html,a,href,/blog.html,/blog.html,blog.html,ok
phuketravelguide.html,a,href,/gear.html,/gear.html,gear.html,ok
phuketravelguide.html,a,href,/destinations.html,/destinations.html,destinations.html,ok
phuketravelguide.html,a,href,/about.html,/about.html,about.html,ok
phuketravelguide.html,a,href,/donate.html,/donate.html,donate.html,ok
phuketravelguide.html,a,href,destinations.html,/destinations.html,destinations.html,ok
phuketravelguide.html,a,href,/about.html,/about.html,about.html,ok
phuketravelguide.html,a,href,/contact.html,/contact.html,contact.html,ok
phuketravelguide.html,a,href,/blog.html,/blog.html,blog.html,ok
phuketravelguide.html,a,href,/gear.html,/gear.html,gear.html,ok
phuketravelguide.html,a,href,/destinations.html,/destinations.html,destinations.html,ok
phuketravelguide.html,a,href,/contact.html,/contact.html,contact.html,ok
phuketravelguide.html,a,href,/privacy-policy.html,/privacy-policy.html,privacy-policy.html,ok
phuketravelguide.html,a,href,/affiliate-disclosure.html,/affiliate-disclosure.html,affiliate-disclosure.html,ok
phuketravelguide.html,a,href,/terms-and-conditions.html,/terms-and-conditions.html,terms-and-conditions.html,ok
phuketravelguide.html,script,src,/assets/js/site.js,/assets/js/site.js,assets/js/site.js,ok
phuquoctravelguide.html,meta,content,https://www.carltravels.com/phuquoctravelguide.html,/phuquoctravelguide.html,phuquoctravelguide.html,ok
phuquoctravelguide.html,link,href,/assets/css/styles.css,/assets/css/styles.css,assets/css/styles.css,ok
phuquoctravelguide.html,link,href,https://www.carltravels.com/phuquoctravelguide.html,/phuquoctravelguide.html,phuquoctravelguide.html,ok
phuquoctravelguide.html,link,href,/assets/css/dark-theme-overrides.css,/assets/css/dark-theme-overrides.css,assets/css/dark-theme-overrides.css,ok
phuquoctravelguide.html,a,href,/index.html,/index.html,index.html,ok
phuquoctravelguide.html,a,href,/index.html,/index.html,index.html,ok
phuquoctravelguide.html,a,href,/portfolio.html,/portfolio.html,portfolio.html,ok
phuquoctravelguide.html,a,href,/films/martial-arts-documentary.html,/films/martial-arts-documentary.html,films/martial-arts-documentary.html,ok
phuquoctravelguide.html,a,href,/blog.html,/blog.html,blog.html,ok
phuquoctravelguide.html,a,href,/gear.html,/gear.html,gear.html,ok
phuquoctravelguide.html,a,href,/destinations.html,/destinations.html,destinations.html,ok
phuquoctravelguide.html,a,href,/about.html,/about.html,about.html,ok
phuquoctravelguide.html,a,href,/donate.html,/donate.html,donate.html,ok
phuquoctravelguide.html,a,href,/index.html,/index.html,index.html,ok
phuquoctravelguide.html,a,href,/portfolio.html,/portfolio.html,portfolio.html,ok
phuquoctravelguide.html,a,href,/films/martial-arts-documentary.html,/films/martial-arts-documentary.html,films/martial-arts-documentary.html,ok
phuquoctravelguide.html,a,href,/blog.html,/blog.html,blog.html,ok
phuquoctravelguide.html,a,href,/gear.html,/gear.html,gear.html,ok
phuquoctravelguide.html,a,href,/destinations.html,/destinations.html,destinations.html,ok
phuquoctravelguide.html,a,href,/about.html,/about.html,about.html,ok
phuquoctravelguide.html,a,href,/donate.html,/donate.html,donate.html,ok
phuquoctravelguide.html,a,href,/hanoitravelguide.html,/hanoitravelguide.html,hanoitravelguide.html,ok
phuquoctravelguide.html,a,href,/danangtravelguide.html,/danangtravelguide.html,danangtravelguide.html,ok
phuquoctravelguide.html,a,href,/vietnam-e-visa-2026-guide.html,/vietnam-e-visa-2026-guide.html,vietnam-e-visa-2026-guide.html,ok
phuquoctravelguide.html,a,href,/destinations.html,/destinations.html,destinations.html,ok
phuquoctravelguide.html,a,href,/contact.html,/contact.html,contact.html,ok
phuquoctravelguide.html,a,href,/affiliate-disclosure.html,/affiliate-disclosure.html,affiliate-disclosure.html,ok
phuquoctravelguide.html,script,src,/assets/js/site.js,/assets/js/site.js,assets/js/site.js,ok
port-douglas-travel-guide/index.html,meta,content,https://www.carltravels.com/port-douglas-travel-guide/,/port-douglas-travel-guide/,port-douglas-travel-guide/index.html,ok
port-douglas-travel-guide/index.html,link,href,https://www.carltravels.com/port-douglas-travel-guide/,/port-douglas-travel-guide/,port-douglas-travel-guide/index.html,ok
port-douglas-travel-guide/index.html,link,href,/assets/css/dark-theme-overrides.css,/assets/css/dark-theme-overrides.css,assets/css/dark-theme-overrides.css,ok
port-douglas-travel-guide/index.html,a,href,/index.html,/index.html,index.html,ok
port-douglas-travel-guide/index.html,a,href,/index.html,/index.html,index.html,ok
port-douglas-travel-guide/index.html,a,href,/portfolio.html,/portfolio.html,portfolio.html,ok
port-douglas-travel-guide/index.html,a,href,/films/martial-arts-documentary.html,/films/martial-arts-documentary.html,films/martial-arts-documentary.html,ok
port-douglas-travel-guide/index.html,a,href,/blog.html,/blog.html,blog.html,ok
port-douglas-travel-guide/index.html,a,href,/gear.html,/gear.html,gear.html,ok
port-douglas-travel-guide/index.html,a,href,/destinations.html,/destinations.html,destinations.html,ok
port-douglas-travel-guide/index.html,a,href,/about.html,/about.html,about.html,ok
port-douglas-travel-guide/index.html,a,href,/donate.html,/donate.html,donate.html,ok
port-douglas-travel-guide/index.html,a,href,/index.html,/index.html,index.html,ok
port-douglas-travel-guide/index.html,a,href,/portfolio.html,/portfolio.html,portfolio.html,ok
port-douglas-travel-guide/index.html,a,href,/films/martial-arts-documentary.html,/films/martial-arts-documentary.html,films/martial-arts-documentary.html,ok
port-douglas-travel-guide/index.html,a,href,/blog.html,/blog.html,blog.html,ok
port-douglas-travel-guide/index.html,a,href,/gear.html,/gear.html,gear.html,ok
port-douglas-travel-guide/index.html,a,href,/destinations.html,/destinations.html,destinations.html,ok
port-douglas-travel-guide/index.html,a,href,/about.html,/about.html,about.html,ok
port-douglas-travel-guide/index.html,a,href,/donate.html,/donate.html,donate.html,ok
port-douglas-travel-guide/index.html,a,href,../cairnstravelguide.html,/cairnstravelguide.html,cairnstravelguide.html,ok
port-douglas-travel-guide/index.html,a,href,../farnorthqueenslandtravelguide.html,/farnorthqueenslandtravelguide.html,farnorthqueenslandtravelguide.html,ok
port-douglas-travel-guide/index.html,a,href,../melbournetravelguide.html,/melbournetravelguide.html,melbournetravelguide.html,ok
port-douglas-travel-guide/index.html,a,href,/about.html,/about.html,about.html,ok
port-douglas-travel-guide/index.html,a,href,/contact.html,/contact.html,contact.html,ok
port-douglas-travel-guide/index.html,a,href,/blog.html,/blog.html,blog.html,ok
port-douglas-travel-guide/index.html,a,href,/gear.html,/gear.html,gear.html,ok
port-douglas-travel-guide/index.html,a,href,/destinations.html,/destinations.html,destinations.html,ok
port-douglas-travel-guide/index.html,a,href,/contact.html,/contact.html,contact.html,ok
port-douglas-travel-guide/index.html,a,href,/privacy-policy.html,/privacy-policy.html,privacy-policy.html,ok
port-douglas-travel-guide/index.html,a,href,/affiliate-disclosure.html,/affiliate-disclosure.html,affiliate-disclosure.html,ok
port-douglas-travel-guide/index.html,a,href,/terms-and-conditions.html,/terms-and-conditions.html,terms-and-conditions.html,ok
portdouglas.html,meta,content,https://www.carltravels.com/portdouglas.html,/portdouglas.html,portdouglas.html,ok
portdouglas.html,meta,content,https://www.carltravels.com/portdouglas.html,/portdouglas.html,portdouglas.html,ok
portdouglas.html,meta,content,https://www.carltravels.com/portdouglas.html,/portdouglas.html,portdouglas.html,ok
portdouglas.html,link,href,styles.css,/styles.css,styles.css,ok
portdouglas.html,link,href,city.css,/city.css,city.css,ok
portdouglas.html,link,href,favicon.ico,/favicon.ico,favicon.ico,ok
portdouglas.html,link,href,https://www.carltravels.com/portdouglas.html,/portdouglas.html,portdouglas.html,ok
portdouglas.html,link,href,/assets/css/dark-theme-overrides.css,/assets/css/dark-theme-overrides.css,assets/css/dark-theme-overrides.css,ok
portdouglas.html,a,href,index.html,/index.html,index.html,ok
portdouglas.html,a,href,/index.html,/index.html,index.html,ok
portdouglas.html,a,href,/index.html,/index.html,index.html,ok
portdouglas.html,a,href,/portfolio.html,/portfolio.html,portfolio.html,ok
portdouglas.html,a,href,/films/martial-arts-documentary.html,/films/martial-arts-documentary.html,films/martial-arts-documentary.html,ok
portdouglas.html,a,href,/blog.html,/blog.html,blog.html,ok
portdouglas.html,a,href,/gear.html,/gear.html,gear.html,ok
portdouglas.html,a,href,/destinations.html,/destinations.html,destinations.html,ok
portdouglas.html,a,href,/about.html,/about.html,about.html,ok
portdouglas.html,a,href,/donate.html,/donate.html,donate.html,ok
portdouglas.html,a,href,/index.html,/index.html,index.html,ok
portdouglas.html,a,href,/portfolio.html,/portfolio.html,portfolio.html,ok
portdouglas.html,a,href,/films/martial-arts-documentary.html,/films/martial-arts-documentary.html,films/martial-arts-documentary.html,ok
portdouglas.html,a,href,/blog.html,/blog.html,blog.html,ok
portdouglas.html,a,href,/gear.html,/gear.html,gear.html,ok
portdouglas.html,a,href,/destinations.html,/destinations.html,destinations.html,ok
portdouglas.html,a,href,/about.html,/about.html,about.html,ok
portdouglas.html,a,href,/donate.html,/donate.html,donate.html,ok
portdouglas.html,img,src,facebook.png,/facebook.png,facebook.png,ok
portdouglas.html,img,src,instagram.png,/instagram.png,instagram.png,ok
portdouglas.html,img,src,youtube.png,/youtube.png,youtube.png,ok
portdouglas.html,a,href,index.html,/index.html,index.html,ok
portdouglas.html,a,href,destinations.html,/destinations.html,destinations.html,ok
portdouglas.html,a,href,/about.html,/about.html,about.html,ok
portdouglas.html,a,href,/contact.html,/contact.html,contact.html,ok
portdouglas.html,a,href,/blog.html,/blog.html,blog.html,ok
portdouglas.html,a,href,/gear.html,/gear.html,gear.html,ok
portdouglas.html,a,href,/destinations.html,/destinations.html,destinations.html,ok
portdouglas.html,a,href,/contact.html,/contact.html,contact.html,ok
portdouglas.html,a,href,/privacy-policy.html,/privacy-policy.html,privacy-policy.html,ok
portdouglas.html,a,href,/affiliate-disclosure.html,/affiliate-disclosure.html,affiliate-disclosure.html,ok
portdouglas.html,a,href,/terms-and-conditions.html,/terms-and-conditions.html,terms-and-conditions.html,ok
portdouglas.html,img,src,facebook.png,/facebook.png,facebook.png,ok
portdouglas.html,img,src,instagram.png,/instagram.png,instagram.png,ok
portdouglas.html,img,src,youtube.png,/youtube.png,youtube.png,ok
portfolio.html,link,href,https://www.carltravels.com/portfolio.html,/portfolio.html,portfolio.html,ok
portfolio.html,meta,content,https://www.carltravels.com/carlaboutme.jpg,/carlaboutme.jpg,carlaboutme.jpg,ok
portfolio.html,meta,content,https://www.carltravels.com/portfolio.html,/portfolio.html,portfolio.html,ok
portfolio.html,meta,content,https://www.carltravels.com/carlaboutme.jpg,/carlaboutme.jpg,carlaboutme.jpg,ok
portfolio.html,link,href,/assets/css/styles.css,/assets/css/styles.css,assets/css/styles.css,ok
portfolio.html,link,href,/assets/css/dark-theme-overrides.css,/assets/css/dark-theme-overrides.css,assets/css/dark-theme-overrides.css,ok
portfolio.html,a,href,/index.html,/index.html,index.html,ok
portfolio.html,a,href,/index.html,/index.html,index.html,ok
portfolio.html,a,href,/portfolio.html,/portfolio.html,portfolio.html,ok
portfolio.html,a,href,/films/martial-arts-documentary.html,/films/martial-arts-documentary.html,films/martial-arts-documentary.html,ok
portfolio.html,a,href,/blog.html,/blog.html,blog.html,ok
portfolio.html,a,href,/gear.html,/gear.html,gear.html,ok
portfolio.html,a,href,/destinations.html,/destinations.html,destinations.html,ok
portfolio.html,a,href,/about.html,/about.html,about.html,ok
portfolio.html,a,href,/donate.html,/donate.html,donate.html,ok
portfolio.html,a,href,/index.html,/index.html,index.html,ok
portfolio.html,a,href,/portfolio.html,/portfolio.html,portfolio.html,ok
portfolio.html,a,href,/films/martial-arts-documentary.html,/films/martial-arts-documentary.html,films/martial-arts-documentary.html,ok
portfolio.html,a,href,/blog.html,/blog.html,blog.html,ok
portfolio.html,a,href,/gear.html,/gear.html,gear.html,ok
portfolio.html,a,href,/destinations.html,/destinations.html,destinations.html,ok
portfolio.html,a,href,/about.html,/about.html,about.html,ok
portfolio.html,a,href,/donate.html,/donate.html,donate.html,ok
portfolio.html,a,href,videos/music-video-1.html,/videos/music-video-1.html,videos/music-video-1.html,ok
portfolio.html,a,href,videos/music-video-2.html,/videos/music-video-2.html,videos/music-video-2.html,ok
portfolio.html,a,href,videos/music-video-3.html,/videos/music-video-3.html,videos/music-video-3.html,ok
portfolio.html,a,href,videos/wedding-film-1.html,/videos/wedding-film-1.html,videos/wedding-film-1.html,ok
portfolio.html,a,href,videos/wedding-film-2.html,/videos/wedding-film-2.html,videos/wedding-film-2.html,ok
portfolio.html,a,href,videos/wedding-film-3.html,/videos/wedding-film-3.html,videos/wedding-film-3.html,ok
portfolio.html,a,href,videos/commercial-1.html,/videos/commercial-1.html,videos/commercial-1.html,ok
portfolio.html,a,href,videos/commercial-2.html,/videos/commercial-2.html,videos/commercial-2.html,ok
portfolio.html,a,href,videos/commercial-3.html,/videos/commercial-3.html,videos/commercial-3.html,ok
portfolio.html,a,href,finedininginhanoi.html,/finedininginhanoi.html,finedininginhanoi.html,ok
portfolio.html,a,href,/about.html,/about.html,about.html,ok
portfolio.html,a,href,/contact.html,/contact.html,contact.html,ok
portfolio.html,a,href,/blog.html,/blog.html,blog.html,ok
portfolio.html,a,href,/gear.html,/gear.html,gear.html,ok
portfolio.html,a,href,/destinations.html,/destinations.html,destinations.html,ok
portfolio.html,a,href,/contact.html,/contact.html,contact.html,ok
portfolio.html,a,href,/privacy-policy.html,/privacy-policy.html,privacy-policy.html,ok
portfolio.html,a,href,/affiliate-disclosure.html,/affiliate-disclosure.html,affiliate-disclosure.html,ok
portfolio.html,a,href,/terms-and-conditions.html,/terms-and-conditions.html,terms-and-conditions.html,ok
portfolio.html,script,src,/assets/js/site.js,/assets/js/site.js,assets/js/site.js,ok
privacy-policy.html,link,href,https://www.carltravels.com/privacy-policy.html,/privacy-policy.html,privacy-policy.html,ok
privacy-policy.html,meta,content,https://www.carltravels.com/topbanner.png,/topbanner.png,topbanner.png,ok
privacy-policy.html,meta,content,https://www.carltravels.com/privacy-policy.html,/privacy-policy.html,privacy-policy.html,ok
privacy-policy.html,meta,content,https://www.carltravels.com/carl-tomich-director.jpg,/carl-tomich-director.jpg,carl-tomich-director.jpg,ok
privacy-policy.html,link,href,/assets/css/styles.css,/assets/css/styles.css,assets/css/styles.css,ok
privacy-policy.html,link,href,/assets/css/dark-theme-overrides.css,/assets/css/dark-theme-overrides.css,assets/css/dark-theme-overrides.css,ok
privacy-policy.html,a,href,/index.html,/index.html,index.html,ok
privacy-policy.html,a,href,/index.html,/index.html,index.html,ok
privacy-policy.html,a,href,/portfolio.html,/portfolio.html,portfolio.html,ok
privacy-policy.html,a,href,/films/martial-arts-documentary.html,/films/martial-arts-documentary.html,films/martial-arts-documentary.html,ok
privacy-policy.html,a,href,/blog.html,/blog.html,blog.html,ok
privacy-policy.html,a,href,/gear.html,/gear.html,gear.html,ok
privacy-policy.html,a,href,/destinations.html,/destinations.html,destinations.html,ok
privacy-policy.html,a,href,/about.html,/about.html,about.html,ok
privacy-policy.html,a,href,/donate.html,/donate.html,donate.html,ok
privacy-policy.html,a,href,/index.html,/index.html,index.html,ok
privacy-policy.html,a,href,/portfolio.html,/portfolio.html,portfolio.html,ok
privacy-policy.html,a,href,/films/martial-arts-documentary.html,/films/martial-arts-documentary.html,films/martial-arts-documentary.html,ok
privacy-policy.html,a,href,/blog.html,/blog.html,blog.html,ok
privacy-policy.html,a,href,/gear.html,/gear.html,gear.html,ok
privacy-policy.html,a,href,/destinations.html,/destinations.html,destinations.html,ok
privacy-policy.html,a,href,/about.html,/about.html,about.html,ok
privacy-policy.html,a,href,/donate.html,/donate.html,donate.html,ok
privacy-policy.html,img,src,/topbanner.png,/topbanner.png,topbanner.png,ok
privacy-policy.html,a,href,index.html#contact,/index.html,index.html,ok
privacy-policy.html,a,href,/about.html,/about.html,about.html,ok
privacy-policy.html,a,href,/contact.html,/contact.html,contact.html,ok
privacy-policy.html,a,href,/blog.html,/blog.html,blog.html,ok
privacy-policy.html,a,href,/gear.html,/gear.html,gear.html,ok
privacy-policy.html,a,href,/destinations.html,/destinations.html,destinations.html,ok
privacy-policy.html,a,href,/contact.html,/contact.html,contact.html,ok
privacy-policy.html,a,href,/privacy-policy.html,/privacy-policy.html,privacy-policy.html,ok
privacy-policy.html,a,href,/affiliate-disclosure.html,/affiliate-disclosure.html,affiliate-disclosure.html,ok
privacy-policy.html,a,href,/terms-and-conditions.html,/terms-and-conditions.html,terms-and-conditions.html,ok
privacy-policy.html,script,src,/assets/js/site.js,/assets/js/site.js,assets/js/site.js,ok
pros-and-cons-and-cost-of-living-in-hanoi.html,meta,content,https://www.carltravels.com/hanoilogo.jpg,/hanoilogo.jpg,hanoilogo.jpg,ok
pros-and-cons-and-cost-of-living-in-hanoi.html,meta,content,https://www.carltravels.com/pros-and-cons-and-cost-of-living-in-hanoi.html,/pros-and-cons-and-cost-of-living-in-hanoi.html,pros-and-cons-and-cost-of-living-in-hanoi.html,ok
pros-and-cons-and-cost-of-living-in-hanoi.html,meta,content,https://www.carltravels.com/hanoilogo.jpg,/hanoilogo.jpg,hanoilogo.jpg,ok
pros-and-cons-and-cost-of-living-in-hanoi.html,link,href,/assets/css/styles.css,/assets/css/styles.css,assets/css/styles.css,ok
pros-and-cons-and-cost-of-living-in-hanoi.html,link,href,https://www.carltravels.com/pros-and-cons-and-cost-of-living-in-hanoi.html,/pros-and-cons-and-cost-of-living-in-hanoi.html,pros-and-cons-and-cost-of-living-in-hanoi.html,ok
pros-and-cons-and-cost-of-living-in-hanoi.html,link,href,/assets/css/dark-theme-overrides.css,/assets/css/dark-theme-overrides.css,assets/css/dark-theme-overrides.css,ok
pros-and-cons-and-cost-of-living-in-hanoi.html,a,href,/index.html,/index.html,index.html,ok
pros-and-cons-and-cost-of-living-in-hanoi.html,a,href,/index.html,/index.html,index.html,ok
pros-and-cons-and-cost-of-living-in-hanoi.html,a,href,/portfolio.html,/portfolio.html,portfolio.html,ok
pros-and-cons-and-cost-of-living-in-hanoi.html,a,href,/films/martial-arts-documentary.html,/films/martial-arts-documentary.html,films/martial-arts-documentary.html,ok
pros-and-cons-and-cost-of-living-in-hanoi.html,a,href,/blog.html,/blog.html,blog.html,ok
pros-and-cons-and-cost-of-living-in-hanoi.html,a,href,/gear.html,/gear.html,gear.html,ok
pros-and-cons-and-cost-of-living-in-hanoi.html,a,href,/destinations.html,/destinations.html,destinations.html,ok
pros-and-cons-and-cost-of-living-in-hanoi.html,a,href,/about.html,/about.html,about.html,ok
pros-and-cons-and-cost-of-living-in-hanoi.html,a,href,/donate.html,/donate.html,donate.html,ok
pros-and-cons-and-cost-of-living-in-hanoi.html,a,href,/index.html,/index.html,index.html,ok
pros-and-cons-and-cost-of-living-in-hanoi.html,a,href,/portfolio.html,/portfolio.html,portfolio.html,ok
pros-and-cons-and-cost-of-living-in-hanoi.html,a,href,/films/martial-arts-documentary.html,/films/martial-arts-documentary.html,films/martial-arts-documentary.html,ok
pros-and-cons-and-cost-of-living-in-hanoi.html,a,href,/blog.html,/blog.html,blog.html,ok
pros-and-cons-and-cost-of-living-in-hanoi.html,a,href,/gear.html,/gear.html,gear.html,ok
pros-and-cons-and-cost-of-living-in-hanoi.html,a,href,/destinations.html,/destinations.html,destinations.html,ok
pros-and-cons-and-cost-of-living-in-hanoi.html,a,href,/about.html,/about.html,about.html,ok
pros-and-cons-and-cost-of-living-in-hanoi.html,a,href,/donate.html,/donate.html,donate.html,ok
pros-and-cons-and-cost-of-living-in-hanoi.html,a,href,hanoi-by-night.html,/hanoi-by-night.html,hanoi-by-night.html,ok
pros-and-cons-and-cost-of-living-in-hanoi.html,img,src,hanoilogo.jpg,/hanoilogo.jpg,hanoilogo.jpg,ok
pros-and-cons-and-cost-of-living-in-hanoi.html,a,href,/about.html,/about.html,about.html,ok
pros-and-cons-and-cost-of-living-in-hanoi.html,a,href,/contact.html,/contact.html,contact.html,ok
pros-and-cons-and-cost-of-living-in-hanoi.html,a,href,/blog.html,/blog.html,blog.html,ok
pros-and-cons-and-cost-of-living-in-hanoi.html,a,href,/gear.html,/gear.html,gear.html,ok
pros-and-cons-and-cost-of-living-in-hanoi.html,a,href,/destinations.html,/destinations.html,destinations.html,ok
pros-and-cons-and-cost-of-living-in-hanoi.html,a,href,/contact.html,/contact.html,contact.html,ok
pros-and-cons-and-cost-of-living-in-hanoi.html,a,href,/privacy-policy.html,/privacy-policy.html,privacy-policy.html,ok
pros-and-cons-and-cost-of-living-in-hanoi.html,a,href,/affiliate-disclosure.html,/affiliate-disclosure.html,affiliate-disclosure.html,ok
pros-and-cons-and-cost-of-living-in-hanoi.html,a,href,/terms-and-conditions.html,/terms-and-conditions.html,terms-and-conditions.html,ok
pros-and-cons-and-cost-of-living-in-hanoi.html,script,src,/assets/js/site.js,/assets/js/site.js,assets/js/site.js,ok
saily-e-simguide.html,meta,content,https://www.carltravels.com/esim.jpg,/esim.jpg,esim.jpg,ok
saily-e-simguide.html,meta,content,https://www.carltravels.com/saily-e-simguide.html,/saily-e-simguide.html,saily-e-simguide.html,ok
saily-e-simguide.html,link,href,https://www.carltravels.com/saily-e-simguide.html,/saily-e-simguide.html,saily-e-simguide.html,ok
saily-e-simguide.html,link,href,/assets/css/dark-theme-overrides.css,/assets/css/dark-theme-overrides.css,assets/css/dark-theme-overrides.css,ok
saily-e-simguide.html,a,href,/blog.html,/blog.html,blog.html,ok
saily-e-simguide.html,a,href,/yesim-guide.html,/yesim-guide.html,yesim-guide.html,ok
saily-e-simguide.html,a,href,/daily-essential-travel-gear.html,/daily-essential-travel-gear.html,daily-essential-travel-gear.html,ok
saily-e-simguide.html,a,href,/things-to-know-before-moving-to-vietnam.html,/things-to-know-before-moving-to-vietnam.html,things-to-know-before-moving-to-vietnam.html,ok
sapa-travel-guide.html,meta,content,https://www.carltravels.com/sapa-travel-guide.html,/sapa-travel-guide.html,sapa-travel-guide.html,ok
sapa-travel-guide.html,link,href,/assets/css/styles.css,/assets/css/styles.css,assets/css/styles.css,ok
sapa-travel-guide.html,link,href,https://www.carltravels.com/sapa-travel-guide.html,/sapa-travel-guide.html,sapa-travel-guide.html,ok
sapa-travel-guide.html,link,href,/assets/css/dark-theme-overrides.css,/assets/css/dark-theme-overrides.css,assets/css/dark-theme-overrides.css,ok
sapa-travel-guide.html,a,href,/index.html,/index.html,index.html,ok
sapa-travel-guide.html,a,href,/index.html,/index.html,index.html,ok
sapa-travel-guide.html,a,href,/portfolio.html,/portfolio.html,portfolio.html,ok
sapa-travel-guide.html,a,href,/films/martial-arts-documentary.html,/films/martial-arts-documentary.html,films/martial-arts-documentary.html,ok
sapa-travel-guide.html,a,href,/blog.html,/blog.html,blog.html,ok
sapa-travel-guide.html,a,href,/gear.html,/gear.html,gear.html,ok
sapa-travel-guide.html,a,href,/destinations.html,/destinations.html,destinations.html,ok
sapa-travel-guide.html,a,href,/about.html,/about.html,about.html,ok
sapa-travel-guide.html,a,href,/donate.html,/donate.html,donate.html,ok
sapa-travel-guide.html,a,href,/index.html,/index.html,index.html,ok
sapa-travel-guide.html,a,href,/portfolio.html,/portfolio.html,portfolio.html,ok
sapa-travel-guide.html,a,href,/films/martial-arts-documentary.html,/films/martial-arts-documentary.html,films/martial-arts-documentary.html,ok
sapa-travel-guide.html,a,href,/blog.html,/blog.html,blog.html,ok
sapa-travel-guide.html,a,href,/gear.html,/gear.html,gear.html,ok
sapa-travel-guide.html,a,href,/destinations.html,/destinations.html,destinations.html,ok
sapa-travel-guide.html,a,href,/about.html,/about.html,about.html,ok
sapa-travel-guide.html,a,href,/donate.html,/donate.html,donate.html,ok
sapa-travel-guide.html,a,href,/destinations.html,/destinations.html,destinations.html,ok
sapa-travel-guide.html,a,href,/about.html,/about.html,about.html,ok
sapa-travel-guide.html,a,href,/contact.html,/contact.html,contact.html,ok
sapa-travel-guide.html,a,href,/blog.html,/blog.html,blog.html,ok
sapa-travel-guide.html,a,href,/gear.html,/gear.html,gear.html,ok
sapa-travel-guide.html,a,href,/destinations.html,/destinations.html,destinations.html,ok
sapa-travel-guide.html,a,href,/contact.html,/contact.html,contact.html,ok
sapa-travel-guide.html,a,href,/privacy-policy.html,/privacy-policy.html,privacy-policy.html,ok
sapa-travel-guide.html,a,href,/affiliate-disclosure.html,/affiliate-disclosure.html,affiliate-disclosure.html,ok
sapa-travel-guide.html,a,href,/terms-and-conditions.html,/terms-and-conditions.html,terms-and-conditions.html,ok
sapa-travel-guide.html,script,src,/assets/js/site.js,/assets/js/site.js,assets/js/site.js,ok
sarande-ksamil-butrint-travel-guide/index.html,link,href,https://www.carltravels.com/sarande-ksamil-butrint-travel-guide/,/sarande-ksamil-butrint-travel-guide/,sarande-ksamil-butrint-travel-guide/index.html,ok
sarande-ksamil-butrint-travel-guide/index.html,meta,content,https://www.carltravels.com/sarande-ksamil-butrint-travel-guide/,/sarande-ksamil-butrint-travel-guide/,sarande-ksamil-butrint-travel-guide/index.html,ok
sarande-ksamil-butrint-travel-guide/index.html,link,href,/assets/css/dark-theme-overrides.css,/assets/css/dark-theme-overrides.css,assets/css/dark-theme-overrides.css,ok
sarande-ksamil-butrint-travel-guide/index.html,a,href,/index.html,/index.html,index.html,ok
sarande-ksamil-butrint-travel-guide/index.html,a,href,/index.html,/index.html,index.html,ok
sarande-ksamil-butrint-travel-guide/index.html,a,href,/portfolio.html,/portfolio.html,portfolio.html,ok
sarande-ksamil-butrint-travel-guide/index.html,a,href,/films/martial-arts-documentary.html,/films/martial-arts-documentary.html,films/martial-arts-documentary.html,ok
sarande-ksamil-butrint-travel-guide/index.html,a,href,/blog.html,/blog.html,blog.html,ok
sarande-ksamil-butrint-travel-guide/index.html,a,href,/gear.html,/gear.html,gear.html,ok
sarande-ksamil-butrint-travel-guide/index.html,a,href,/destinations.html,/destinations.html,destinations.html,ok
sarande-ksamil-butrint-travel-guide/index.html,a,href,/about.html,/about.html,about.html,ok
sarande-ksamil-butrint-travel-guide/index.html,a,href,/donate.html,/donate.html,donate.html,ok
sarande-ksamil-butrint-travel-guide/index.html,a,href,/index.html,/index.html,index.html,ok
sarande-ksamil-butrint-travel-guide/index.html,a,href,/portfolio.html,/portfolio.html,portfolio.html,ok
sarande-ksamil-butrint-travel-guide/index.html,a,href,/films/martial-arts-documentary.html,/films/martial-arts-documentary.html,films/martial-arts-documentary.html,ok
sarande-ksamil-butrint-travel-guide/index.html,a,href,/blog.html,/blog.html,blog.html,ok
sarande-ksamil-butrint-travel-guide/index.html,a,href,/gear.html,/gear.html,gear.html,ok
sarande-ksamil-butrint-travel-guide/index.html,a,href,/destinations.html,/destinations.html,destinations.html,ok
sarande-ksamil-butrint-travel-guide/index.html,a,href,/about.html,/about.html,about.html,ok
sarande-ksamil-butrint-travel-guide/index.html,a,href,/donate.html,/donate.html,donate.html,ok
sarande-ksamil-butrint-travel-guide/index.html,a,href,/contact.html,/contact.html,contact.html,ok
sarande-ksamil-butrint-travel-guide/index.html,a,href,/affiliate-disclosure.html,/affiliate-disclosure.html,affiliate-disclosure.html,ok
scoot-plus-review.html,link,href,https://www.carltravels.com/scoot-plus-review.html,/scoot-plus-review.html,scoot-plus-review.html,ok
scoot-plus-review.html,meta,content,https://www.carltravels.com/scoot-plus-review.html,/scoot-plus-review.html,scoot-plus-review.html,ok
scoot-plus-review.html,link,href,/assets/css/styles.css,/assets/css/styles.css,assets/css/styles.css,ok
scoot-plus-review.html,link,href,/assets/css/dark-theme-overrides.css,/assets/css/dark-theme-overrides.css,assets/css/dark-theme-overrides.css,ok
scoot-plus-review.html,a,href,/index.html,/index.html,index.html,ok
scoot-plus-review.html,a,href,/index.html,/index.html,index.html,ok
scoot-plus-review.html,a,href,/portfolio.html,/portfolio.html,portfolio.html,ok
scoot-plus-review.html,a,href,/films/martial-arts-documentary.html,/films/martial-arts-documentary.html,films/martial-arts-documentary.html,ok
scoot-plus-review.html,a,href,/blog.html,/blog.html,blog.html,ok
scoot-plus-review.html,a,href,/gear.html,/gear.html,gear.html,ok
scoot-plus-review.html,a,href,/destinations.html,/destinations.html,destinations.html,ok
scoot-plus-review.html,a,href,/about.html,/about.html,about.html,ok
scoot-plus-review.html,a,href,/donate.html,/donate.html,donate.html,ok
scoot-plus-review.html,a,href,/index.html,/index.html,index.html,ok
scoot-plus-review.html,a,href,/portfolio.html,/portfolio.html,portfolio.html,ok
scoot-plus-review.html,a,href,/films/martial-arts-documentary.html,/films/martial-arts-documentary.html,films/martial-arts-documentary.html,ok
scoot-plus-review.html,a,href,/blog.html,/blog.html,blog.html,ok
scoot-plus-review.html,a,href,/gear.html,/gear.html,gear.html,ok
scoot-plus-review.html,a,href,/destinations.html,/destinations.html,destinations.html,ok
scoot-plus-review.html,a,href,/about.html,/about.html,about.html,ok
scoot-plus-review.html,a,href,/donate.html,/donate.html,donate.html,ok
scoot-plus-review.html,a,href,/about.html,/about.html,about.html,ok
scoot-plus-review.html,a,href,/contact.html,/contact.html,contact.html,ok
scoot-plus-review.html,a,href,/privacy-policy.html,/privacy-policy.html,privacy-policy.html,ok
scoot-plus-review.html,a,href,/terms-and-conditions.html,/terms-and-conditions.html,terms-and-conditions.html,ok
scoot-plus-review.html,a,href,/affiliate-disclosure.html,/affiliate-disclosure.html,affiliate-disclosure.html,ok
somnipods-3-review.html,meta,content,somnipods-sleeping-close.jpg,/somnipods-sleeping-close.jpg,somnipods-sleeping-close.jpg,ok
somnipods-3-review.html,meta,content,https://www.carltravels.com/somnipods-3-review.html,/somnipods-3-review.html,somnipods-3-review.html,ok
somnipods-3-review.html,meta,content,somnipods-sleeping-close.jpg,/somnipods-sleeping-close.jpg,somnipods-sleeping-close.jpg,ok
somnipods-3-review.html,link,href,/assets/css/styles.css,/assets/css/styles.css,assets/css/styles.css,ok
somnipods-3-review.html,link,href,https://www.carltravels.com/somnipods-3-review.html,/somnipods-3-review.html,somnipods-3-review.html,ok
somnipods-3-review.html,link,href,/assets/css/dark-theme-overrides.css,/assets/css/dark-theme-overrides.css,assets/css/dark-theme-overrides.css,ok
somnipods-3-review.html,a,href,/index.html,/index.html,index.html,ok
somnipods-3-review.html,a,href,/index.html,/index.html,index.html,ok
somnipods-3-review.html,a,href,/portfolio.html,/portfolio.html,portfolio.html,ok
somnipods-3-review.html,a,href,/films/martial-arts-documentary.html,/films/martial-arts-documentary.html,films/martial-arts-documentary.html,ok
somnipods-3-review.html,a,href,/blog.html,/blog.html,blog.html,ok
somnipods-3-review.html,a,href,/gear.html,/gear.html,gear.html,ok
somnipods-3-review.html,a,href,/destinations.html,/destinations.html,destinations.html,ok
somnipods-3-review.html,a,href,/about.html,/about.html,about.html,ok
somnipods-3-review.html,a,href,/donate.html,/donate.html,donate.html,ok
somnipods-3-review.html,a,href,/index.html,/index.html,index.html,ok
somnipods-3-review.html,a,href,/portfolio.html,/portfolio.html,portfolio.html,ok
somnipods-3-review.html,a,href,/films/martial-arts-documentary.html,/films/martial-arts-documentary.html,films/martial-arts-documentary.html,ok
somnipods-3-review.html,a,href,/blog.html,/blog.html,blog.html,ok
somnipods-3-review.html,a,href,/gear.html,/gear.html,gear.html,ok
somnipods-3-review.html,a,href,/destinations.html,/destinations.html,destinations.html,ok
somnipods-3-review.html,a,href,/about.html,/about.html,about.html,ok
somnipods-3-review.html,a,href,/donate.html,/donate.html,donate.html,ok
somnipods-3-review.html,img,src,somnipods-box.jpg,/somnipods-box.jpg,somnipods-box.jpg,ok
somnipods-3-review.html,img,src,somnipods-boxing.jpg,/somnipods-boxing.jpg,somnipods-boxing.jpg,ok
somnipods-3-review.html,img,src,somnipods-side-sleeping.jpg,/somnipods-side-sleeping.jpg,somnipods-side-sleeping.jpg,ok
somnipods-3-review.html,img,src,somnipods-sleeping-close.jpg,/somnipods-sleeping-close.jpg,somnipods-sleeping-close.jpg,ok
somnipods-3-review.html,a,href,sony-a7cii-review.html,/sony-a7cii-review.html,sony-a7cii-review.html,ok
somnipods-3-review.html,a,href,DJI-Flip-review.html,/DJI-Flip-review.html,DJI-Flip-review.html,ok
somnipods-3-review.html,a,href,/about.html,/about.html,about.html,ok
somnipods-3-review.html,a,href,/contact.html,/contact.html,contact.html,ok
somnipods-3-review.html,a,href,/blog.html,/blog.html,blog.html,ok
somnipods-3-review.html,a,href,/gear.html,/gear.html,gear.html,ok
somnipods-3-review.html,a,href,/destinations.html,/destinations.html,destinations.html,ok
somnipods-3-review.html,a,href,/contact.html,/contact.html,contact.html,ok
somnipods-3-review.html,a,href,/privacy-policy.html,/privacy-policy.html,privacy-policy.html,ok
somnipods-3-review.html,a,href,/affiliate-disclosure.html,/affiliate-disclosure.html,affiliate-disclosure.html,ok
somnipods-3-review.html,a,href,/terms-and-conditions.html,/terms-and-conditions.html,terms-and-conditions.html,ok
somnipods-3-review.html,script,src,/assets/js/site.js,/assets/js/site.js,assets/js/site.js,ok
sony-a7cii-review.html,meta,content,https://www.carltravels.com/a7cii.jpg,/a7cii.jpg,a7cii.jpg,ok
sony-a7cii-review.html,meta,content,https://www.carltravels.com/sony-a7cii-review.html,/sony-a7cii-review.html,sony-a7cii-review.html,ok
sony-a7cii-review.html,meta,content,https://www.carltravels.com/a7cii.jpg,/a7cii.jpg,a7cii.jpg,ok
sony-a7cii-review.html,link,href,/assets/css/styles.css,/assets/css/styles.css,assets/css/styles.css,ok
sony-a7cii-review.html,link,href,https://www.carltravels.com/sony-a7cii-review.html,/sony-a7cii-review.html,sony-a7cii-review.html,ok
sony-a7cii-review.html,link,href,/assets/css/dark-theme-overrides.css,/assets/css/dark-theme-overrides.css,assets/css/dark-theme-overrides.css,ok
sony-a7cii-review.html,a,href,/index.html,/index.html,index.html,ok
sony-a7cii-review.html,a,href,/index.html,/index.html,index.html,ok
sony-a7cii-review.html,a,href,/portfolio.html,/portfolio.html,portfolio.html,ok
sony-a7cii-review.html,a,href,/films/martial-arts-documentary.html,/films/martial-arts-documentary.html,films/martial-arts-documentary.html,ok
sony-a7cii-review.html,a,href,/blog.html,/blog.html,blog.html,ok
sony-a7cii-review.html,a,href,/gear.html,/gear.html,gear.html,ok
sony-a7cii-review.html,a,href,/destinations.html,/destinations.html,destinations.html,ok
sony-a7cii-review.html,a,href,/about.html,/about.html,about.html,ok
sony-a7cii-review.html,a,href,/donate.html,/donate.html,donate.html,ok
sony-a7cii-review.html,a,href,/index.html,/index.html,index.html,ok
sony-a7cii-review.html,a,href,/portfolio.html,/portfolio.html,portfolio.html,ok
sony-a7cii-review.html,a,href,/films/martial-arts-documentary.html,/films/martial-arts-documentary.html,films/martial-arts-documentary.html,ok
sony-a7cii-review.html,a,href,/blog.html,/blog.html,blog.html,ok
sony-a7cii-review.html,a,href,/gear.html,/gear.html,gear.html,ok
sony-a7cii-review.html,a,href,/destinations.html,/destinations.html,destinations.html,ok
sony-a7cii-review.html,a,href,/about.html,/about.html,about.html,ok
sony-a7cii-review.html,a,href,/donate.html,/donate.html,donate.html,ok
sony-a7cii-review.html,a,href,tech-review-sony-a7siii.html,/tech-review-sony-a7siii.html,tech-review-sony-a7siii.html,ok
sony-a7cii-review.html,a,href,index.html#contact,/index.html,index.html,ok
sony-a7cii-review.html,a,href,gear.html,/gear.html,gear.html,ok
sony-a7cii-review.html,a,href,gear.html,/gear.html,gear.html,ok
sony-a7cii-review.html,a,href,/about.html,/about.html,about.html,ok
sony-a7cii-review.html,a,href,/contact.html,/contact.html,contact.html,ok
sony-a7cii-review.html,a,href,/blog.html,/blog.html,blog.html,ok
sony-a7cii-review.html,a,href,/gear.html,/gear.html,gear.html,ok
sony-a7cii-review.html,a,href,/destinations.html,/destinations.html,destinations.html,ok
sony-a7cii-review.html,a,href,/contact.html,/contact.html,contact.html,ok
sony-a7cii-review.html,a,href,/privacy-policy.html,/privacy-policy.html,privacy-policy.html,ok
sony-a7cii-review.html,a,href,/affiliate-disclosure.html,/affiliate-disclosure.html,affiliate-disclosure.html,ok
sony-a7cii-review.html,a,href,/terms-and-conditions.html,/terms-and-conditions.html,terms-and-conditions.html,ok
sony-a7cii-review.html,script,src,/assets/js/site.js,/assets/js/site.js,assets/js/site.js,ok
sony-a7iii-review-2025.html,meta,content,https://www.carltravels.com/sonya7siii.jpg,/sonya7siii.jpg,sonya7siii.jpg,ok
sony-a7iii-review-2025.html,meta,content,https://www.carltravels.com/sony-a7iii-review-2025.html,/sony-a7iii-review-2025.html,sony-a7iii-review-2025.html,ok
sony-a7iii-review-2025.html,meta,content,https://www.carltravels.com/sonya7siii.jpg,/sonya7siii.jpg,sonya7siii.jpg,ok
sony-a7iii-review-2025.html,link,href,/assets/css/styles.css,/assets/css/styles.css,assets/css/styles.css,ok
sony-a7iii-review-2025.html,link,href,https://www.carltravels.com/sony-a7iii-review-2025.html,/sony-a7iii-review-2025.html,sony-a7iii-review-2025.html,ok
sony-a7iii-review-2025.html,link,href,/assets/css/dark-theme-overrides.css,/assets/css/dark-theme-overrides.css,assets/css/dark-theme-overrides.css,ok
sony-a7iii-review-2025.html,a,href,/sony-a7cii-review.html,/sony-a7cii-review.html,sony-a7cii-review.html,ok
sony-a7iii-review-2025.html,a,href,/gear.html,/gear.html,gear.html,ok
sony-fx30-setup-guide.html,meta,content,https://www.carltravels.com/sony-fx30-setup-guide.html,/sony-fx30-setup-guide.html,sony-fx30-setup-guide.html,ok
sony-fx30-setup-guide.html,link,href,/assets/css/styles.css,/assets/css/styles.css,assets/css/styles.css,ok
sony-fx30-setup-guide.html,link,href,https://www.carltravels.com/sony-fx30-setup-guide.html,/sony-fx30-setup-guide.html,sony-fx30-setup-guide.html,ok
sony-fx30-setup-guide.html,link,href,/assets/css/dark-theme-overrides.css,/assets/css/dark-theme-overrides.css,assets/css/dark-theme-overrides.css,ok
sony-fx30-setup-guide.html,a,href,/index.html,/index.html,index.html,ok
sony-fx30-setup-guide.html,a,href,/index.html,/index.html,index.html,ok
sony-fx30-setup-guide.html,a,href,/portfolio.html,/portfolio.html,portfolio.html,ok
sony-fx30-setup-guide.html,a,href,/films/martial-arts-documentary.html,/films/martial-arts-documentary.html,films/martial-arts-documentary.html,ok
sony-fx30-setup-guide.html,a,href,/blog.html,/blog.html,blog.html,ok
sony-fx30-setup-guide.html,a,href,/gear.html,/gear.html,gear.html,ok
sony-fx30-setup-guide.html,a,href,/destinations.html,/destinations.html,destinations.html,ok
sony-fx30-setup-guide.html,a,href,/about.html,/about.html,about.html,ok
sony-fx30-setup-guide.html,a,href,/donate.html,/donate.html,donate.html,ok
sony-fx30-setup-guide.html,a,href,/index.html,/index.html,index.html,ok
sony-fx30-setup-guide.html,a,href,/portfolio.html,/portfolio.html,portfolio.html,ok
sony-fx30-setup-guide.html,a,href,/films/martial-arts-documentary.html,/films/martial-arts-documentary.html,films/martial-arts-documentary.html,ok
sony-fx30-setup-guide.html,a,href,/blog.html,/blog.html,blog.html,ok
sony-fx30-setup-guide.html,a,href,/gear.html,/gear.html,gear.html,ok
sony-fx30-setup-guide.html,a,href,/destinations.html,/destinations.html,destinations.html,ok
sony-fx30-setup-guide.html,a,href,/about.html,/about.html,about.html,ok
sony-fx30-setup-guide.html,a,href,/donate.html,/donate.html,donate.html,ok
sony-fx30-setup-guide.html,img,src,/flatlaytech.jpg,/flatlaytech.jpg,flatlaytech.jpg,ok
sony-fx30-setup-guide.html,img,src,/sonya7ciii.jpg,/sonya7ciii.jpg,sonya7ciii.jpg,ok
sony-fx30-setup-guide.html,a,href,/tech-review-sony-a7siii.html,/tech-review-sony-a7siii.html,tech-review-sony-a7siii.html,ok
sony-fx30-setup-guide.html,a,href,/gear.html,/gear.html,gear.html,ok
sony-fx30-setup-guide.html,a,href,/about.html,/about.html,about.html,ok
sony-fx30-setup-guide.html,a,href,/contact.html,/contact.html,contact.html,ok
sony-fx30-setup-guide.html,a,href,/blog.html,/blog.html,blog.html,ok
sony-fx30-setup-guide.html,a,href,/gear.html,/gear.html,gear.html,ok
sony-fx30-setup-guide.html,a,href,/destinations.html,/destinations.html,destinations.html,ok
sony-fx30-setup-guide.html,a,href,/contact.html,/contact.html,contact.html,ok
sony-fx30-setup-guide.html,a,href,/privacy-policy.html,/privacy-policy.html,privacy-policy.html,ok
sony-fx30-setup-guide.html,a,href,/affiliate-disclosure.html,/affiliate-disclosure.html,affiliate-disclosure.html,ok
sony-fx30-setup-guide.html,a,href,/terms-and-conditions.html,/terms-and-conditions.html,terms-and-conditions.html,ok
sony-fx30-setup-guide.html,script,src,/assets/js/site.js,/assets/js/site.js,assets/js/site.js,ok
soundmarket.html,meta,content,https://www.carltravels.com/soundmarket.html,/soundmarket.html,soundmarket.html,ok
soundmarket.html,link,href,/assets/css/styles.css,/assets/css/styles.css,assets/css/styles.css,ok
soundmarket.html,link,href,https://www.carltravels.com/soundmarket.html,/soundmarket.html,soundmarket.html,ok
soundmarket.html,link,href,/assets/css/dark-theme-overrides.css,/assets/css/dark-theme-overrides.css,assets/css/dark-theme-overrides.css,ok
soundmarket.html,a,href,/index.html,/index.html,index.html,ok
soundmarket.html,a,href,/index.html,/index.html,index.html,ok
soundmarket.html,a,href,/portfolio.html,/portfolio.html,portfolio.html,ok
soundmarket.html,a,href,/films/martial-arts-documentary.html,/films/martial-arts-documentary.html,films/martial-arts-documentary.html,ok
soundmarket.html,a,href,/blog.html,/blog.html,blog.html,ok
soundmarket.html,a,href,/gear.html,/gear.html,gear.html,ok
soundmarket.html,a,href,/destinations.html,/destinations.html,destinations.html,ok
soundmarket.html,a,href,/about.html,/about.html,about.html,ok
soundmarket.html,a,href,/donate.html,/donate.html,donate.html,ok
soundmarket.html,a,href,/index.html,/index.html,index.html,ok
soundmarket.html,a,href,/portfolio.html,/portfolio.html,portfolio.html,ok
soundmarket.html,a,href,/films/martial-arts-documentary.html,/films/martial-arts-documentary.html,films/martial-arts-documentary.html,ok
soundmarket.html,a,href,/blog.html,/blog.html,blog.html,ok
soundmarket.html,a,href,/gear.html,/gear.html,gear.html,ok
soundmarket.html,a,href,/destinations.html,/destinations.html,destinations.html,ok
soundmarket.html,a,href,/about.html,/about.html,about.html,ok
soundmarket.html,a,href,/donate.html,/donate.html,donate.html,ok
soundmarket.html,script,src,/assets/js/site.js,/assets/js/site.js,assets/js/site.js,ok
soundmarket.html,a,href,/about.html,/about.html,about.html,ok
soundmarket.html,a,href,/contact.html,/contact.html,contact.html,ok
soundmarket.html,a,href,/privacy-policy.html,/privacy-policy.html,privacy-policy.html,ok
soundmarket.html,a,href,/terms-and-conditions.html,/terms-and-conditions.html,terms-and-conditions.html,ok
soundmarket.html,a,href,/affiliate-disclosure.html,/affiliate-disclosure.html,affiliate-disclosure.html,ok
starting-over-at-40.html,meta,content,https://www.carltravels.com/starting-over-at-40.html,/starting-over-at-40.html,starting-over-at-40.html,ok
starting-over-at-40.html,link,href,https://www.carltravels.com/starting-over-at-40.html,/starting-over-at-40.html,starting-over-at-40.html,ok
starting-over-at-40.html,link,href,/assets/css/dark-theme-overrides.css,/assets/css/dark-theme-overrides.css,assets/css/dark-theme-overrides.css,ok
starting-over-at-40.html,a,href,/index.html,/index.html,index.html,ok
starting-over-at-40.html,a,href,/index.html,/index.html,index.html,ok
starting-over-at-40.html,a,href,/portfolio.html,/portfolio.html,portfolio.html,ok
starting-over-at-40.html,a,href,/films/martial-arts-documentary.html,/films/martial-arts-documentary.html,films/martial-arts-documentary.html,ok
starting-over-at-40.html,a,href,/blog.html,/blog.html,blog.html,ok
starting-over-at-40.html,a,href,/gear.html,/gear.html,gear.html,ok
starting-over-at-40.html,a,href,/destinations.html,/destinations.html,destinations.html,ok
starting-over-at-40.html,a,href,/about.html,/about.html,about.html,ok
starting-over-at-40.html,a,href,/donate.html,/donate.html,donate.html,ok
starting-over-at-40.html,a,href,/index.html,/index.html,index.html,ok
starting-over-at-40.html,a,href,/portfolio.html,/portfolio.html,portfolio.html,ok
starting-over-at-40.html,a,href,/films/martial-arts-documentary.html,/films/martial-arts-documentary.html,films/martial-arts-documentary.html,ok
starting-over-at-40.html,a,href,/blog.html,/blog.html,blog.html,ok
starting-over-at-40.html,a,href,/gear.html,/gear.html,gear.html,ok
starting-over-at-40.html,a,href,/destinations.html,/destinations.html,destinations.html,ok
starting-over-at-40.html,a,href,/about.html,/about.html,about.html,ok
starting-over-at-40.html,a,href,/donate.html,/donate.html,donate.html,ok
starting-over-at-40.html,a,href,make-money-online-while-traveling.html,/make-money-online-while-traveling.html,make-money-online-while-traveling.html,ok
starting-over-at-40.html,a,href,/about.html,/about.html,about.html,ok
starting-over-at-40.html,a,href,/contact.html,/contact.html,contact.html,ok
starting-over-at-40.html,a,href,/blog.html,/blog.html,blog.html,ok
starting-over-at-40.html,a,href,/gear.html,/gear.html,gear.html,ok
starting-over-at-40.html,a,href,/destinations.html,/destinations.html,destinations.html,ok
starting-over-at-40.html,a,href,/contact.html,/contact.html,contact.html,ok
starting-over-at-40.html,a,href,/privacy-policy.html,/privacy-policy.html,privacy-policy.html,ok
starting-over-at-40.html,a,href,/affiliate-disclosure.html,/affiliate-disclosure.html,affiliate-disclosure.html,ok
starting-over-at-40.html,a,href,/terms-and-conditions.html,/terms-and-conditions.html,terms-and-conditions.html,ok
starting-over-at-40.html,script,src,/assets/js/site.js,/assets/js/site.js,assets/js/site.js,ok
tech-review-dji-mavic3.html,meta,content,https://www.carltravels.com/djimavic3.jpg,/djimavic3.jpg,djimavic3.jpg,ok
tech-review-dji-mavic3.html,meta,content,https://www.carltravels.com/tech-review-dji-mavic3.html,/tech-review-dji-mavic3.html,tech-review-dji-mavic3.html,ok
tech-review-dji-mavic3.html,meta,content,https://www.carltravels.com/djimavic3.jpg,/djimavic3.jpg,djimavic3.jpg,ok
tech-review-dji-mavic3.html,link,href,/assets/css/styles.css,/assets/css/styles.css,assets/css/styles.css,ok
tech-review-dji-mavic3.html,link,href,https://www.carltravels.com/tech-review-dji-mavic3.html,/tech-review-dji-mavic3.html,tech-review-dji-mavic3.html,ok
tech-review-dji-mavic3.html,link,href,/assets/css/dark-theme-overrides.css,/assets/css/dark-theme-overrides.css,assets/css/dark-theme-overrides.css,ok
tech-review-dji-mavic3.html,a,href,/index.html,/index.html,index.html,ok
tech-review-dji-mavic3.html,a,href,/index.html,/index.html,index.html,ok
tech-review-dji-mavic3.html,a,href,/portfolio.html,/portfolio.html,portfolio.html,ok
tech-review-dji-mavic3.html,a,href,/films/martial-arts-documentary.html,/films/martial-arts-documentary.html,films/martial-arts-documentary.html,ok
tech-review-dji-mavic3.html,a,href,/blog.html,/blog.html,blog.html,ok
tech-review-dji-mavic3.html,a,href,/gear.html,/gear.html,gear.html,ok
tech-review-dji-mavic3.html,a,href,/destinations.html,/destinations.html,destinations.html,ok
tech-review-dji-mavic3.html,a,href,/about.html,/about.html,about.html,ok
tech-review-dji-mavic3.html,a,href,/donate.html,/donate.html,donate.html,ok
tech-review-dji-mavic3.html,a,href,/index.html,/index.html,index.html,ok
tech-review-dji-mavic3.html,a,href,/portfolio.html,/portfolio.html,portfolio.html,ok
tech-review-dji-mavic3.html,a,href,/films/martial-arts-documentary.html,/films/martial-arts-documentary.html,films/martial-arts-documentary.html,ok
tech-review-dji-mavic3.html,a,href,/blog.html,/blog.html,blog.html,ok
tech-review-dji-mavic3.html,a,href,/gear.html,/gear.html,gear.html,ok
tech-review-dji-mavic3.html,a,href,/destinations.html,/destinations.html,destinations.html,ok
tech-review-dji-mavic3.html,a,href,/about.html,/about.html,about.html,ok
tech-review-dji-mavic3.html,a,href,/donate.html,/donate.html,donate.html,ok
tech-review-dji-mavic3.html,a,href,index.html#contact,/index.html,index.html,ok
tech-review-dji-mavic3.html,a,href,sony-a7cii-review.html,/sony-a7cii-review.html,sony-a7cii-review.html,ok
tech-review-dji-mavic3.html,a,href,gear.html,/gear.html,gear.html,ok
tech-review-dji-mavic3.html,a,href,gear.html,/gear.html,gear.html,ok
tech-review-dji-mavic3.html,a,href,/about.html,/about.html,about.html,ok
tech-review-dji-mavic3.html,a,href,/contact.html,/contact.html,contact.html,ok
tech-review-dji-mavic3.html,a,href,/blog.html,/blog.html,blog.html,ok
tech-review-dji-mavic3.html,a,href,/gear.html,/gear.html,gear.html,ok
tech-review-dji-mavic3.html,a,href,/destinations.html,/destinations.html,destinations.html,ok
tech-review-dji-mavic3.html,a,href,/contact.html,/contact.html,contact.html,ok
tech-review-dji-mavic3.html,a,href,/privacy-policy.html,/privacy-policy.html,privacy-policy.html,ok
tech-review-dji-mavic3.html,a,href,/affiliate-disclosure.html,/affiliate-disclosure.html,affiliate-disclosure.html,ok
tech-review-dji-mavic3.html,a,href,/terms-and-conditions.html,/terms-and-conditions.html,terms-and-conditions.html,ok
tech-review-dji-mavic3.html,script,src,/assets/js/site.js,/assets/js/site.js,assets/js/site.js,ok
tech-review-sony-a7siii.html,meta,content,https://www.carltravels.com/sonya7siii.jpg,/sonya7siii.jpg,sonya7siii.jpg,ok
tech-review-sony-a7siii.html,meta,content,https://www.carltravels.com/tech-review-sony-a7siii.html,/tech-review-sony-a7siii.html,tech-review-sony-a7siii.html,ok
tech-review-sony-a7siii.html,meta,content,https://www.carltravels.com/sonya7siii.jpg,/sonya7siii.jpg,sonya7siii.jpg,ok
tech-review-sony-a7siii.html,link,href,/assets/css/styles.css,/assets/css/styles.css,assets/css/styles.css,ok
tech-review-sony-a7siii.html,link,href,https://www.carltravels.com/tech-review-sony-a7siii.html,/tech-review-sony-a7siii.html,tech-review-sony-a7siii.html,ok
tech-review-sony-a7siii.html,link,href,/assets/css/dark-theme-overrides.css,/assets/css/dark-theme-overrides.css,assets/css/dark-theme-overrides.css,ok
tech-review-sony-a7siii.html,a,href,/index.html,/index.html,index.html,ok
tech-review-sony-a7siii.html,a,href,/index.html,/index.html,index.html,ok
tech-review-sony-a7siii.html,a,href,/portfolio.html,/portfolio.html,portfolio.html,ok
tech-review-sony-a7siii.html,a,href,/films/martial-arts-documentary.html,/films/martial-arts-documentary.html,films/martial-arts-documentary.html,ok
tech-review-sony-a7siii.html,a,href,/blog.html,/blog.html,blog.html,ok
tech-review-sony-a7siii.html,a,href,/gear.html,/gear.html,gear.html,ok
tech-review-sony-a7siii.html,a,href,/destinations.html,/destinations.html,destinations.html,ok
tech-review-sony-a7siii.html,a,href,/about.html,/about.html,about.html,ok
tech-review-sony-a7siii.html,a,href,/donate.html,/donate.html,donate.html,ok
tech-review-sony-a7siii.html,a,href,/index.html,/index.html,index.html,ok
tech-review-sony-a7siii.html,a,href,/portfolio.html,/portfolio.html,portfolio.html,ok
tech-review-sony-a7siii.html,a,href,/films/martial-arts-documentary.html,/films/martial-arts-documentary.html,films/martial-arts-documentary.html,ok
tech-review-sony-a7siii.html,a,href,/blog.html,/blog.html,blog.html,ok
tech-review-sony-a7siii.html,a,href,/gear.html,/gear.html,gear.html,ok
tech-review-sony-a7siii.html,a,href,/destinations.html,/destinations.html,destinations.html,ok
tech-review-sony-a7siii.html,a,href,/about.html,/about.html,about.html,ok
tech-review-sony-a7siii.html,a,href,/donate.html,/donate.html,donate.html,ok
tech-review-sony-a7siii.html,a,href,sony-a7cii-review.html,/sony-a7cii-review.html,sony-a7cii-review.html,ok
tech-review-sony-a7siii.html,a,href,/about.html,/about.html,about.html,ok
tech-review-sony-a7siii.html,a,href,/contact.html,/contact.html,contact.html,ok
tech-review-sony-a7siii.html,a,href,/blog.html,/blog.html,blog.html,ok
tech-review-sony-a7siii.html,a,href,/gear.html,/gear.html,gear.html,ok
tech-review-sony-a7siii.html,a,href,/destinations.html,/destinations.html,destinations.html,ok
tech-review-sony-a7siii.html,a,href,/contact.html,/contact.html,contact.html,ok
tech-review-sony-a7siii.html,a,href,/privacy-policy.html,/privacy-policy.html,privacy-policy.html,ok
tech-review-sony-a7siii.html,a,href,/affiliate-disclosure.html,/affiliate-disclosure.html,affiliate-disclosure.html,ok
tech-review-sony-a7siii.html,a,href,/terms-and-conditions.html,/terms-and-conditions.html,terms-and-conditions.html,ok
tech-review-sony-a7siii.html,script,src,/assets/js/site.js,/assets/js/site.js,assets/js/site.js,ok
tech-review-zhiyun-weebill2.html,meta,content,https://www.carltravels.com/weebill2.jpg,/weebill2.jpg,weebill2.jpg,ok
tech-review-zhiyun-weebill2.html,meta,content,https://www.carltravels.com/tech-review-zhiyun-weebill2.html,/tech-review-zhiyun-weebill2.html,tech-review-zhiyun-weebill2.html,ok
tech-review-zhiyun-weebill2.html,link,href,/assets/css/styles.css,/assets/css/styles.css,assets/css/styles.css,ok
tech-review-zhiyun-weebill2.html,link,href,https://www.carltravels.com/tech-review-zhiyun-weebill2.html,/tech-review-zhiyun-weebill2.html,tech-review-zhiyun-weebill2.html,ok
tech-review-zhiyun-weebill2.html,link,href,/assets/css/dark-theme-overrides.css,/assets/css/dark-theme-overrides.css,assets/css/dark-theme-overrides.css,ok
tech-review-zhiyun-weebill2.html,a,href,/index.html,/index.html,index.html,ok
tech-review-zhiyun-weebill2.html,a,href,/index.html,/index.html,index.html,ok
tech-review-zhiyun-weebill2.html,a,href,/portfolio.html,/portfolio.html,portfolio.html,ok
tech-review-zhiyun-weebill2.html,a,href,/films/martial-arts-documentary.html,/films/martial-arts-documentary.html,films/martial-arts-documentary.html,ok
tech-review-zhiyun-weebill2.html,a,href,/blog.html,/blog.html,blog.html,ok
tech-review-zhiyun-weebill2.html,a,href,/gear.html,/gear.html,gear.html,ok
tech-review-zhiyun-weebill2.html,a,href,/destinations.html,/destinations.html,destinations.html,ok
tech-review-zhiyun-weebill2.html,a,href,/about.html,/about.html,about.html,ok
tech-review-zhiyun-weebill2.html,a,href,/donate.html,/donate.html,donate.html,ok
tech-review-zhiyun-weebill2.html,a,href,/index.html,/index.html,index.html,ok
tech-review-zhiyun-weebill2.html,a,href,/portfolio.html,/portfolio.html,portfolio.html,ok
tech-review-zhiyun-weebill2.html,a,href,/films/martial-arts-documentary.html,/films/martial-arts-documentary.html,films/martial-arts-documentary.html,ok
tech-review-zhiyun-weebill2.html,a,href,/blog.html,/blog.html,blog.html,ok
tech-review-zhiyun-weebill2.html,a,href,/gear.html,/gear.html,gear.html,ok
tech-review-zhiyun-weebill2.html,a,href,/destinations.html,/destinations.html,destinations.html,ok
tech-review-zhiyun-weebill2.html,a,href,/about.html,/about.html,about.html,ok
tech-review-zhiyun-weebill2.html,a,href,/donate.html,/donate.html,donate.html,ok
tech-review-zhiyun-weebill2.html,a,href,gear.html,/gear.html,gear.html,ok
tech-review-zhiyun-weebill2.html,a,href,/about.html,/about.html,about.html,ok
tech-review-zhiyun-weebill2.html,a,href,/contact.html,/contact.html,contact.html,ok
tech-review-zhiyun-weebill2.html,a,href,/blog.html,/blog.html,blog.html,ok
tech-review-zhiyun-weebill2.html,a,href,/gear.html,/gear.html,gear.html,ok
tech-review-zhiyun-weebill2.html,a,href,/destinations.html,/destinations.html,destinations.html,ok
tech-review-zhiyun-weebill2.html,a,href,/contact.html,/contact.html,contact.html,ok
tech-review-zhiyun-weebill2.html,a,href,/privacy-policy.html,/privacy-policy.html,privacy-policy.html,ok
tech-review-zhiyun-weebill2.html,a,href,/affiliate-disclosure.html,/affiliate-disclosure.html,affiliate-disclosure.html,ok
tech-review-zhiyun-weebill2.html,a,href,/terms-and-conditions.html,/terms-and-conditions.html,terms-and-conditions.html,ok
tech-review-zhiyun-weebill2.html,script,src,/assets/js/site.js,/assets/js/site.js,assets/js/site.js,ok
terms-and-conditions.html,link,href,https://www.carltravels.com/terms-and-conditions.html,/terms-and-conditions.html,terms-and-conditions.html,ok
terms-and-conditions.html,meta,content,https://www.carltravels.com/topbanner.png,/topbanner.png,topbanner.png,ok
terms-and-conditions.html,meta,content,https://www.carltravels.com/terms-and-conditions.html,/terms-and-conditions.html,terms-and-conditions.html,ok
terms-and-conditions.html,meta,content,https://www.carltravels.com/carl-tomich-director.jpg,/carl-tomich-director.jpg,carl-tomich-director.jpg,ok
terms-and-conditions.html,link,href,/assets/css/styles.css,/assets/css/styles.css,assets/css/styles.css,ok
terms-and-conditions.html,link,href,/assets/css/dark-theme-overrides.css,/assets/css/dark-theme-overrides.css,assets/css/dark-theme-overrides.css,ok
terms-and-conditions.html,a,href,/index.html,/index.html,index.html,ok
terms-and-conditions.html,a,href,/index.html,/index.html,index.html,ok
terms-and-conditions.html,a,href,/portfolio.html,/portfolio.html,portfolio.html,ok
terms-and-conditions.html,a,href,/films/martial-arts-documentary.html,/films/martial-arts-documentary.html,films/martial-arts-documentary.html,ok
terms-and-conditions.html,a,href,/blog.html,/blog.html,blog.html,ok
terms-and-conditions.html,a,href,/gear.html,/gear.html,gear.html,ok
terms-and-conditions.html,a,href,/destinations.html,/destinations.html,destinations.html,ok
terms-and-conditions.html,a,href,/about.html,/about.html,about.html,ok
terms-and-conditions.html,a,href,/donate.html,/donate.html,donate.html,ok
terms-and-conditions.html,a,href,/index.html,/index.html,index.html,ok
terms-and-conditions.html,a,href,/portfolio.html,/portfolio.html,portfolio.html,ok
terms-and-conditions.html,a,href,/films/martial-arts-documentary.html,/films/martial-arts-documentary.html,films/martial-arts-documentary.html,ok
terms-and-conditions.html,a,href,/blog.html,/blog.html,blog.html,ok
terms-and-conditions.html,a,href,/gear.html,/gear.html,gear.html,ok
terms-and-conditions.html,a,href,/destinations.html,/destinations.html,destinations.html,ok
terms-and-conditions.html,a,href,/about.html,/about.html,about.html,ok
terms-and-conditions.html,a,href,/donate.html,/donate.html,donate.html,ok
terms-and-conditions.html,img,src,/topbanner.png,/topbanner.png,topbanner.png,ok
terms-and-conditions.html,a,href,index.html#contact,/index.html,index.html,ok
terms-and-conditions.html,a,href,/about.html,/about.html,about.html,ok
terms-and-conditions.html,a,href,/contact.html,/contact.html,contact.html,ok
terms-and-conditions.html,a,href,/blog.html,/blog.html,blog.html,ok
terms-and-conditions.html,a,href,/gear.html,/gear.html,gear.html,ok
terms-and-conditions.html,a,href,/destinations.html,/destinations.html,destinations.html,ok
terms-and-conditions.html,a,href,/contact.html,/contact.html,contact.html,ok
terms-and-conditions.html,a,href,/privacy-policy.html,/privacy-policy.html,privacy-policy.html,ok
terms-and-conditions.html,a,href,/affiliate-disclosure.html,/affiliate-disclosure.html,affiliate-disclosure.html,ok
terms-and-conditions.html,a,href,/terms-and-conditions.html,/terms-and-conditions.html,terms-and-conditions.html,ok
terms-and-conditions.html,script,src,/assets/js/site.js,/assets/js/site.js,assets/js/site.js,ok
thankyou.html,link,href,https://www.carltravels.com/thankyou.html,/thankyou.html,thankyou.html,ok
thankyou.html,link,href,styles.css,/styles.css,styles.css,ok
thankyou.html,link,href,contact.css,/contact.css,contact.css,ok
thankyou.html,link,href,/assets/css/styles.css,/assets/css/styles.css,assets/css/styles.css,ok
thankyou.html,link,href,/assets/css/dark-theme-overrides.css,/assets/css/dark-theme-overrides.css,assets/css/dark-theme-overrides.css,ok
thankyou.html,a,href,index.html,/index.html,index.html,ok
thankyou.html,a,href,/index.html,/index.html,index.html,ok
thankyou.html,a,href,/index.html,/index.html,index.html,ok
thankyou.html,a,href,/portfolio.html,/portfolio.html,portfolio.html,ok
thankyou.html,a,href,/films/martial-arts-documentary.html,/films/martial-arts-documentary.html,films/martial-arts-documentary.html,ok
thankyou.html,a,href,/blog.html,/blog.html,blog.html,ok
thankyou.html,a,href,/gear.html,/gear.html,gear.html,ok
thankyou.html,a,href,/destinations.html,/destinations.html,destinations.html,ok
thankyou.html,a,href,/about.html,/about.html,about.html,ok
thankyou.html,a,href,/donate.html,/donate.html,donate.html,ok
thankyou.html,a,href,/index.html,/index.html,index.html,ok
thankyou.html,a,href,/portfolio.html,/portfolio.html,portfolio.html,ok
thankyou.html,a,href,/films/martial-arts-documentary.html,/films/martial-arts-documentary.html,films/martial-arts-documentary.html,ok
thankyou.html,a,href,/blog.html,/blog.html,blog.html,ok
thankyou.html,a,href,/gear.html,/gear.html,gear.html,ok
thankyou.html,a,href,/destinations.html,/destinations.html,destinations.html,ok
thankyou.html,a,href,/about.html,/about.html,about.html,ok
thankyou.html,a,href,/donate.html,/donate.html,donate.html,ok
thankyou.html,img,src,facebook.png,/facebook.png,facebook.png,ok
thankyou.html,img,src,instagram.png,/instagram.png,instagram.png,ok
thankyou.html,img,src,youtube.png,/youtube.png,youtube.png,ok
thankyou.html,a,href,index.html,/index.html,index.html,ok
thankyou.html,a,href,blog.html,/blog.html,blog.html,ok
thankyou.html,a,href,destinations.html,/destinations.html,destinations.html,ok
thankyou.html,a,href,/films/martial-arts-documentary.html,/films/martial-arts-documentary.html,films/martial-arts-documentary.html,ok
thankyou.html,a,href,/about.html,/about.html,about.html,ok
thankyou.html,a,href,/contact.html,/contact.html,contact.html,ok
thankyou.html,a,href,/blog.html,/blog.html,blog.html,ok
thankyou.html,a,href,/gear.html,/gear.html,gear.html,ok
thankyou.html,a,href,/destinations.html,/destinations.html,destinations.html,ok
thankyou.html,a,href,/contact.html,/contact.html,contact.html,ok
thankyou.html,a,href,/privacy-policy.html,/privacy-policy.html,privacy-policy.html,ok
thankyou.html,a,href,/affiliate-disclosure.html,/affiliate-disclosure.html,affiliate-disclosure.html,ok
thankyou.html,a,href,/terms-and-conditions.html,/terms-and-conditions.html,terms-and-conditions.html,ok
the-reality-of-digital-nomading-before-you-buy-into-it.html,link,href,https://www.carltravels.com/the-reality-of-digital-nomading-before-you-buy-into-it.html,/the-reality-of-digital-nomading-before-you-buy-into-it.html,the-reality-of-digital-nomading-before-you-buy-into-it.html,ok
the-reality-of-digital-nomading-before-you-buy-into-it.html,meta,content,https://www.carltravels.com/digitalnomad.jpg,/digitalnomad.jpg,digitalnomad.jpg,ok
the-reality-of-digital-nomading-before-you-buy-into-it.html,meta,content,https://www.carltravels.com/the-reality-of-digital-nomading-before-you-buy-into-it.html,/the-reality-of-digital-nomading-before-you-buy-into-it.html,the-reality-of-digital-nomading-before-you-buy-into-it.html,ok
the-reality-of-digital-nomading-before-you-buy-into-it.html,meta,content,https://www.carltravels.com/digitalnomad.jpg,/digitalnomad.jpg,digitalnomad.jpg,ok
the-reality-of-digital-nomading-before-you-buy-into-it.html,link,href,/assets/css/styles.css,/assets/css/styles.css,assets/css/styles.css,ok
the-reality-of-digital-nomading-before-you-buy-into-it.html,link,href,/assets/css/dark-theme-overrides.css,/assets/css/dark-theme-overrides.css,assets/css/dark-theme-overrides.css,ok
the-reality-of-digital-nomading-before-you-buy-into-it.html,a,href,/index.html,/index.html,index.html,ok
the-reality-of-digital-nomading-before-you-buy-into-it.html,a,href,/index.html,/index.html,index.html,ok
the-reality-of-digital-nomading-before-you-buy-into-it.html,a,href,/portfolio.html,/portfolio.html,portfolio.html,ok
the-reality-of-digital-nomading-before-you-buy-into-it.html,a,href,/films/martial-arts-documentary.html,/films/martial-arts-documentary.html,films/martial-arts-documentary.html,ok
the-reality-of-digital-nomading-before-you-buy-into-it.html,a,href,/blog.html,/blog.html,blog.html,ok
the-reality-of-digital-nomading-before-you-buy-into-it.html,a,href,/gear.html,/gear.html,gear.html,ok
the-reality-of-digital-nomading-before-you-buy-into-it.html,a,href,/destinations.html,/destinations.html,destinations.html,ok
the-reality-of-digital-nomading-before-you-buy-into-it.html,a,href,/about.html,/about.html,about.html,ok
the-reality-of-digital-nomading-before-you-buy-into-it.html,a,href,/donate.html,/donate.html,donate.html,ok
the-reality-of-digital-nomading-before-you-buy-into-it.html,a,href,/index.html,/index.html,index.html,ok
the-reality-of-digital-nomading-before-you-buy-into-it.html,a,href,/portfolio.html,/portfolio.html,portfolio.html,ok
the-reality-of-digital-nomading-before-you-buy-into-it.html,a,href,/films/martial-arts-documentary.html,/films/martial-arts-documentary.html,films/martial-arts-documentary.html,ok
the-reality-of-digital-nomading-before-you-buy-into-it.html,a,href,/blog.html,/blog.html,blog.html,ok
the-reality-of-digital-nomading-before-you-buy-into-it.html,a,href,/gear.html,/gear.html,gear.html,ok
the-reality-of-digital-nomading-before-you-buy-into-it.html,a,href,/destinations.html,/destinations.html,destinations.html,ok
the-reality-of-digital-nomading-before-you-buy-into-it.html,a,href,/about.html,/about.html,about.html,ok
the-reality-of-digital-nomading-before-you-buy-into-it.html,a,href,/donate.html,/donate.html,donate.html,ok
the-reality-of-digital-nomading-before-you-buy-into-it.html,a,href,/blog.html,/blog.html,blog.html,ok
the-reality-of-digital-nomading-before-you-buy-into-it.html,a,href,/contact.html,/contact.html,contact.html,ok
the-reality-of-digital-nomading-before-you-buy-into-it.html,a,href,/affiliate-disclosure.html,/affiliate-disclosure.html,affiliate-disclosure.html,ok
the-reality-of-digital-nomading-before-you-buy-into-it.html,script,src,/assets/js/site.js,/assets/js/site.js,assets/js/site.js,ok
the-reality-of-living-overseas.html,meta,content,https://www.carltravels.com/the-reality-of-living-overseas.html,/the-reality-of-living-overseas.html,the-reality-of-living-overseas.html,ok
the-reality-of-living-overseas.html,link,href,/assets/css/styles.css,/assets/css/styles.css,assets/css/styles.css,ok
the-reality-of-living-overseas.html,link,href,https://www.carltravels.com/the-reality-of-living-overseas.html,/the-reality-of-living-overseas.html,the-reality-of-living-overseas.html,ok
the-reality-of-living-overseas.html,link,href,/assets/css/dark-theme-overrides.css,/assets/css/dark-theme-overrides.css,assets/css/dark-theme-overrides.css,ok
the-reality-of-living-overseas.html,a,href,/index.html,/index.html,index.html,ok
the-reality-of-living-overseas.html,a,href,/index.html,/index.html,index.html,ok
the-reality-of-living-overseas.html,a,href,/portfolio.html,/portfolio.html,portfolio.html,ok
the-reality-of-living-overseas.html,a,href,/films/martial-arts-documentary.html,/films/martial-arts-documentary.html,films/martial-arts-documentary.html,ok
the-reality-of-living-overseas.html,a,href,/blog.html,/blog.html,blog.html,ok
the-reality-of-living-overseas.html,a,href,/gear.html,/gear.html,gear.html,ok
the-reality-of-living-overseas.html,a,href,/destinations.html,/destinations.html,destinations.html,ok
the-reality-of-living-overseas.html,a,href,/about.html,/about.html,about.html,ok
the-reality-of-living-overseas.html,a,href,/donate.html,/donate.html,donate.html,ok
the-reality-of-living-overseas.html,a,href,/index.html,/index.html,index.html,ok
the-reality-of-living-overseas.html,a,href,/portfolio.html,/portfolio.html,portfolio.html,ok
the-reality-of-living-overseas.html,a,href,/films/martial-arts-documentary.html,/films/martial-arts-documentary.html,films/martial-arts-documentary.html,ok
the-reality-of-living-overseas.html,a,href,/blog.html,/blog.html,blog.html,ok
the-reality-of-living-overseas.html,a,href,/gear.html,/gear.html,gear.html,ok
the-reality-of-living-overseas.html,a,href,/destinations.html,/destinations.html,destinations.html,ok
the-reality-of-living-overseas.html,a,href,/about.html,/about.html,about.html,ok
the-reality-of-living-overseas.html,a,href,/donate.html,/donate.html,donate.html,ok
the-reality-of-living-overseas.html,a,href,/about.html,/about.html,about.html,ok
the-reality-of-living-overseas.html,a,href,/contact.html,/contact.html,contact.html,ok
the-reality-of-living-overseas.html,a,href,/blog.html,/blog.html,blog.html,ok
the-reality-of-living-overseas.html,a,href,/gear.html,/gear.html,gear.html,ok
the-reality-of-living-overseas.html,a,href,/destinations.html,/destinations.html,destinations.html,ok
the-reality-of-living-overseas.html,a,href,/contact.html,/contact.html,contact.html,ok
the-reality-of-living-overseas.html,a,href,/privacy-policy.html,/privacy-policy.html,privacy-policy.html,ok
the-reality-of-living-overseas.html,a,href,/affiliate-disclosure.html,/affiliate-disclosure.html,affiliate-disclosure.html,ok
the-reality-of-living-overseas.html,a,href,/terms-and-conditions.html,/terms-and-conditions.html,terms-and-conditions.html,ok
thebesttemplesinhanoi.html,meta,content,https://www.carltravels.com/thebesttemplesinhanoi.html,/thebesttemplesinhanoi.html,thebesttemplesinhanoi.html,ok
thebesttemplesinhanoi.html,link,href,/assets/css/styles.css,/assets/css/styles.css,assets/css/styles.css,ok
thebesttemplesinhanoi.html,link,href,https://www.carltravels.com/thebesttemplesinhanoi.html,/thebesttemplesinhanoi.html,thebesttemplesinhanoi.html,ok
thebesttemplesinhanoi.html,link,href,/assets/css/dark-theme-overrides.css,/assets/css/dark-theme-overrides.css,assets/css/dark-theme-overrides.css,ok
thebesttemplesinhanoi.html,a,href,/index.html,/index.html,index.html,ok
thebesttemplesinhanoi.html,a,href,/index.html,/index.html,index.html,ok
thebesttemplesinhanoi.html,a,href,/portfolio.html,/portfolio.html,portfolio.html,ok
thebesttemplesinhanoi.html,a,href,/films/martial-arts-documentary.html,/films/martial-arts-documentary.html,films/martial-arts-documentary.html,ok
thebesttemplesinhanoi.html,a,href,/blog.html,/blog.html,blog.html,ok
thebesttemplesinhanoi.html,a,href,/gear.html,/gear.html,gear.html,ok
thebesttemplesinhanoi.html,a,href,/destinations.html,/destinations.html,destinations.html,ok
thebesttemplesinhanoi.html,a,href,/about.html,/about.html,about.html,ok
thebesttemplesinhanoi.html,a,href,/donate.html,/donate.html,donate.html,ok
thebesttemplesinhanoi.html,a,href,/index.html,/index.html,index.html,ok
thebesttemplesinhanoi.html,a,href,/portfolio.html,/portfolio.html,portfolio.html,ok
thebesttemplesinhanoi.html,a,href,/films/martial-arts-documentary.html,/films/martial-arts-documentary.html,films/martial-arts-documentary.html,ok
thebesttemplesinhanoi.html,a,href,/blog.html,/blog.html,blog.html,ok
thebesttemplesinhanoi.html,a,href,/gear.html,/gear.html,gear.html,ok
thebesttemplesinhanoi.html,a,href,/destinations.html,/destinations.html,destinations.html,ok
thebesttemplesinhanoi.html,a,href,/about.html,/about.html,about.html,ok
thebesttemplesinhanoi.html,a,href,/donate.html,/donate.html,donate.html,ok
thebesttemplesinhanoi.html,a,href,top-10-things-to-do-in-hanoi.html,/top-10-things-to-do-in-hanoi.html,top-10-things-to-do-in-hanoi.html,ok
thebesttemplesinhanoi.html,a,href,videos/tran-quoc-pagoda-watch.html,/videos/tran-quoc-pagoda-watch.html,videos/tran-quoc-pagoda-watch.html,ok
thebesttemplesinhanoi.html,a,href,videos/tran-quoc-pagoda-watch.html,/videos/tran-quoc-pagoda-watch.html,videos/tran-quoc-pagoda-watch.html,ok
thebesttemplesinhanoi.html,a,href,/about.html,/about.html,about.html,ok
thebesttemplesinhanoi.html,a,href,/contact.html,/contact.html,contact.html,ok
thebesttemplesinhanoi.html,a,href,/blog.html,/blog.html,blog.html,ok
thebesttemplesinhanoi.html,a,href,/gear.html,/gear.html,gear.html,ok
thebesttemplesinhanoi.html,a,href,/destinations.html,/destinations.html,destinations.html,ok
thebesttemplesinhanoi.html,a,href,/contact.html,/contact.html,contact.html,ok
thebesttemplesinhanoi.html,a,href,/privacy-policy.html,/privacy-policy.html,privacy-policy.html,ok
thebesttemplesinhanoi.html,a,href,/affiliate-disclosure.html,/affiliate-disclosure.html,affiliate-disclosure.html,ok
thebesttemplesinhanoi.html,a,href,/terms-and-conditions.html,/terms-and-conditions.html,terms-and-conditions.html,ok
thebesttemplesinhanoi.html,script,src,/assets/js/site.js,/assets/js/site.js,assets/js/site.js,ok
things-to-know-before-moving-to-vietnam.html,meta,content,https://www.carltravels.com/things-to-know-before-moving-to-vietnam.html,/things-to-know-before-moving-to-vietnam.html,things-to-know-before-moving-to-vietnam.html,ok
things-to-know-before-moving-to-vietnam.html,link,href,/assets/css/styles.css,/assets/css/styles.css,assets/css/styles.css,ok
things-to-know-before-moving-to-vietnam.html,link,href,https://www.carltravels.com/things-to-know-before-moving-to-vietnam.html,/things-to-know-before-moving-to-vietnam.html,things-to-know-before-moving-to-vietnam.html,ok
things-to-know-before-moving-to-vietnam.html,link,href,/assets/css/dark-theme-overrides.css,/assets/css/dark-theme-overrides.css,assets/css/dark-theme-overrides.css,ok
things-to-know-before-moving-to-vietnam.html,a,href,/index.html,/index.html,index.html,ok
things-to-know-before-moving-to-vietnam.html,a,href,/index.html,/index.html,index.html,ok
things-to-know-before-moving-to-vietnam.html,a,href,/portfolio.html,/portfolio.html,portfolio.html,ok
things-to-know-before-moving-to-vietnam.html,a,href,/films/martial-arts-documentary.html,/films/martial-arts-documentary.html,films/martial-arts-documentary.html,ok
things-to-know-before-moving-to-vietnam.html,a,href,/blog.html,/blog.html,blog.html,ok
things-to-know-before-moving-to-vietnam.html,a,href,/gear.html,/gear.html,gear.html,ok
things-to-know-before-moving-to-vietnam.html,a,href,/destinations.html,/destinations.html,destinations.html,ok
things-to-know-before-moving-to-vietnam.html,a,href,/about.html,/about.html,about.html,ok
things-to-know-before-moving-to-vietnam.html,a,href,/donate.html,/donate.html,donate.html,ok
things-to-know-before-moving-to-vietnam.html,a,href,/index.html,/index.html,index.html,ok
things-to-know-before-moving-to-vietnam.html,a,href,/portfolio.html,/portfolio.html,portfolio.html,ok
things-to-know-before-moving-to-vietnam.html,a,href,/films/martial-arts-documentary.html,/films/martial-arts-documentary.html,films/martial-arts-documentary.html,ok
things-to-know-before-moving-to-vietnam.html,a,href,/blog.html,/blog.html,blog.html,ok
things-to-know-before-moving-to-vietnam.html,a,href,/gear.html,/gear.html,gear.html,ok
things-to-know-before-moving-to-vietnam.html,a,href,/destinations.html,/destinations.html,destinations.html,ok
things-to-know-before-moving-to-vietnam.html,a,href,/about.html,/about.html,about.html,ok
things-to-know-before-moving-to-vietnam.html,a,href,/donate.html,/donate.html,donate.html,ok
things-to-know-before-moving-to-vietnam.html,a,href,vietnam-e-visa-2026-guide.html,/vietnam-e-visa-2026-guide.html,vietnam-e-visa-2026-guide.html,ok
things-to-know-before-moving-to-vietnam.html,a,href,top-10-things-to-do-in-hanoi.html,/top-10-things-to-do-in-hanoi.html,top-10-things-to-do-in-hanoi.html,ok
things-to-know-before-moving-to-vietnam.html,a,href,best-cafes-in-tay-ho-for-digital-nomads.html,/best-cafes-in-tay-ho-for-digital-nomads.html,best-cafes-in-tay-ho-for-digital-nomads.html,ok
things-to-know-before-moving-to-vietnam.html,a,href,hanoi-by-night.html,/hanoi-by-night.html,hanoi-by-night.html,ok
things-to-know-before-moving-to-vietnam.html,a,href,pros-and-cons-and-cost-of-living-in-hanoi.html,/pros-and-cons-and-cost-of-living-in-hanoi.html,pros-and-cons-and-cost-of-living-in-hanoi.html,ok
things-to-know-before-moving-to-vietnam.html,a,href,vietnam-e-visa-2026-guide.html,/vietnam-e-visa-2026-guide.html,vietnam-e-visa-2026-guide.html,ok
things-to-know-before-moving-to-vietnam.html,a,href,best-cafes-in-tay-ho-for-digital-nomads.html,/best-cafes-in-tay-ho-for-digital-nomads.html,best-cafes-in-tay-ho-for-digital-nomads.html,ok
things-to-know-before-moving-to-vietnam.html,a,href,old-quarter-scams-hanoi.html,/old-quarter-scams-hanoi.html,old-quarter-scams-hanoi.html,ok
things-to-know-before-moving-to-vietnam.html,a,href,finedininginhanoi.html,/finedininginhanoi.html,finedininginhanoi.html,ok
things-to-know-before-moving-to-vietnam.html,a,href,/about.html,/about.html,about.html,ok
things-to-know-before-moving-to-vietnam.html,a,href,/contact.html,/contact.html,contact.html,ok
things-to-know-before-moving-to-vietnam.html,a,href,/blog.html,/blog.html,blog.html,ok
things-to-know-before-moving-to-vietnam.html,a,href,/gear.html,/gear.html,gear.html,ok
things-to-know-before-moving-to-vietnam.html,a,href,/destinations.html,/destinations.html,destinations.html,ok
things-to-know-before-moving-to-vietnam.html,a,href,/contact.html,/contact.html,contact.html,ok
things-to-know-before-moving-to-vietnam.html,a,href,/privacy-policy.html,/privacy-policy.html,privacy-policy.html,ok
things-to-know-before-moving-to-vietnam.html,a,href,/affiliate-disclosure.html,/affiliate-disclosure.html,affiliate-disclosure.html,ok
things-to-know-before-moving-to-vietnam.html,a,href,/terms-and-conditions.html,/terms-and-conditions.html,terms-and-conditions.html,ok
tokyotravelguide.html,meta,content,https://www.carltravels.com/tokyologo.jpg,/tokyologo.jpg,tokyologo.jpg,ok
tokyotravelguide.html,meta,content,https://www.carltravels.com/tokyotravelguide.html,/tokyotravelguide.html,tokyotravelguide.html,ok
tokyotravelguide.html,meta,content,https://www.carltravels.com/tokyologo.jpg,/tokyologo.jpg,tokyologo.jpg,ok
tokyotravelguide.html,link,href,/assets/css/styles.css,/assets/css/styles.css,assets/css/styles.css,ok
tokyotravelguide.html,link,href,https://www.carltravels.com/tokyotravelguide.html,/tokyotravelguide.html,tokyotravelguide.html,ok
tokyotravelguide.html,link,href,/assets/css/dark-theme-overrides.css,/assets/css/dark-theme-overrides.css,assets/css/dark-theme-overrides.css,ok
tokyotravelguide.html,a,href,/index.html,/index.html,index.html,ok
tokyotravelguide.html,a,href,/index.html,/index.html,index.html,ok
tokyotravelguide.html,a,href,/portfolio.html,/portfolio.html,portfolio.html,ok
tokyotravelguide.html,a,href,/films/martial-arts-documentary.html,/films/martial-arts-documentary.html,films/martial-arts-documentary.html,ok
tokyotravelguide.html,a,href,/blog.html,/blog.html,blog.html,ok
tokyotravelguide.html,a,href,/gear.html,/gear.html,gear.html,ok
tokyotravelguide.html,a,href,/destinations.html,/destinations.html,destinations.html,ok
tokyotravelguide.html,a,href,/about.html,/about.html,about.html,ok
tokyotravelguide.html,a,href,/donate.html,/donate.html,donate.html,ok
tokyotravelguide.html,a,href,/index.html,/index.html,index.html,ok
tokyotravelguide.html,a,href,/portfolio.html,/portfolio.html,portfolio.html,ok
tokyotravelguide.html,a,href,/films/martial-arts-documentary.html,/films/martial-arts-documentary.html,films/martial-arts-documentary.html,ok
tokyotravelguide.html,a,href,/blog.html,/blog.html,blog.html,ok
tokyotravelguide.html,a,href,/gear.html,/gear.html,gear.html,ok
tokyotravelguide.html,a,href,/destinations.html,/destinations.html,destinations.html,ok
tokyotravelguide.html,a,href,/about.html,/about.html,about.html,ok
tokyotravelguide.html,a,href,/donate.html,/donate.html,donate.html,ok
tokyotravelguide.html,img,src,/tokyologo.jpg,/tokyologo.jpg,tokyologo.jpg,ok
tokyotravelguide.html,a,href,index.html#contact,/index.html,index.html,ok
tokyotravelguide.html,a,href,osakatravelguide.html,/osakatravelguide.html,osakatravelguide.html,ok
tokyotravelguide.html,a,href,osakatravelguide.html,/osakatravelguide.html,osakatravelguide.html,ok
tokyotravelguide.html,a,href,/about.html,/about.html,about.html,ok
tokyotravelguide.html,a,href,/contact.html,/contact.html,contact.html,ok
tokyotravelguide.html,a,href,/blog.html,/blog.html,blog.html,ok
tokyotravelguide.html,a,href,/gear.html,/gear.html,gear.html,ok
tokyotravelguide.html,a,href,/destinations.html,/destinations.html,destinations.html,ok
tokyotravelguide.html,a,href,/contact.html,/contact.html,contact.html,ok
tokyotravelguide.html,a,href,/privacy-policy.html,/privacy-policy.html,privacy-policy.html,ok
tokyotravelguide.html,a,href,/affiliate-disclosure.html,/affiliate-disclosure.html,affiliate-disclosure.html,ok
tokyotravelguide.html,a,href,/terms-and-conditions.html,/terms-and-conditions.html,terms-and-conditions.html,ok
tokyotravelguide.html,script,src,/assets/js/site.js,/assets/js/site.js,assets/js/site.js,ok
tolifo-100w-rgb-light-review.html,meta,content,https://www.carltravels.com/tolifo-100w-rgb-light-review.html,/tolifo-100w-rgb-light-review.html,tolifo-100w-rgb-light-review.html,ok
tolifo-100w-rgb-light-review.html,link,href,/assets/css/styles.css,/assets/css/styles.css,assets/css/styles.css,ok
tolifo-100w-rgb-light-review.html,link,href,https://www.carltravels.com/tolifo-100w-rgb-light-review.html,/tolifo-100w-rgb-light-review.html,tolifo-100w-rgb-light-review.html,ok
tolifo-100w-rgb-light-review.html,link,href,/assets/css/dark-theme-overrides.css,/assets/css/dark-theme-overrides.css,assets/css/dark-theme-overrides.css,ok
tolifo-100w-rgb-light-review.html,a,href,/index.html,/index.html,index.html,ok
tolifo-100w-rgb-light-review.html,a,href,/index.html,/index.html,index.html,ok
tolifo-100w-rgb-light-review.html,a,href,/portfolio.html,/portfolio.html,portfolio.html,ok
tolifo-100w-rgb-light-review.html,a,href,/films/martial-arts-documentary.html,/films/martial-arts-documentary.html,films/martial-arts-documentary.html,ok
tolifo-100w-rgb-light-review.html,a,href,/blog.html,/blog.html,blog.html,ok
tolifo-100w-rgb-light-review.html,a,href,/gear.html,/gear.html,gear.html,ok
tolifo-100w-rgb-light-review.html,a,href,/destinations.html,/destinations.html,destinations.html,ok
tolifo-100w-rgb-light-review.html,a,href,/about.html,/about.html,about.html,ok
tolifo-100w-rgb-light-review.html,a,href,/donate.html,/donate.html,donate.html,ok
tolifo-100w-rgb-light-review.html,a,href,/index.html,/index.html,index.html,ok
tolifo-100w-rgb-light-review.html,a,href,/portfolio.html,/portfolio.html,portfolio.html,ok
tolifo-100w-rgb-light-review.html,a,href,/films/martial-arts-documentary.html,/films/martial-arts-documentary.html,films/martial-arts-documentary.html,ok
tolifo-100w-rgb-light-review.html,a,href,/blog.html,/blog.html,blog.html,ok
tolifo-100w-rgb-light-review.html,a,href,/gear.html,/gear.html,gear.html,ok
tolifo-100w-rgb-light-review.html,a,href,/destinations.html,/destinations.html,destinations.html,ok
tolifo-100w-rgb-light-review.html,a,href,/about.html,/about.html,about.html,ok
tolifo-100w-rgb-light-review.html,a,href,/donate.html,/donate.html,donate.html,ok
tolifo-100w-rgb-light-review.html,a,href,/gear.html,/gear.html,gear.html,ok
tolifo-100w-rgb-light-review.html,a,href,/about.html,/about.html,about.html,ok
tolifo-100w-rgb-light-review.html,a,href,/contact.html,/contact.html,contact.html,ok
tolifo-100w-rgb-light-review.html,a,href,/blog.html,/blog.html,blog.html,ok
tolifo-100w-rgb-light-review.html,a,href,/gear.html,/gear.html,gear.html,ok
tolifo-100w-rgb-light-review.html,a,href,/destinations.html,/destinations.html,destinations.html,ok
tolifo-100w-rgb-light-review.html,a,href,/contact.html,/contact.html,contact.html,ok
tolifo-100w-rgb-light-review.html,a,href,/privacy-policy.html,/privacy-policy.html,privacy-policy.html,ok
tolifo-100w-rgb-light-review.html,a,href,/affiliate-disclosure.html,/affiliate-disclosure.html,affiliate-disclosure.html,ok
tolifo-100w-rgb-light-review.html,a,href,/terms-and-conditions.html,/terms-and-conditions.html,terms-and-conditions.html,ok
tolifo-100w-rgb-light-review.html,script,src,/assets/js/site.js,/assets/js/site.js,assets/js/site.js,ok
top-10-things-to-do-in-hanoi.html,meta,content,https://www.carltravels.com/top-10-things-to-do-in-hanoi.html,/top-10-things-to-do-in-hanoi.html,top-10-things-to-do-in-hanoi.html,ok
top-10-things-to-do-in-hanoi.html,link,href,/assets/css/styles.css,/assets/css/styles.css,assets/css/styles.css,ok
top-10-things-to-do-in-hanoi.html,link,href,https://www.carltravels.com/top-10-things-to-do-in-hanoi.html,/top-10-things-to-do-in-hanoi.html,top-10-things-to-do-in-hanoi.html,ok
top-10-things-to-do-in-hanoi.html,link,href,/assets/css/dark-theme-overrides.css,/assets/css/dark-theme-overrides.css,assets/css/dark-theme-overrides.css,ok
top-10-things-to-do-in-hanoi.html,a,href,/index.html,/index.html,index.html,ok
top-10-things-to-do-in-hanoi.html,a,href,/index.html,/index.html,index.html,ok
top-10-things-to-do-in-hanoi.html,a,href,/portfolio.html,/portfolio.html,portfolio.html,ok
top-10-things-to-do-in-hanoi.html,a,href,/films/martial-arts-documentary.html,/films/martial-arts-documentary.html,films/martial-arts-documentary.html,ok
top-10-things-to-do-in-hanoi.html,a,href,/blog.html,/blog.html,blog.html,ok
top-10-things-to-do-in-hanoi.html,a,href,/gear.html,/gear.html,gear.html,ok
top-10-things-to-do-in-hanoi.html,a,href,/destinations.html,/destinations.html,destinations.html,ok
top-10-things-to-do-in-hanoi.html,a,href,/about.html,/about.html,about.html,ok
top-10-things-to-do-in-hanoi.html,a,href,/donate.html,/donate.html,donate.html,ok
top-10-things-to-do-in-hanoi.html,a,href,/index.html,/index.html,index.html,ok
top-10-things-to-do-in-hanoi.html,a,href,/portfolio.html,/portfolio.html,portfolio.html,ok
top-10-things-to-do-in-hanoi.html,a,href,/films/martial-arts-documentary.html,/films/martial-arts-documentary.html,films/martial-arts-documentary.html,ok
top-10-things-to-do-in-hanoi.html,a,href,/blog.html,/blog.html,blog.html,ok
top-10-things-to-do-in-hanoi.html,a,href,/gear.html,/gear.html,gear.html,ok
top-10-things-to-do-in-hanoi.html,a,href,/destinations.html,/destinations.html,destinations.html,ok
top-10-things-to-do-in-hanoi.html,a,href,/about.html,/about.html,about.html,ok
top-10-things-to-do-in-hanoi.html,a,href,/donate.html,/donate.html,donate.html,ok
top-10-things-to-do-in-hanoi.html,a,href,lotte-world-aquarium-hanoi.html,/lotte-world-aquarium-hanoi.html,lotte-world-aquarium-hanoi.html,ok
top-10-things-to-do-in-hanoi.html,a,href,/about.html,/about.html,about.html,ok
top-10-things-to-do-in-hanoi.html,a,href,/contact.html,/contact.html,contact.html,ok
top-10-things-to-do-in-hanoi.html,a,href,/blog.html,/blog.html,blog.html,ok
top-10-things-to-do-in-hanoi.html,a,href,/gear.html,/gear.html,gear.html,ok
top-10-things-to-do-in-hanoi.html,a,href,/destinations.html,/destinations.html,destinations.html,ok
top-10-things-to-do-in-hanoi.html,a,href,/contact.html,/contact.html,contact.html,ok
top-10-things-to-do-in-hanoi.html,a,href,/privacy-policy.html,/privacy-policy.html,privacy-policy.html,ok
top-10-things-to-do-in-hanoi.html,a,href,/affiliate-disclosure.html,/affiliate-disclosure.html,affiliate-disclosure.html,ok
top-10-things-to-do-in-hanoi.html,a,href,/terms-and-conditions.html,/terms-and-conditions.html,terms-and-conditions.html,ok
top-10-things-to-do-in-hanoi.html,script,src,/assets/js/site.js,/assets/js/site.js,assets/js/site.js,ok
travel-gear-2025.html,meta,content,https://www.carltravels.com/travel-gear.jpg,/travel-gear.jpg,travel-gear.jpg,ok
travel-gear-2025.html,meta,content,https://www.carltravels.com/travel-gear-2025.html,/travel-gear-2025.html,travel-gear-2025.html,ok
travel-gear-2025.html,meta,content,https://www.carltravels.com/travel-gear.jpg,/travel-gear.jpg,travel-gear.jpg,ok
travel-gear-2025.html,link,href,/assets/css/styles.css,/assets/css/styles.css,assets/css/styles.css,ok
travel-gear-2025.html,link,href,https://www.carltravels.com/travel-gear-2025.html,/travel-gear-2025.html,travel-gear-2025.html,ok
travel-gear-2025.html,link,href,/assets/css/dark-theme-overrides.css,/assets/css/dark-theme-overrides.css,assets/css/dark-theme-overrides.css,ok
travel-gear-2025.html,a,href,/index.html,/index.html,index.html,ok
travel-gear-2025.html,a,href,/index.html,/index.html,index.html,ok
travel-gear-2025.html,a,href,/portfolio.html,/portfolio.html,portfolio.html,ok
travel-gear-2025.html,a,href,/films/martial-arts-documentary.html,/films/martial-arts-documentary.html,films/martial-arts-documentary.html,ok
travel-gear-2025.html,a,href,/blog.html,/blog.html,blog.html,ok
travel-gear-2025.html,a,href,/gear.html,/gear.html,gear.html,ok
travel-gear-2025.html,a,href,/destinations.html,/destinations.html,destinations.html,ok
travel-gear-2025.html,a,href,/about.html,/about.html,about.html,ok
travel-gear-2025.html,a,href,/donate.html,/donate.html,donate.html,ok
travel-gear-2025.html,a,href,/index.html,/index.html,index.html,ok
travel-gear-2025.html,a,href,/portfolio.html,/portfolio.html,portfolio.html,ok
travel-gear-2025.html,a,href,/films/martial-arts-documentary.html,/films/martial-arts-documentary.html,films/martial-arts-documentary.html,ok
travel-gear-2025.html,a,href,/blog.html,/blog.html,blog.html,ok
travel-gear-2025.html,a,href,/gear.html,/gear.html,gear.html,ok
travel-gear-2025.html,a,href,/destinations.html,/destinations.html,destinations.html,ok
travel-gear-2025.html,a,href,/about.html,/about.html,about.html,ok
travel-gear-2025.html,a,href,/donate.html,/donate.html,donate.html,ok
travel-gear-2025.html,a,href,index.html#contact,/index.html,index.html,ok
travel-gear-2025.html,a,href,/about.html,/about.html,about.html,ok
travel-gear-2025.html,a,href,/contact.html,/contact.html,contact.html,ok
travel-gear-2025.html,a,href,/blog.html,/blog.html,blog.html,ok
travel-gear-2025.html,a,href,/gear.html,/gear.html,gear.html,ok
travel-gear-2025.html,a,href,/destinations.html,/destinations.html,destinations.html,ok
travel-gear-2025.html,a,href,/contact.html,/contact.html,contact.html,ok
travel-gear-2025.html,a,href,/privacy-policy.html,/privacy-policy.html,privacy-policy.html,ok
travel-gear-2025.html,a,href,/affiliate-disclosure.html,/affiliate-disclosure.html,affiliate-disclosure.html,ok
travel-gear-2025.html,a,href,/terms-and-conditions.html,/terms-and-conditions.html,terms-and-conditions.html,ok
travel-gear-2025.html,script,src,/assets/js/site.js,/assets/js/site.js,assets/js/site.js,ok
videos/beginners-guide-davinci-resolve-2025.html,link,href,https://www.carltravels.com/videos/beginners-guide-davinci-resolve-2025.html,/videos/beginners-guide-davinci-resolve-2025.html,videos/beginners-guide-davinci-resolve-2025.html,ok
videos/beginners-guide-davinci-resolve-2025.html,link,href,/assets/css/dark-theme-overrides.css,/assets/css/dark-theme-overrides.css,assets/css/dark-theme-overrides.css,ok
videos/beginners-guide-davinci-resolve-2025.html,a,href,/index.html,/index.html,index.html,ok
videos/beginners-guide-davinci-resolve-2025.html,a,href,/index.html,/index.html,index.html,ok
videos/beginners-guide-davinci-resolve-2025.html,a,href,/portfolio.html,/portfolio.html,portfolio.html,ok
videos/beginners-guide-davinci-resolve-2025.html,a,href,/films/martial-arts-documentary.html,/films/martial-arts-documentary.html,films/martial-arts-documentary.html,ok
videos/beginners-guide-davinci-resolve-2025.html,a,href,/blog.html,/blog.html,blog.html,ok
videos/beginners-guide-davinci-resolve-2025.html,a,href,/gear.html,/gear.html,gear.html,ok
videos/beginners-guide-davinci-resolve-2025.html,a,href,/destinations.html,/destinations.html,destinations.html,ok
videos/beginners-guide-davinci-resolve-2025.html,a,href,/about.html,/about.html,about.html,ok
videos/beginners-guide-davinci-resolve-2025.html,a,href,/donate.html,/donate.html,donate.html,ok
videos/beginners-guide-davinci-resolve-2025.html,a,href,/index.html,/index.html,index.html,ok
videos/beginners-guide-davinci-resolve-2025.html,a,href,/portfolio.html,/portfolio.html,portfolio.html,ok
videos/beginners-guide-davinci-resolve-2025.html,a,href,/films/martial-arts-documentary.html,/films/martial-arts-documentary.html,films/martial-arts-documentary.html,ok
videos/beginners-guide-davinci-resolve-2025.html,a,href,/blog.html,/blog.html,blog.html,ok
videos/beginners-guide-davinci-resolve-2025.html,a,href,/gear.html,/gear.html,gear.html,ok
videos/beginners-guide-davinci-resolve-2025.html,a,href,/destinations.html,/destinations.html,destinations.html,ok
videos/beginners-guide-davinci-resolve-2025.html,a,href,/about.html,/about.html,about.html,ok
videos/beginners-guide-davinci-resolve-2025.html,a,href,/donate.html,/donate.html,donate.html,ok
videos/beginners-guide-davinci-resolve-2025.html,a,href,../beginners-guide-davinci-resolve-2025.html,/beginners-guide-davinci-resolve-2025.html,beginners-guide-davinci-resolve-2025.html,ok
videos/beginners-guide-davinci-resolve-2025.html,img,src,../carlcamera.jpg,/carlcamera.jpg,carlcamera.jpg,ok
videos/beginners-guide-davinci-resolve-2025.html,a,href,../contact.html,/contact.html,contact.html,ok
videos/beginners-guide-davinci-resolve-2025.html,a,href,/about.html,/about.html,about.html,ok
videos/beginners-guide-davinci-resolve-2025.html,a,href,/contact.html,/contact.html,contact.html,ok
videos/beginners-guide-davinci-resolve-2025.html,a,href,/blog.html,/blog.html,blog.html,ok
videos/beginners-guide-davinci-resolve-2025.html,a,href,/gear.html,/gear.html,gear.html,ok
videos/beginners-guide-davinci-resolve-2025.html,a,href,/destinations.html,/destinations.html,destinations.html,ok
videos/beginners-guide-davinci-resolve-2025.html,a,href,/contact.html,/contact.html,contact.html,ok
videos/beginners-guide-davinci-resolve-2025.html,a,href,/privacy-policy.html,/privacy-policy.html,privacy-policy.html,ok
videos/beginners-guide-davinci-resolve-2025.html,a,href,/affiliate-disclosure.html,/affiliate-disclosure.html,affiliate-disclosure.html,ok
videos/beginners-guide-davinci-resolve-2025.html,a,href,/terms-and-conditions.html,/terms-and-conditions.html,terms-and-conditions.html,ok
videos/commercial-1.html,link,href,https://www.carltravels.com/videos/commercial-1.html,/videos/commercial-1.html,videos/commercial-1.html,ok
videos/commercial-1.html,link,href,/assets/css/dark-theme-overrides.css,/assets/css/dark-theme-overrides.css,assets/css/dark-theme-overrides.css,ok
videos/commercial-1.html,a,href,/index.html,/index.html,index.html,ok
videos/commercial-1.html,a,href,/index.html,/index.html,index.html,ok
videos/commercial-1.html,a,href,/portfolio.html,/portfolio.html,portfolio.html,ok
videos/commercial-1.html,a,href,/blog.html,/blog.html,blog.html,ok
videos/commercial-1.html,a,href,/gear.html,/gear.html,gear.html,ok
videos/commercial-1.html,a,href,/destinations.html,/destinations.html,destinations.html,ok
videos/commercial-1.html,a,href,/about.html,/about.html,about.html,ok
videos/commercial-1.html,a,href,/index.html,/index.html,index.html,ok
videos/commercial-1.html,a,href,/portfolio.html,/portfolio.html,portfolio.html,ok
videos/commercial-1.html,a,href,/blog.html,/blog.html,blog.html,ok
videos/commercial-1.html,a,href,/gear.html,/gear.html,gear.html,ok
videos/commercial-1.html,a,href,/destinations.html,/destinations.html,destinations.html,ok
videos/commercial-1.html,a,href,/about.html,/about.html,about.html,ok
videos/commercial-1.html,a,href,../portfolio.html#commercials,/portfolio.html,portfolio.html,ok
videos/commercial-1.html,a,href,index.html,/videos/index.html,videos/index.html,ok
videos/commercial-1.html,a,href,/about.html,/about.html,about.html,ok
videos/commercial-1.html,a,href,/contact.html,/contact.html,contact.html,ok
videos/commercial-1.html,a,href,/blog.html,/blog.html,blog.html,ok
videos/commercial-1.html,a,href,/gear.html,/gear.html,gear.html,ok
videos/commercial-1.html,a,href,/destinations.html,/destinations.html,destinations.html,ok
videos/commercial-1.html,a,href,/contact.html,/contact.html,contact.html,ok
videos/commercial-1.html,a,href,/privacy-policy.html,/privacy-policy.html,privacy-policy.html,ok
videos/commercial-1.html,a,href,/affiliate-disclosure.html,/affiliate-disclosure.html,affiliate-disclosure.html,ok
videos/commercial-1.html,a,href,/terms-and-conditions.html,/terms-and-conditions.html,terms-and-conditions.html,ok
videos/commercial-2.html,link,href,https://www.carltravels.com/videos/commercial-2.html,/videos/commercial-2.html,videos/commercial-2.html,ok
videos/commercial-2.html,link,href,/assets/css/dark-theme-overrides.css,/assets/css/dark-theme-overrides.css,assets/css/dark-theme-overrides.css,ok
videos/commercial-2.html,a,href,/index.html,/index.html,index.html,ok
videos/commercial-2.html,a,href,/index.html,/index.html,index.html,ok
videos/commercial-2.html,a,href,/portfolio.html,/portfolio.html,portfolio.html,ok
videos/commercial-2.html,a,href,/blog.html,/blog.html,blog.html,ok
videos/commercial-2.html,a,href,/gear.html,/gear.html,gear.html,ok
videos/commercial-2.html,a,href,/destinations.html,/destinations.html,destinations.html,ok
videos/commercial-2.html,a,href,/about.html,/about.html,about.html,ok
videos/commercial-2.html,a,href,/index.html,/index.html,index.html,ok
videos/commercial-2.html,a,href,/portfolio.html,/portfolio.html,portfolio.html,ok
videos/commercial-2.html,a,href,/blog.html,/blog.html,blog.html,ok
videos/commercial-2.html,a,href,/gear.html,/gear.html,gear.html,ok
videos/commercial-2.html,a,href,/destinations.html,/destinations.html,destinations.html,ok
videos/commercial-2.html,a,href,/about.html,/about.html,about.html,ok
videos/commercial-2.html,a,href,../portfolio.html#commercials,/portfolio.html,portfolio.html,ok
videos/commercial-2.html,a,href,index.html,/videos/index.html,videos/index.html,ok
videos/commercial-2.html,a,href,/about.html,/about.html,about.html,ok
videos/commercial-2.html,a,href,/contact.html,/contact.html,contact.html,ok
videos/commercial-2.html,a,href,/blog.html,/blog.html,blog.html,ok
videos/commercial-2.html,a,href,/gear.html,/gear.html,gear.html,ok
videos/commercial-2.html,a,href,/destinations.html,/destinations.html,destinations.html,ok
videos/commercial-2.html,a,href,/contact.html,/contact.html,contact.html,ok
videos/commercial-2.html,a,href,/privacy-policy.html,/privacy-policy.html,privacy-policy.html,ok
videos/commercial-2.html,a,href,/affiliate-disclosure.html,/affiliate-disclosure.html,affiliate-disclosure.html,ok
videos/commercial-2.html,a,href,/terms-and-conditions.html,/terms-and-conditions.html,terms-and-conditions.html,ok
videos/commercial-3.html,link,href,https://www.carltravels.com/videos/commercial-3.html,/videos/commercial-3.html,videos/commercial-3.html,ok
videos/commercial-3.html,link,href,/assets/css/dark-theme-overrides.css,/assets/css/dark-theme-overrides.css,assets/css/dark-theme-overrides.css,ok
videos/commercial-3.html,a,href,/index.html,/index.html,index.html,ok
videos/commercial-3.html,a,href,/index.html,/index.html,index.html,ok
videos/commercial-3.html,a,href,/portfolio.html,/portfolio.html,portfolio.html,ok
videos/commercial-3.html,a,href,/blog.html,/blog.html,blog.html,ok
videos/commercial-3.html,a,href,/gear.html,/gear.html,gear.html,ok
videos/commercial-3.html,a,href,/destinations.html,/destinations.html,destinations.html,ok
videos/commercial-3.html,a,href,/about.html,/about.html,about.html,ok
videos/commercial-3.html,a,href,/index.html,/index.html,index.html,ok
videos/commercial-3.html,a,href,/portfolio.html,/portfolio.html,portfolio.html,ok
videos/commercial-3.html,a,href,/blog.html,/blog.html,blog.html,ok
videos/commercial-3.html,a,href,/gear.html,/gear.html,gear.html,ok
videos/commercial-3.html,a,href,/destinations.html,/destinations.html,destinations.html,ok
videos/commercial-3.html,a,href,/about.html,/about.html,about.html,ok
videos/commercial-3.html,a,href,../portfolio.html#commercials,/portfolio.html,portfolio.html,ok
videos/commercial-3.html,a,href,index.html,/videos/index.html,videos/index.html,ok
videos/commercial-3.html,a,href,/about.html,/about.html,about.html,ok
videos/commercial-3.html,a,href,/contact.html,/contact.html,contact.html,ok
videos/commercial-3.html,a,href,/blog.html,/blog.html,blog.html,ok
videos/commercial-3.html,a,href,/gear.html,/gear.html,gear.html,ok
videos/commercial-3.html,a,href,/destinations.html,/destinations.html,destinations.html,ok
videos/commercial-3.html,a,href,/contact.html,/contact.html,contact.html,ok
videos/commercial-3.html,a,href,/privacy-policy.html,/privacy-policy.html,privacy-policy.html,ok
videos/commercial-3.html,a,href,/affiliate-disclosure.html,/affiliate-disclosure.html,affiliate-disclosure.html,ok
videos/commercial-3.html,a,href,/terms-and-conditions.html,/terms-and-conditions.html,terms-and-conditions.html,ok
videos/ha-giang-loop-easy-rider.html,link,href,https://www.carltravels.com/videos/ha-giang-loop-easy-rider.html,/videos/ha-giang-loop-easy-rider.html,videos/ha-giang-loop-easy-rider.html,ok
videos/ha-giang-loop-easy-rider.html,link,href,/assets/css/dark-theme-overrides.css,/assets/css/dark-theme-overrides.css,assets/css/dark-theme-overrides.css,ok
videos/ha-giang-loop-easy-rider.html,a,href,/index.html,/index.html,index.html,ok
videos/ha-giang-loop-easy-rider.html,a,href,/index.html,/index.html,index.html,ok
videos/ha-giang-loop-easy-rider.html,a,href,/portfolio.html,/portfolio.html,portfolio.html,ok
videos/ha-giang-loop-easy-rider.html,a,href,/films/martial-arts-documentary.html,/films/martial-arts-documentary.html,films/martial-arts-documentary.html,ok
videos/ha-giang-loop-easy-rider.html,a,href,/blog.html,/blog.html,blog.html,ok
videos/ha-giang-loop-easy-rider.html,a,href,/gear.html,/gear.html,gear.html,ok
videos/ha-giang-loop-easy-rider.html,a,href,/destinations.html,/destinations.html,destinations.html,ok
videos/ha-giang-loop-easy-rider.html,a,href,/about.html,/about.html,about.html,ok
videos/ha-giang-loop-easy-rider.html,a,href,/donate.html,/donate.html,donate.html,ok
videos/ha-giang-loop-easy-rider.html,a,href,/index.html,/index.html,index.html,ok
videos/ha-giang-loop-easy-rider.html,a,href,/portfolio.html,/portfolio.html,portfolio.html,ok
videos/ha-giang-loop-easy-rider.html,a,href,/films/martial-arts-documentary.html,/films/martial-arts-documentary.html,films/martial-arts-documentary.html,ok
videos/ha-giang-loop-easy-rider.html,a,href,/blog.html,/blog.html,blog.html,ok
videos/ha-giang-loop-easy-rider.html,a,href,/gear.html,/gear.html,gear.html,ok
videos/ha-giang-loop-easy-rider.html,a,href,/destinations.html,/destinations.html,destinations.html,ok
videos/ha-giang-loop-easy-rider.html,a,href,/about.html,/about.html,about.html,ok
videos/ha-giang-loop-easy-rider.html,a,href,/donate.html,/donate.html,donate.html,ok
videos/ha-giang-loop-easy-rider.html,a,href,../Hagiangloop.html,/Hagiangloop.html,Hagiangloop.html,ok
videos/ha-giang-loop-easy-rider.html,a,href,index.html,/videos/index.html,videos/index.html,ok
videos/ha-giang-loop-easy-rider.html,a,href,/about.html,/about.html,about.html,ok
videos/ha-giang-loop-easy-rider.html,a,href,/contact.html,/contact.html,contact.html,ok
videos/ha-giang-loop-easy-rider.html,a,href,/blog.html,/blog.html,blog.html,ok
videos/ha-giang-loop-easy-rider.html,a,href,/gear.html,/gear.html,gear.html,ok
videos/ha-giang-loop-easy-rider.html,a,href,/destinations.html,/destinations.html,destinations.html,ok
videos/ha-giang-loop-easy-rider.html,a,href,/contact.html,/contact.html,contact.html,ok
videos/ha-giang-loop-easy-rider.html,a,href,/privacy-policy.html,/privacy-policy.html,privacy-policy.html,ok
videos/ha-giang-loop-easy-rider.html,a,href,/affiliate-disclosure.html,/affiliate-disclosure.html,affiliate-disclosure.html,ok
videos/ha-giang-loop-easy-rider.html,a,href,/terms-and-conditions.html,/terms-and-conditions.html,terms-and-conditions.html,ok
videos/hanoi-ha-long-bay-adventure.html,link,href,https://www.carltravels.com/videos/hanoi-ha-long-bay-adventure.html,/videos/hanoi-ha-long-bay-adventure.html,videos/hanoi-ha-long-bay-adventure.html,ok
videos/hanoi-ha-long-bay-adventure.html,link,href,/assets/css/dark-theme-overrides.css,/assets/css/dark-theme-overrides.css,assets/css/dark-theme-overrides.css,ok
videos/hanoi-ha-long-bay-adventure.html,a,href,/index.html,/index.html,index.html,ok
videos/hanoi-ha-long-bay-adventure.html,a,href,/index.html,/index.html,index.html,ok
videos/hanoi-ha-long-bay-adventure.html,a,href,/portfolio.html,/portfolio.html,portfolio.html,ok
videos/hanoi-ha-long-bay-adventure.html,a,href,/films/martial-arts-documentary.html,/films/martial-arts-documentary.html,films/martial-arts-documentary.html,ok
videos/hanoi-ha-long-bay-adventure.html,a,href,/blog.html,/blog.html,blog.html,ok
videos/hanoi-ha-long-bay-adventure.html,a,href,/gear.html,/gear.html,gear.html,ok
videos/hanoi-ha-long-bay-adventure.html,a,href,/destinations.html,/destinations.html,destinations.html,ok
videos/hanoi-ha-long-bay-adventure.html,a,href,/about.html,/about.html,about.html,ok
videos/hanoi-ha-long-bay-adventure.html,a,href,/donate.html,/donate.html,donate.html,ok
videos/hanoi-ha-long-bay-adventure.html,a,href,/index.html,/index.html,index.html,ok
videos/hanoi-ha-long-bay-adventure.html,a,href,/portfolio.html,/portfolio.html,portfolio.html,ok
videos/hanoi-ha-long-bay-adventure.html,a,href,/films/martial-arts-documentary.html,/films/martial-arts-documentary.html,films/martial-arts-documentary.html,ok
videos/hanoi-ha-long-bay-adventure.html,a,href,/blog.html,/blog.html,blog.html,ok
videos/hanoi-ha-long-bay-adventure.html,a,href,/gear.html,/gear.html,gear.html,ok
videos/hanoi-ha-long-bay-adventure.html,a,href,/destinations.html,/destinations.html,destinations.html,ok
videos/hanoi-ha-long-bay-adventure.html,a,href,/about.html,/about.html,about.html,ok
videos/hanoi-ha-long-bay-adventure.html,a,href,/donate.html,/donate.html,donate.html,ok
videos/hanoi-ha-long-bay-adventure.html,a,href,../hanoitravelguide.html#hanoi-watch,/hanoitravelguide.html,hanoitravelguide.html,ok
videos/hanoi-ha-long-bay-adventure.html,a,href,index.html,/videos/index.html,videos/index.html,ok
videos/hanoi-ha-long-bay-adventure.html,a,href,/about.html,/about.html,about.html,ok
videos/hanoi-ha-long-bay-adventure.html,a,href,/contact.html,/contact.html,contact.html,ok
videos/hanoi-ha-long-bay-adventure.html,a,href,/blog.html,/blog.html,blog.html,ok
videos/hanoi-ha-long-bay-adventure.html,a,href,/gear.html,/gear.html,gear.html,ok
videos/hanoi-ha-long-bay-adventure.html,a,href,/destinations.html,/destinations.html,destinations.html,ok
videos/hanoi-ha-long-bay-adventure.html,a,href,/contact.html,/contact.html,contact.html,ok
videos/hanoi-ha-long-bay-adventure.html,a,href,/privacy-policy.html,/privacy-policy.html,privacy-policy.html,ok
videos/hanoi-ha-long-bay-adventure.html,a,href,/affiliate-disclosure.html,/affiliate-disclosure.html,affiliate-disclosure.html,ok
videos/hanoi-ha-long-bay-adventure.html,a,href,/terms-and-conditions.html,/terms-and-conditions.html,terms-and-conditions.html,ok
videos/hanoi-learn-vietnamese-testimonial.html,link,href,https://www.carltravels.com/videos/hanoi-learn-vietnamese-testimonial.html,/videos/hanoi-learn-vietnamese-testimonial.html,videos/hanoi-learn-vietnamese-testimonial.html,ok
videos/hanoi-learn-vietnamese-testimonial.html,link,href,/assets/css/dark-theme-overrides.css,/assets/css/dark-theme-overrides.css,assets/css/dark-theme-overrides.css,ok
videos/hanoi-learn-vietnamese-testimonial.html,a,href,/index.html,/index.html,index.html,ok
videos/hanoi-learn-vietnamese-testimonial.html,a,href,/index.html,/index.html,index.html,ok
videos/hanoi-learn-vietnamese-testimonial.html,a,href,/portfolio.html,/portfolio.html,portfolio.html,ok
videos/hanoi-learn-vietnamese-testimonial.html,a,href,/films/martial-arts-documentary.html,/films/martial-arts-documentary.html,films/martial-arts-documentary.html,ok
videos/hanoi-learn-vietnamese-testimonial.html,a,href,/blog.html,/blog.html,blog.html,ok
videos/hanoi-learn-vietnamese-testimonial.html,a,href,/gear.html,/gear.html,gear.html,ok
videos/hanoi-learn-vietnamese-testimonial.html,a,href,/destinations.html,/destinations.html,destinations.html,ok
videos/hanoi-learn-vietnamese-testimonial.html,a,href,/about.html,/about.html,about.html,ok
videos/hanoi-learn-vietnamese-testimonial.html,a,href,/donate.html,/donate.html,donate.html,ok
videos/hanoi-learn-vietnamese-testimonial.html,a,href,/index.html,/index.html,index.html,ok
videos/hanoi-learn-vietnamese-testimonial.html,a,href,/portfolio.html,/portfolio.html,portfolio.html,ok
videos/hanoi-learn-vietnamese-testimonial.html,a,href,/films/martial-arts-documentary.html,/films/martial-arts-documentary.html,films/martial-arts-documentary.html,ok
videos/hanoi-learn-vietnamese-testimonial.html,a,href,/blog.html,/blog.html,blog.html,ok
videos/hanoi-learn-vietnamese-testimonial.html,a,href,/gear.html,/gear.html,gear.html,ok
videos/hanoi-learn-vietnamese-testimonial.html,a,href,/destinations.html,/destinations.html,destinations.html,ok
videos/hanoi-learn-vietnamese-testimonial.html,a,href,/about.html,/about.html,about.html,ok
videos/hanoi-learn-vietnamese-testimonial.html,a,href,/donate.html,/donate.html,donate.html,ok
videos/hanoi-learn-vietnamese-testimonial.html,a,href,../hanoitravelguide.html#learn-vietnamese,/hanoitravelguide.html,hanoitravelguide.html,ok
videos/hanoi-learn-vietnamese-testimonial.html,a,href,index.html,/videos/index.html,videos/index.html,ok
videos/hanoi-learn-vietnamese-testimonial.html,a,href,/about.html,/about.html,about.html,ok
videos/hanoi-learn-vietnamese-testimonial.html,a,href,/contact.html,/contact.html,contact.html,ok
videos/hanoi-learn-vietnamese-testimonial.html,a,href,/blog.html,/blog.html,blog.html,ok
videos/hanoi-learn-vietnamese-testimonial.html,a,href,/gear.html,/gear.html,gear.html,ok
videos/hanoi-learn-vietnamese-testimonial.html,a,href,/destinations.html,/destinations.html,destinations.html,ok
videos/hanoi-learn-vietnamese-testimonial.html,a,href,/contact.html,/contact.html,contact.html,ok
videos/hanoi-learn-vietnamese-testimonial.html,a,href,/privacy-policy.html,/privacy-policy.html,privacy-policy.html,ok
videos/hanoi-learn-vietnamese-testimonial.html,a,href,/affiliate-disclosure.html,/affiliate-disclosure.html,affiliate-disclosure.html,ok
videos/hanoi-learn-vietnamese-testimonial.html,a,href,/terms-and-conditions.html,/terms-and-conditions.html,terms-and-conditions.html,ok
videos/hanoi-old-quarter-vibes.html,link,href,https://www.carltravels.com/videos/hanoi-old-quarter-vibes.html,/videos/hanoi-old-quarter-vibes.html,videos/hanoi-old-quarter-vibes.html,ok
videos/hanoi-old-quarter-vibes.html,link,href,/assets/css/dark-theme-overrides.css,/assets/css/dark-theme-overrides.css,assets/css/dark-theme-overrides.css,ok
videos/hanoi-old-quarter-vibes.html,a,href,/index.html,/index.html,index.html,ok
videos/hanoi-old-quarter-vibes.html,a,href,/index.html,/index.html,index.html,ok
videos/hanoi-old-quarter-vibes.html,a,href,/portfolio.html,/portfolio.html,portfolio.html,ok
videos/hanoi-old-quarter-vibes.html,a,href,/films/martial-arts-documentary.html,/films/martial-arts-documentary.html,films/martial-arts-documentary.html,ok
videos/hanoi-old-quarter-vibes.html,a,href,/blog.html,/blog.html,blog.html,ok
videos/hanoi-old-quarter-vibes.html,a,href,/gear.html,/gear.html,gear.html,ok
videos/hanoi-old-quarter-vibes.html,a,href,/destinations.html,/destinations.html,destinations.html,ok
videos/hanoi-old-quarter-vibes.html,a,href,/about.html,/about.html,about.html,ok
videos/hanoi-old-quarter-vibes.html,a,href,/donate.html,/donate.html,donate.html,ok
videos/hanoi-old-quarter-vibes.html,a,href,/index.html,/index.html,index.html,ok
videos/hanoi-old-quarter-vibes.html,a,href,/portfolio.html,/portfolio.html,portfolio.html,ok
videos/hanoi-old-quarter-vibes.html,a,href,/films/martial-arts-documentary.html,/films/martial-arts-documentary.html,films/martial-arts-documentary.html,ok
videos/hanoi-old-quarter-vibes.html,a,href,/blog.html,/blog.html,blog.html,ok
videos/hanoi-old-quarter-vibes.html,a,href,/gear.html,/gear.html,gear.html,ok
videos/hanoi-old-quarter-vibes.html,a,href,/destinations.html,/destinations.html,destinations.html,ok
videos/hanoi-old-quarter-vibes.html,a,href,/about.html,/about.html,about.html,ok
videos/hanoi-old-quarter-vibes.html,a,href,/donate.html,/donate.html,donate.html,ok
videos/hanoi-old-quarter-vibes.html,a,href,../hanoitravelguide.html#hanoi-watch,/hanoitravelguide.html,hanoitravelguide.html,ok
videos/hanoi-old-quarter-vibes.html,a,href,index.html,/videos/index.html,videos/index.html,ok
videos/hanoi-old-quarter-vibes.html,a,href,/about.html,/about.html,about.html,ok
videos/hanoi-old-quarter-vibes.html,a,href,/contact.html,/contact.html,contact.html,ok
videos/hanoi-old-quarter-vibes.html,a,href,/blog.html,/blog.html,blog.html,ok
videos/hanoi-old-quarter-vibes.html,a,href,/gear.html,/gear.html,gear.html,ok
videos/hanoi-old-quarter-vibes.html,a,href,/destinations.html,/destinations.html,destinations.html,ok
videos/hanoi-old-quarter-vibes.html,a,href,/contact.html,/contact.html,contact.html,ok
videos/hanoi-old-quarter-vibes.html,a,href,/privacy-policy.html,/privacy-policy.html,privacy-policy.html,ok
videos/hanoi-old-quarter-vibes.html,a,href,/affiliate-disclosure.html,/affiliate-disclosure.html,affiliate-disclosure.html,ok
videos/hanoi-old-quarter-vibes.html,a,href,/terms-and-conditions.html,/terms-and-conditions.html,terms-and-conditions.html,ok
videos/hanoi-train-street-thrills.html,link,href,https://www.carltravels.com/videos/hanoi-train-street-thrills.html,/videos/hanoi-train-street-thrills.html,videos/hanoi-train-street-thrills.html,ok
videos/hanoi-train-street-thrills.html,link,href,/assets/css/dark-theme-overrides.css,/assets/css/dark-theme-overrides.css,assets/css/dark-theme-overrides.css,ok
videos/hanoi-train-street-thrills.html,a,href,/index.html,/index.html,index.html,ok
videos/hanoi-train-street-thrills.html,a,href,/index.html,/index.html,index.html,ok
videos/hanoi-train-street-thrills.html,a,href,/portfolio.html,/portfolio.html,portfolio.html,ok
videos/hanoi-train-street-thrills.html,a,href,/films/martial-arts-documentary.html,/films/martial-arts-documentary.html,films/martial-arts-documentary.html,ok
videos/hanoi-train-street-thrills.html,a,href,/blog.html,/blog.html,blog.html,ok
videos/hanoi-train-street-thrills.html,a,href,/gear.html,/gear.html,gear.html,ok
videos/hanoi-train-street-thrills.html,a,href,/destinations.html,/destinations.html,destinations.html,ok
videos/hanoi-train-street-thrills.html,a,href,/about.html,/about.html,about.html,ok
videos/hanoi-train-street-thrills.html,a,href,/donate.html,/donate.html,donate.html,ok
videos/hanoi-train-street-thrills.html,a,href,/index.html,/index.html,index.html,ok
videos/hanoi-train-street-thrills.html,a,href,/portfolio.html,/portfolio.html,portfolio.html,ok
videos/hanoi-train-street-thrills.html,a,href,/films/martial-arts-documentary.html,/films/martial-arts-documentary.html,films/martial-arts-documentary.html,ok
videos/hanoi-train-street-thrills.html,a,href,/blog.html,/blog.html,blog.html,ok
videos/hanoi-train-street-thrills.html,a,href,/gear.html,/gear.html,gear.html,ok
videos/hanoi-train-street-thrills.html,a,href,/destinations.html,/destinations.html,destinations.html,ok
videos/hanoi-train-street-thrills.html,a,href,/about.html,/about.html,about.html,ok
videos/hanoi-train-street-thrills.html,a,href,/donate.html,/donate.html,donate.html,ok
videos/hanoi-train-street-thrills.html,a,href,../hanoitravelguide.html#hanoi-watch,/hanoitravelguide.html,hanoitravelguide.html,ok
videos/hanoi-train-street-thrills.html,a,href,index.html,/videos/index.html,videos/index.html,ok
videos/hanoi-train-street-thrills.html,a,href,/about.html,/about.html,about.html,ok
videos/hanoi-train-street-thrills.html,a,href,/contact.html,/contact.html,contact.html,ok
videos/hanoi-train-street-thrills.html,a,href,/blog.html,/blog.html,blog.html,ok
videos/hanoi-train-street-thrills.html,a,href,/gear.html,/gear.html,gear.html,ok
videos/hanoi-train-street-thrills.html,a,href,/destinations.html,/destinations.html,destinations.html,ok
videos/hanoi-train-street-thrills.html,a,href,/contact.html,/contact.html,contact.html,ok
videos/hanoi-train-street-thrills.html,a,href,/privacy-policy.html,/privacy-policy.html,privacy-policy.html,ok
videos/hanoi-train-street-thrills.html,a,href,/affiliate-disclosure.html,/affiliate-disclosure.html,affiliate-disclosure.html,ok
videos/hanoi-train-street-thrills.html,a,href,/terms-and-conditions.html,/terms-and-conditions.html,terms-and-conditions.html,ok
videos/index.html,link,href,https://www.carltravels.com/videos/,/videos/,videos/index.html,ok
videos/index.html,link,href,/assets/css/dark-theme-overrides.css,/assets/css/dark-theme-overrides.css,assets/css/dark-theme-overrides.css,ok
videos/index.html,a,href,/index.html,/index.html,index.html,ok
videos/index.html,a,href,/index.html,/index.html,index.html,ok
videos/index.html,a,href,/portfolio.html,/portfolio.html,portfolio.html,ok
videos/index.html,a,href,/films/martial-arts-documentary.html,/films/martial-arts-documentary.html,films/martial-arts-documentary.html,ok
videos/index.html,a,href,/blog.html,/blog.html,blog.html,ok
videos/index.html,a,href,/gear.html,/gear.html,gear.html,ok
videos/index.html,a,href,/destinations.html,/destinations.html,destinations.html,ok
videos/index.html,a,href,/about.html,/about.html,about.html,ok
videos/index.html,a,href,/donate.html,/donate.html,donate.html,ok
videos/index.html,a,href,/index.html,/index.html,index.html,ok
videos/index.html,a,href,/portfolio.html,/portfolio.html,portfolio.html,ok
videos/index.html,a,href,/films/martial-arts-documentary.html,/films/martial-arts-documentary.html,films/martial-arts-documentary.html,ok
videos/index.html,a,href,/blog.html,/blog.html,blog.html,ok
videos/index.html,a,href,/gear.html,/gear.html,gear.html,ok
videos/index.html,a,href,/destinations.html,/destinations.html,destinations.html,ok
videos/index.html,a,href,/about.html,/about.html,about.html,ok
videos/index.html,a,href,/donate.html,/donate.html,donate.html,ok
videos/index.html,a,href,ha-giang-loop-easy-rider.html,/videos/ha-giang-loop-easy-rider.html,videos/ha-giang-loop-easy-rider.html,ok
videos/index.html,a,href,tran-quoc-pagoda-watch.html,/videos/tran-quoc-pagoda-watch.html,videos/tran-quoc-pagoda-watch.html,ok
videos/index.html,a,href,hanoi-train-street-thrills.html,/videos/hanoi-train-street-thrills.html,videos/hanoi-train-street-thrills.html,ok
videos/index.html,a,href,hanoi-ha-long-bay-adventure.html,/videos/hanoi-ha-long-bay-adventure.html,videos/hanoi-ha-long-bay-adventure.html,ok
videos/index.html,a,href,hanoi-old-quarter-vibes.html,/videos/hanoi-old-quarter-vibes.html,videos/hanoi-old-quarter-vibes.html,ok
videos/index.html,a,href,hanoi-learn-vietnamese-testimonial.html,/videos/hanoi-learn-vietnamese-testimonial.html,videos/hanoi-learn-vietnamese-testimonial.html,ok
videos/index.html,a,href,osaka-dotonbori-at-night.html,/videos/osaka-dotonbori-at-night.html,videos/osaka-dotonbori-at-night.html,ok
videos/index.html,a,href,osaka-expo-70-park-journey.html,/videos/osaka-expo-70-park-journey.html,videos/osaka-expo-70-park-journey.html,ok
videos/index.html,a,href,osaka-kobe-beef-experience.html,/videos/osaka-kobe-beef-experience.html,videos/osaka-kobe-beef-experience.html,ok
videos/index.html,a,href,music-video-1.html,/videos/music-video-1.html,videos/music-video-1.html,ok
videos/index.html,a,href,music-video-2.html,/videos/music-video-2.html,videos/music-video-2.html,ok
videos/index.html,a,href,music-video-3.html,/videos/music-video-3.html,videos/music-video-3.html,ok
videos/index.html,a,href,wedding-film-1.html,/videos/wedding-film-1.html,videos/wedding-film-1.html,ok
videos/index.html,a,href,wedding-film-2.html,/videos/wedding-film-2.html,videos/wedding-film-2.html,ok
videos/index.html,a,href,wedding-film-3.html,/videos/wedding-film-3.html,videos/wedding-film-3.html,ok
videos/index.html,a,href,commercial-1.html,/videos/commercial-1.html,videos/commercial-1.html,ok
videos/index.html,a,href,commercial-2.html,/videos/commercial-2.html,videos/commercial-2.html,ok
videos/index.html,a,href,commercial-3.html,/videos/commercial-3.html,videos/commercial-3.html,ok
videos/index.html,a,href,beginners-guide-davinci-resolve-2025.html,/videos/beginners-guide-davinci-resolve-2025.html,videos/beginners-guide-davinci-resolve-2025.html,ok
videos/index.html,a,href,/about.html,/about.html,about.html,ok
videos/index.html,a,href,/contact.html,/contact.html,contact.html,ok
videos/index.html,a,href,/blog.html,/blog.html,blog.html,ok
videos/index.html,a,href,/gear.html,/gear.html,gear.html,ok
videos/index.html,a,href,/destinations.html,/destinations.html,destinations.html,ok
videos/index.html,a,href,/contact.html,/contact.html,contact.html,ok
videos/index.html,a,href,/privacy-policy.html,/privacy-policy.html,privacy-policy.html,ok
videos/index.html,a,href,/affiliate-disclosure.html,/affiliate-disclosure.html,affiliate-disclosure.html,ok
videos/index.html,a,href,/terms-and-conditions.html,/terms-and-conditions.html,terms-and-conditions.html,ok
videos/music-video-1.html,link,href,https://www.carltravels.com/videos/music-video-1.html,/videos/music-video-1.html,videos/music-video-1.html,ok
videos/music-video-1.html,link,href,/assets/css/dark-theme-overrides.css,/assets/css/dark-theme-overrides.css,assets/css/dark-theme-overrides.css,ok
videos/music-video-1.html,a,href,/index.html,/index.html,index.html,ok
videos/music-video-1.html,a,href,/index.html,/index.html,index.html,ok
videos/music-video-1.html,a,href,/portfolio.html,/portfolio.html,portfolio.html,ok
videos/music-video-1.html,a,href,/blog.html,/blog.html,blog.html,ok
videos/music-video-1.html,a,href,/gear.html,/gear.html,gear.html,ok
videos/music-video-1.html,a,href,/destinations.html,/destinations.html,destinations.html,ok
videos/music-video-1.html,a,href,/about.html,/about.html,about.html,ok
videos/music-video-1.html,a,href,/index.html,/index.html,index.html,ok
videos/music-video-1.html,a,href,/portfolio.html,/portfolio.html,portfolio.html,ok
videos/music-video-1.html,a,href,/blog.html,/blog.html,blog.html,ok
videos/music-video-1.html,a,href,/gear.html,/gear.html,gear.html,ok
videos/music-video-1.html,a,href,/destinations.html,/destinations.html,destinations.html,ok
videos/music-video-1.html,a,href,/about.html,/about.html,about.html,ok
videos/music-video-1.html,a,href,../portfolio.html#music,/portfolio.html,portfolio.html,ok
videos/music-video-1.html,a,href,index.html,/videos/index.html,videos/index.html,ok
videos/music-video-1.html,a,href,/about.html,/about.html,about.html,ok
videos/music-video-1.html,a,href,/contact.html,/contact.html,contact.html,ok
videos/music-video-1.html,a,href,/blog.html,/blog.html,blog.html,ok
videos/music-video-1.html,a,href,/gear.html,/gear.html,gear.html,ok
videos/music-video-1.html,a,href,/destinations.html,/destinations.html,destinations.html,ok
videos/music-video-1.html,a,href,/contact.html,/contact.html,contact.html,ok
videos/music-video-1.html,a,href,/privacy-policy.html,/privacy-policy.html,privacy-policy.html,ok
videos/music-video-1.html,a,href,/affiliate-disclosure.html,/affiliate-disclosure.html,affiliate-disclosure.html,ok
videos/music-video-1.html,a,href,/terms-and-conditions.html,/terms-and-conditions.html,terms-and-conditions.html,ok
videos/music-video-2.html,link,href,https://www.carltravels.com/videos/music-video-2.html,/videos/music-video-2.html,videos/music-video-2.html,ok
videos/music-video-2.html,link,href,/assets/css/dark-theme-overrides.css,/assets/css/dark-theme-overrides.css,assets/css/dark-theme-overrides.css,ok
videos/music-video-2.html,a,href,/index.html,/index.html,index.html,ok
videos/music-video-2.html,a,href,/index.html,/index.html,index.html,ok
videos/music-video-2.html,a,href,/portfolio.html,/portfolio.html,portfolio.html,ok
videos/music-video-2.html,a,href,/blog.html,/blog.html,blog.html,ok
videos/music-video-2.html,a,href,/gear.html,/gear.html,gear.html,ok
videos/music-video-2.html,a,href,/destinations.html,/destinations.html,destinations.html,ok
videos/music-video-2.html,a,href,/about.html,/about.html,about.html,ok
videos/music-video-2.html,a,href,/index.html,/index.html,index.html,ok
videos/music-video-2.html,a,href,/portfolio.html,/portfolio.html,portfolio.html,ok
videos/music-video-2.html,a,href,/blog.html,/blog.html,blog.html,ok
videos/music-video-2.html,a,href,/gear.html,/gear.html,gear.html,ok
videos/music-video-2.html,a,href,/destinations.html,/destinations.html,destinations.html,ok
videos/music-video-2.html,a,href,/about.html,/about.html,about.html,ok
videos/music-video-2.html,a,href,../portfolio.html#music,/portfolio.html,portfolio.html,ok
videos/music-video-2.html,a,href,index.html,/videos/index.html,videos/index.html,ok
videos/music-video-2.html,a,href,/about.html,/about.html,about.html,ok
videos/music-video-2.html,a,href,/contact.html,/contact.html,contact.html,ok
videos/music-video-2.html,a,href,/blog.html,/blog.html,blog.html,ok
videos/music-video-2.html,a,href,/gear.html,/gear.html,gear.html,ok
videos/music-video-2.html,a,href,/destinations.html,/destinations.html,destinations.html,ok
videos/music-video-2.html,a,href,/contact.html,/contact.html,contact.html,ok
videos/music-video-2.html,a,href,/privacy-policy.html,/privacy-policy.html,privacy-policy.html,ok
videos/music-video-2.html,a,href,/affiliate-disclosure.html,/affiliate-disclosure.html,affiliate-disclosure.html,ok
videos/music-video-2.html,a,href,/terms-and-conditions.html,/terms-and-conditions.html,terms-and-conditions.html,ok
videos/music-video-3.html,link,href,https://www.carltravels.com/videos/music-video-3.html,/videos/music-video-3.html,videos/music-video-3.html,ok
videos/music-video-3.html,link,href,/assets/css/dark-theme-overrides.css,/assets/css/dark-theme-overrides.css,assets/css/dark-theme-overrides.css,ok
videos/music-video-3.html,a,href,/index.html,/index.html,index.html,ok
videos/music-video-3.html,a,href,/index.html,/index.html,index.html,ok
videos/music-video-3.html,a,href,/portfolio.html,/portfolio.html,portfolio.html,ok
videos/music-video-3.html,a,href,/blog.html,/blog.html,blog.html,ok
videos/music-video-3.html,a,href,/gear.html,/gear.html,gear.html,ok
videos/music-video-3.html,a,href,/destinations.html,/destinations.html,destinations.html,ok
videos/music-video-3.html,a,href,/about.html,/about.html,about.html,ok
videos/music-video-3.html,a,href,/index.html,/index.html,index.html,ok
videos/music-video-3.html,a,href,/portfolio.html,/portfolio.html,portfolio.html,ok
videos/music-video-3.html,a,href,/blog.html,/blog.html,blog.html,ok
videos/music-video-3.html,a,href,/gear.html,/gear.html,gear.html,ok
videos/music-video-3.html,a,href,/destinations.html,/destinations.html,destinations.html,ok
videos/music-video-3.html,a,href,/about.html,/about.html,about.html,ok
videos/music-video-3.html,a,href,../portfolio.html#music,/portfolio.html,portfolio.html,ok
videos/music-video-3.html,a,href,index.html,/videos/index.html,videos/index.html,ok
videos/music-video-3.html,a,href,/about.html,/about.html,about.html,ok
videos/music-video-3.html,a,href,/contact.html,/contact.html,contact.html,ok
videos/music-video-3.html,a,href,/blog.html,/blog.html,blog.html,ok
videos/music-video-3.html,a,href,/gear.html,/gear.html,gear.html,ok
videos/music-video-3.html,a,href,/destinations.html,/destinations.html,destinations.html,ok
videos/music-video-3.html,a,href,/contact.html,/contact.html,contact.html,ok
videos/music-video-3.html,a,href,/privacy-policy.html,/privacy-policy.html,privacy-policy.html,ok
videos/music-video-3.html,a,href,/affiliate-disclosure.html,/affiliate-disclosure.html,affiliate-disclosure.html,ok
videos/music-video-3.html,a,href,/terms-and-conditions.html,/terms-and-conditions.html,terms-and-conditions.html,ok
videos/osaka-dotonbori-at-night.html,link,href,https://www.carltravels.com/videos/osaka-dotonbori-at-night.html,/videos/osaka-dotonbori-at-night.html,videos/osaka-dotonbori-at-night.html,ok
videos/osaka-dotonbori-at-night.html,link,href,/assets/css/dark-theme-overrides.css,/assets/css/dark-theme-overrides.css,assets/css/dark-theme-overrides.css,ok
videos/osaka-dotonbori-at-night.html,a,href,/index.html,/index.html,index.html,ok
videos/osaka-dotonbori-at-night.html,a,href,/index.html,/index.html,index.html,ok
videos/osaka-dotonbori-at-night.html,a,href,/portfolio.html,/portfolio.html,portfolio.html,ok
videos/osaka-dotonbori-at-night.html,a,href,/films/martial-arts-documentary.html,/films/martial-arts-documentary.html,films/martial-arts-documentary.html,ok
videos/osaka-dotonbori-at-night.html,a,href,/blog.html,/blog.html,blog.html,ok
videos/osaka-dotonbori-at-night.html,a,href,/gear.html,/gear.html,gear.html,ok
videos/osaka-dotonbori-at-night.html,a,href,/destinations.html,/destinations.html,destinations.html,ok
videos/osaka-dotonbori-at-night.html,a,href,/about.html,/about.html,about.html,ok
videos/osaka-dotonbori-at-night.html,a,href,/donate.html,/donate.html,donate.html,ok
videos/osaka-dotonbori-at-night.html,a,href,/index.html,/index.html,index.html,ok
videos/osaka-dotonbori-at-night.html,a,href,/portfolio.html,/portfolio.html,portfolio.html,ok
videos/osaka-dotonbori-at-night.html,a,href,/films/martial-arts-documentary.html,/films/martial-arts-documentary.html,films/martial-arts-documentary.html,ok
videos/osaka-dotonbori-at-night.html,a,href,/blog.html,/blog.html,blog.html,ok
videos/osaka-dotonbori-at-night.html,a,href,/gear.html,/gear.html,gear.html,ok
videos/osaka-dotonbori-at-night.html,a,href,/destinations.html,/destinations.html,destinations.html,ok
videos/osaka-dotonbori-at-night.html,a,href,/about.html,/about.html,about.html,ok
videos/osaka-dotonbori-at-night.html,a,href,/donate.html,/donate.html,donate.html,ok
videos/osaka-dotonbori-at-night.html,a,href,../osakatravelguide.html#watch,/osakatravelguide.html,osakatravelguide.html,ok
videos/osaka-dotonbori-at-night.html,a,href,index.html,/videos/index.html,videos/index.html,ok
videos/osaka-dotonbori-at-night.html,a,href,/about.html,/about.html,about.html,ok
videos/osaka-dotonbori-at-night.html,a,href,/contact.html,/contact.html,contact.html,ok
videos/osaka-dotonbori-at-night.html,a,href,/blog.html,/blog.html,blog.html,ok
videos/osaka-dotonbori-at-night.html,a,href,/gear.html,/gear.html,gear.html,ok
videos/osaka-dotonbori-at-night.html,a,href,/destinations.html,/destinations.html,destinations.html,ok
videos/osaka-dotonbori-at-night.html,a,href,/contact.html,/contact.html,contact.html,ok
videos/osaka-dotonbori-at-night.html,a,href,/privacy-policy.html,/privacy-policy.html,privacy-policy.html,ok
videos/osaka-dotonbori-at-night.html,a,href,/affiliate-disclosure.html,/affiliate-disclosure.html,affiliate-disclosure.html,ok
videos/osaka-dotonbori-at-night.html,a,href,/terms-and-conditions.html,/terms-and-conditions.html,terms-and-conditions.html,ok
videos/osaka-expo-70-park-journey.html,link,href,https://www.carltravels.com/videos/osaka-expo-70-park-journey.html,/videos/osaka-expo-70-park-journey.html,videos/osaka-expo-70-park-journey.html,ok
videos/osaka-expo-70-park-journey.html,link,href,/assets/css/dark-theme-overrides.css,/assets/css/dark-theme-overrides.css,assets/css/dark-theme-overrides.css,ok
videos/osaka-expo-70-park-journey.html,a,href,/index.html,/index.html,index.html,ok
videos/osaka-expo-70-park-journey.html,a,href,/index.html,/index.html,index.html,ok
videos/osaka-expo-70-park-journey.html,a,href,/portfolio.html,/portfolio.html,portfolio.html,ok
videos/osaka-expo-70-park-journey.html,a,href,/films/martial-arts-documentary.html,/films/martial-arts-documentary.html,films/martial-arts-documentary.html,ok
videos/osaka-expo-70-park-journey.html,a,href,/blog.html,/blog.html,blog.html,ok
videos/osaka-expo-70-park-journey.html,a,href,/gear.html,/gear.html,gear.html,ok
videos/osaka-expo-70-park-journey.html,a,href,/destinations.html,/destinations.html,destinations.html,ok
videos/osaka-expo-70-park-journey.html,a,href,/about.html,/about.html,about.html,ok
videos/osaka-expo-70-park-journey.html,a,href,/donate.html,/donate.html,donate.html,ok
videos/osaka-expo-70-park-journey.html,a,href,/index.html,/index.html,index.html,ok
videos/osaka-expo-70-park-journey.html,a,href,/portfolio.html,/portfolio.html,portfolio.html,ok
videos/osaka-expo-70-park-journey.html,a,href,/films/martial-arts-documentary.html,/films/martial-arts-documentary.html,films/martial-arts-documentary.html,ok
videos/osaka-expo-70-park-journey.html,a,href,/blog.html,/blog.html,blog.html,ok
videos/osaka-expo-70-park-journey.html,a,href,/gear.html,/gear.html,gear.html,ok
videos/osaka-expo-70-park-journey.html,a,href,/destinations.html,/destinations.html,destinations.html,ok
videos/osaka-expo-70-park-journey.html,a,href,/about.html,/about.html,about.html,ok
videos/osaka-expo-70-park-journey.html,a,href,/donate.html,/donate.html,donate.html,ok
videos/osaka-expo-70-park-journey.html,a,href,../osakatravelguide.html#watch,/osakatravelguide.html,osakatravelguide.html,ok
videos/osaka-expo-70-park-journey.html,a,href,index.html,/videos/index.html,videos/index.html,ok
videos/osaka-expo-70-park-journey.html,a,href,/about.html,/about.html,about.html,ok
videos/osaka-expo-70-park-journey.html,a,href,/contact.html,/contact.html,contact.html,ok
videos/osaka-expo-70-park-journey.html,a,href,/blog.html,/blog.html,blog.html,ok
videos/osaka-expo-70-park-journey.html,a,href,/gear.html,/gear.html,gear.html,ok
videos/osaka-expo-70-park-journey.html,a,href,/destinations.html,/destinations.html,destinations.html,ok
videos/osaka-expo-70-park-journey.html,a,href,/contact.html,/contact.html,contact.html,ok
videos/osaka-expo-70-park-journey.html,a,href,/privacy-policy.html,/privacy-policy.html,privacy-policy.html,ok
videos/osaka-expo-70-park-journey.html,a,href,/affiliate-disclosure.html,/affiliate-disclosure.html,affiliate-disclosure.html,ok
videos/osaka-expo-70-park-journey.html,a,href,/terms-and-conditions.html,/terms-and-conditions.html,terms-and-conditions.html,ok
videos/osaka-kobe-beef-experience.html,link,href,https://www.carltravels.com/videos/osaka-kobe-beef-experience.html,/videos/osaka-kobe-beef-experience.html,videos/osaka-kobe-beef-experience.html,ok
videos/osaka-kobe-beef-experience.html,link,href,/assets/css/dark-theme-overrides.css,/assets/css/dark-theme-overrides.css,assets/css/dark-theme-overrides.css,ok
videos/osaka-kobe-beef-experience.html,a,href,/index.html,/index.html,index.html,ok
videos/osaka-kobe-beef-experience.html,a,href,/index.html,/index.html,index.html,ok
videos/osaka-kobe-beef-experience.html,a,href,/portfolio.html,/portfolio.html,portfolio.html,ok
videos/osaka-kobe-beef-experience.html,a,href,/films/martial-arts-documentary.html,/films/martial-arts-documentary.html,films/martial-arts-documentary.html,ok
videos/osaka-kobe-beef-experience.html,a,href,/blog.html,/blog.html,blog.html,ok
videos/osaka-kobe-beef-experience.html,a,href,/gear.html,/gear.html,gear.html,ok
videos/osaka-kobe-beef-experience.html,a,href,/destinations.html,/destinations.html,destinations.html,ok
videos/osaka-kobe-beef-experience.html,a,href,/about.html,/about.html,about.html,ok
videos/osaka-kobe-beef-experience.html,a,href,/donate.html,/donate.html,donate.html,ok
videos/osaka-kobe-beef-experience.html,a,href,/index.html,/index.html,index.html,ok
videos/osaka-kobe-beef-experience.html,a,href,/portfolio.html,/portfolio.html,portfolio.html,ok
videos/osaka-kobe-beef-experience.html,a,href,/films/martial-arts-documentary.html,/films/martial-arts-documentary.html,films/martial-arts-documentary.html,ok
videos/osaka-kobe-beef-experience.html,a,href,/blog.html,/blog.html,blog.html,ok
videos/osaka-kobe-beef-experience.html,a,href,/gear.html,/gear.html,gear.html,ok
videos/osaka-kobe-beef-experience.html,a,href,/destinations.html,/destinations.html,destinations.html,ok
videos/osaka-kobe-beef-experience.html,a,href,/about.html,/about.html,about.html,ok
videos/osaka-kobe-beef-experience.html,a,href,/donate.html,/donate.html,donate.html,ok
videos/osaka-kobe-beef-experience.html,a,href,../osakatravelguide.html#watch,/osakatravelguide.html,osakatravelguide.html,ok
videos/osaka-kobe-beef-experience.html,a,href,index.html,/videos/index.html,videos/index.html,ok
videos/osaka-kobe-beef-experience.html,a,href,/about.html,/about.html,about.html,ok
videos/osaka-kobe-beef-experience.html,a,href,/contact.html,/contact.html,contact.html,ok
videos/osaka-kobe-beef-experience.html,a,href,/blog.html,/blog.html,blog.html,ok
videos/osaka-kobe-beef-experience.html,a,href,/gear.html,/gear.html,gear.html,ok
videos/osaka-kobe-beef-experience.html,a,href,/destinations.html,/destinations.html,destinations.html,ok
videos/osaka-kobe-beef-experience.html,a,href,/contact.html,/contact.html,contact.html,ok
videos/osaka-kobe-beef-experience.html,a,href,/privacy-policy.html,/privacy-policy.html,privacy-policy.html,ok
videos/osaka-kobe-beef-experience.html,a,href,/affiliate-disclosure.html,/affiliate-disclosure.html,affiliate-disclosure.html,ok
videos/osaka-kobe-beef-experience.html,a,href,/terms-and-conditions.html,/terms-and-conditions.html,terms-and-conditions.html,ok
videos/tran-quoc-pagoda-watch.html,link,href,https://www.carltravels.com/videos/tran-quoc-pagoda-watch.html,/videos/tran-quoc-pagoda-watch.html,videos/tran-quoc-pagoda-watch.html,ok
videos/tran-quoc-pagoda-watch.html,link,href,/assets/css/dark-theme-overrides.css,/assets/css/dark-theme-overrides.css,assets/css/dark-theme-overrides.css,ok
videos/tran-quoc-pagoda-watch.html,a,href,/index.html,/index.html,index.html,ok
videos/tran-quoc-pagoda-watch.html,a,href,/index.html,/index.html,index.html,ok
videos/tran-quoc-pagoda-watch.html,a,href,/portfolio.html,/portfolio.html,portfolio.html,ok
videos/tran-quoc-pagoda-watch.html,a,href,/films/martial-arts-documentary.html,/films/martial-arts-documentary.html,films/martial-arts-documentary.html,ok
videos/tran-quoc-pagoda-watch.html,a,href,/blog.html,/blog.html,blog.html,ok
videos/tran-quoc-pagoda-watch.html,a,href,/gear.html,/gear.html,gear.html,ok
videos/tran-quoc-pagoda-watch.html,a,href,/destinations.html,/destinations.html,destinations.html,ok
videos/tran-quoc-pagoda-watch.html,a,href,/about.html,/about.html,about.html,ok
videos/tran-quoc-pagoda-watch.html,a,href,/donate.html,/donate.html,donate.html,ok
videos/tran-quoc-pagoda-watch.html,a,href,/index.html,/index.html,index.html,ok
videos/tran-quoc-pagoda-watch.html,a,href,/portfolio.html,/portfolio.html,portfolio.html,ok
videos/tran-quoc-pagoda-watch.html,a,href,/films/martial-arts-documentary.html,/films/martial-arts-documentary.html,films/martial-arts-documentary.html,ok
videos/tran-quoc-pagoda-watch.html,a,href,/blog.html,/blog.html,blog.html,ok
videos/tran-quoc-pagoda-watch.html,a,href,/gear.html,/gear.html,gear.html,ok
videos/tran-quoc-pagoda-watch.html,a,href,/destinations.html,/destinations.html,destinations.html,ok
videos/tran-quoc-pagoda-watch.html,a,href,/about.html,/about.html,about.html,ok
videos/tran-quoc-pagoda-watch.html,a,href,/donate.html,/donate.html,donate.html,ok
videos/tran-quoc-pagoda-watch.html,a,href,../thebesttemplesinhanoi.html,/thebesttemplesinhanoi.html,thebesttemplesinhanoi.html,ok
videos/tran-quoc-pagoda-watch.html,a,href,index.html,/videos/index.html,videos/index.html,ok
videos/tran-quoc-pagoda-watch.html,a,href,/about.html,/about.html,about.html,ok
videos/tran-quoc-pagoda-watch.html,a,href,/contact.html,/contact.html,contact.html,ok
videos/tran-quoc-pagoda-watch.html,a,href,/blog.html,/blog.html,blog.html,ok
videos/tran-quoc-pagoda-watch.html,a,href,/gear.html,/gear.html,gear.html,ok
videos/tran-quoc-pagoda-watch.html,a,href,/destinations.html,/destinations.html,destinations.html,ok
videos/tran-quoc-pagoda-watch.html,a,href,/contact.html,/contact.html,contact.html,ok
videos/tran-quoc-pagoda-watch.html,a,href,/privacy-policy.html,/privacy-policy.html,privacy-policy.html,ok
videos/tran-quoc-pagoda-watch.html,a,href,/affiliate-disclosure.html,/affiliate-disclosure.html,affiliate-disclosure.html,ok
videos/tran-quoc-pagoda-watch.html,a,href,/terms-and-conditions.html,/terms-and-conditions.html,terms-and-conditions.html,ok
videos/wedding-film-1.html,link,href,https://www.carltravels.com/videos/wedding-film-1.html,/videos/wedding-film-1.html,videos/wedding-film-1.html,ok
videos/wedding-film-1.html,link,href,/assets/css/dark-theme-overrides.css,/assets/css/dark-theme-overrides.css,assets/css/dark-theme-overrides.css,ok
videos/wedding-film-1.html,a,href,/index.html,/index.html,index.html,ok
videos/wedding-film-1.html,a,href,/index.html,/index.html,index.html,ok
videos/wedding-film-1.html,a,href,/portfolio.html,/portfolio.html,portfolio.html,ok
videos/wedding-film-1.html,a,href,/blog.html,/blog.html,blog.html,ok
videos/wedding-film-1.html,a,href,/gear.html,/gear.html,gear.html,ok
videos/wedding-film-1.html,a,href,/destinations.html,/destinations.html,destinations.html,ok
videos/wedding-film-1.html,a,href,/about.html,/about.html,about.html,ok
videos/wedding-film-1.html,a,href,/index.html,/index.html,index.html,ok
videos/wedding-film-1.html,a,href,/portfolio.html,/portfolio.html,portfolio.html,ok
videos/wedding-film-1.html,a,href,/blog.html,/blog.html,blog.html,ok
videos/wedding-film-1.html,a,href,/gear.html,/gear.html,gear.html,ok
videos/wedding-film-1.html,a,href,/destinations.html,/destinations.html,destinations.html,ok
videos/wedding-film-1.html,a,href,/about.html,/about.html,about.html,ok
videos/wedding-film-1.html,a,href,../portfolio.html#weddings,/portfolio.html,portfolio.html,ok
videos/wedding-film-1.html,a,href,index.html,/videos/index.html,videos/index.html,ok
videos/wedding-film-1.html,a,href,/about.html,/about.html,about.html,ok
videos/wedding-film-1.html,a,href,/contact.html,/contact.html,contact.html,ok
videos/wedding-film-1.html,a,href,/blog.html,/blog.html,blog.html,ok
videos/wedding-film-1.html,a,href,/gear.html,/gear.html,gear.html,ok
videos/wedding-film-1.html,a,href,/destinations.html,/destinations.html,destinations.html,ok
videos/wedding-film-1.html,a,href,/contact.html,/contact.html,contact.html,ok
videos/wedding-film-1.html,a,href,/privacy-policy.html,/privacy-policy.html,privacy-policy.html,ok
videos/wedding-film-1.html,a,href,/affiliate-disclosure.html,/affiliate-disclosure.html,affiliate-disclosure.html,ok
videos/wedding-film-1.html,a,href,/terms-and-conditions.html,/terms-and-conditions.html,terms-and-conditions.html,ok
videos/wedding-film-2.html,link,href,https://www.carltravels.com/videos/wedding-film-2.html,/videos/wedding-film-2.html,videos/wedding-film-2.html,ok
videos/wedding-film-2.html,link,href,/assets/css/dark-theme-overrides.css,/assets/css/dark-theme-overrides.css,assets/css/dark-theme-overrides.css,ok
videos/wedding-film-2.html,a,href,/index.html,/index.html,index.html,ok
videos/wedding-film-2.html,a,href,/index.html,/index.html,index.html,ok
videos/wedding-film-2.html,a,href,/portfolio.html,/portfolio.html,portfolio.html,ok
videos/wedding-film-2.html,a,href,/blog.html,/blog.html,blog.html,ok
videos/wedding-film-2.html,a,href,/gear.html,/gear.html,gear.html,ok
videos/wedding-film-2.html,a,href,/destinations.html,/destinations.html,destinations.html,ok
videos/wedding-film-2.html,a,href,/about.html,/about.html,about.html,ok
videos/wedding-film-2.html,a,href,/index.html,/index.html,index.html,ok
videos/wedding-film-2.html,a,href,/portfolio.html,/portfolio.html,portfolio.html,ok
videos/wedding-film-2.html,a,href,/blog.html,/blog.html,blog.html,ok
videos/wedding-film-2.html,a,href,/gear.html,/gear.html,gear.html,ok
videos/wedding-film-2.html,a,href,/destinations.html,/destinations.html,destinations.html,ok
videos/wedding-film-2.html,a,href,/about.html,/about.html,about.html,ok
videos/wedding-film-2.html,a,href,../portfolio.html#weddings,/portfolio.html,portfolio.html,ok
videos/wedding-film-2.html,a,href,index.html,/videos/index.html,videos/index.html,ok
videos/wedding-film-2.html,a,href,/about.html,/about.html,about.html,ok
videos/wedding-film-2.html,a,href,/contact.html,/contact.html,contact.html,ok
videos/wedding-film-2.html,a,href,/blog.html,/blog.html,blog.html,ok
videos/wedding-film-2.html,a,href,/gear.html,/gear.html,gear.html,ok
videos/wedding-film-2.html,a,href,/destinations.html,/destinations.html,destinations.html,ok
videos/wedding-film-2.html,a,href,/contact.html,/contact.html,contact.html,ok
videos/wedding-film-2.html,a,href,/privacy-policy.html,/privacy-policy.html,privacy-policy.html,ok
videos/wedding-film-2.html,a,href,/affiliate-disclosure.html,/affiliate-disclosure.html,affiliate-disclosure.html,ok
videos/wedding-film-2.html,a,href,/terms-and-conditions.html,/terms-and-conditions.html,terms-and-conditions.html,ok
videos/wedding-film-3.html,link,href,https://www.carltravels.com/videos/wedding-film-3.html,/videos/wedding-film-3.html,videos/wedding-film-3.html,ok
videos/wedding-film-3.html,link,href,/assets/css/dark-theme-overrides.css,/assets/css/dark-theme-overrides.css,assets/css/dark-theme-overrides.css,ok
videos/wedding-film-3.html,a,href,/index.html,/index.html,index.html,ok
videos/wedding-film-3.html,a,href,/index.html,/index.html,index.html,ok
videos/wedding-film-3.html,a,href,/portfolio.html,/portfolio.html,portfolio.html,ok
videos/wedding-film-3.html,a,href,/blog.html,/blog.html,blog.html,ok
videos/wedding-film-3.html,a,href,/gear.html,/gear.html,gear.html,ok
videos/wedding-film-3.html,a,href,/destinations.html,/destinations.html,destinations.html,ok
videos/wedding-film-3.html,a,href,/about.html,/about.html,about.html,ok
videos/wedding-film-3.html,a,href,/index.html,/index.html,index.html,ok
videos/wedding-film-3.html,a,href,/portfolio.html,/portfolio.html,portfolio.html,ok
videos/wedding-film-3.html,a,href,/blog.html,/blog.html,blog.html,ok
videos/wedding-film-3.html,a,href,/gear.html,/gear.html,gear.html,ok
videos/wedding-film-3.html,a,href,/destinations.html,/destinations.html,destinations.html,ok
videos/wedding-film-3.html,a,href,/about.html,/about.html,about.html,ok
videos/wedding-film-3.html,a,href,../portfolio.html#weddings,/portfolio.html,portfolio.html,ok
videos/wedding-film-3.html,a,href,index.html,/videos/index.html,videos/index.html,ok
videos/wedding-film-3.html,a,href,/about.html,/about.html,about.html,ok
videos/wedding-film-3.html,a,href,/contact.html,/contact.html,contact.html,ok
videos/wedding-film-3.html,a,href,/blog.html,/blog.html,blog.html,ok
videos/wedding-film-3.html,a,href,/gear.html,/gear.html,gear.html,ok
videos/wedding-film-3.html,a,href,/destinations.html,/destinations.html,destinations.html,ok
videos/wedding-film-3.html,a,href,/contact.html,/contact.html,contact.html,ok
videos/wedding-film-3.html,a,href,/privacy-policy.html,/privacy-policy.html,privacy-policy.html,ok
videos/wedding-film-3.html,a,href,/affiliate-disclosure.html,/affiliate-disclosure.html,affiliate-disclosure.html,ok
videos/wedding-film-3.html,a,href,/terms-and-conditions.html,/terms-and-conditions.html,terms-and-conditions.html,ok
vietnam-e-visa-2026-guide.html,meta,content,https://www.carltravels.com/asia-banner.jpg,/asia-banner.jpg,asia-banner.jpg,ok
vietnam-e-visa-2026-guide.html,meta,content,https://www.carltravels.com/vietnam-e-visa-2026-guide.html,/vietnam-e-visa-2026-guide.html,vietnam-e-visa-2026-guide.html,ok
vietnam-e-visa-2026-guide.html,meta,content,https://www.carltravels.com/asia-banner.jpg,/asia-banner.jpg,asia-banner.jpg,ok
vietnam-e-visa-2026-guide.html,link,href,https://www.carltravels.com/vietnam-e-visa-2026-guide.html,/vietnam-e-visa-2026-guide.html,vietnam-e-visa-2026-guide.html,ok
vietnam-e-visa-2026-guide.html,link,href,/assets/css/dark-theme-overrides.css,/assets/css/dark-theme-overrides.css,assets/css/dark-theme-overrides.css,ok
vietnam-e-visa-2026-guide.html,a,href,/index.html,/index.html,index.html,ok
vietnam-e-visa-2026-guide.html,a,href,/index.html,/index.html,index.html,ok
vietnam-e-visa-2026-guide.html,a,href,/portfolio.html,/portfolio.html,portfolio.html,ok
vietnam-e-visa-2026-guide.html,a,href,/films/martial-arts-documentary.html,/films/martial-arts-documentary.html,films/martial-arts-documentary.html,ok
vietnam-e-visa-2026-guide.html,a,href,/blog.html,/blog.html,blog.html,ok
vietnam-e-visa-2026-guide.html,a,href,/gear.html,/gear.html,gear.html,ok
vietnam-e-visa-2026-guide.html,a,href,/destinations.html,/destinations.html,destinations.html,ok
vietnam-e-visa-2026-guide.html,a,href,/about.html,/about.html,about.html,ok
vietnam-e-visa-2026-guide.html,a,href,/donate.html,/donate.html,donate.html,ok
vietnam-e-visa-2026-guide.html,a,href,/index.html,/index.html,index.html,ok
vietnam-e-visa-2026-guide.html,a,href,/portfolio.html,/portfolio.html,portfolio.html,ok
vietnam-e-visa-2026-guide.html,a,href,/films/martial-arts-documentary.html,/films/martial-arts-documentary.html,films/martial-arts-documentary.html,ok
vietnam-e-visa-2026-guide.html,a,href,/blog.html,/blog.html,blog.html,ok
vietnam-e-visa-2026-guide.html,a,href,/gear.html,/gear.html,gear.html,ok
vietnam-e-visa-2026-guide.html,a,href,/destinations.html,/destinations.html,destinations.html,ok
vietnam-e-visa-2026-guide.html,a,href,/about.html,/about.html,about.html,ok
vietnam-e-visa-2026-guide.html,a,href,/donate.html,/donate.html,donate.html,ok
vietnam-e-visa-2026-guide.html,a,href,/destinations.html,/destinations.html,destinations.html,ok
vietnam-e-visa-2026-guide.html,a,href,/hanoitravelguide.html,/hanoitravelguide.html,hanoitravelguide.html,ok
vietnam-e-visa-2026-guide.html,a,href,/hanoitravelguide.html#tay-ho,/hanoitravelguide.html,hanoitravelguide.html,ok
vietnam-e-visa-2026-guide.html,a,href,/about.html,/about.html,about.html,ok
vietnam-e-visa-2026-guide.html,a,href,/contact.html,/contact.html,contact.html,ok
vietnam-e-visa-2026-guide.html,a,href,/blog.html,/blog.html,blog.html,ok
vietnam-e-visa-2026-guide.html,a,href,/gear.html,/gear.html,gear.html,ok
vietnam-e-visa-2026-guide.html,a,href,/destinations.html,/destinations.html,destinations.html,ok
vietnam-e-visa-2026-guide.html,a,href,/contact.html,/contact.html,contact.html,ok
vietnam-e-visa-2026-guide.html,a,href,/privacy-policy.html,/privacy-policy.html,privacy-policy.html,ok
vietnam-e-visa-2026-guide.html,a,href,/affiliate-disclosure.html,/affiliate-disclosure.html,affiliate-disclosure.html,ok
vietnam-e-visa-2026-guide.html,a,href,/terms-and-conditions.html,/terms-and-conditions.html,terms-and-conditions.html,ok
vinwonders-nha-trang.html,meta,content,https://www.carltravels.com/vinwonders-nha-trang.html,/vinwonders-nha-trang.html,vinwonders-nha-trang.html,ok
vinwonders-nha-trang.html,link,href,/assets/css/styles.css,/assets/css/styles.css,assets/css/styles.css,ok
vinwonders-nha-trang.html,link,href,https://www.carltravels.com/vinwonders-nha-trang.html,/vinwonders-nha-trang.html,vinwonders-nha-trang.html,ok
vinwonders-nha-trang.html,link,href,/assets/css/dark-theme-overrides.css,/assets/css/dark-theme-overrides.css,assets/css/dark-theme-overrides.css,ok
vinwonders-nha-trang.html,a,href,/index.html,/index.html,index.html,ok
vinwonders-nha-trang.html,a,href,/index.html,/index.html,index.html,ok
vinwonders-nha-trang.html,a,href,/portfolio.html,/portfolio.html,portfolio.html,ok
vinwonders-nha-trang.html,a,href,/films/martial-arts-documentary.html,/films/martial-arts-documentary.html,films/martial-arts-documentary.html,ok
vinwonders-nha-trang.html,a,href,/blog.html,/blog.html,blog.html,ok
vinwonders-nha-trang.html,a,href,/gear.html,/gear.html,gear.html,ok
vinwonders-nha-trang.html,a,href,/destinations.html,/destinations.html,destinations.html,ok
vinwonders-nha-trang.html,a,href,/about.html,/about.html,about.html,ok
vinwonders-nha-trang.html,a,href,/donate.html,/donate.html,donate.html,ok
vinwonders-nha-trang.html,a,href,/index.html,/index.html,index.html,ok
vinwonders-nha-trang.html,a,href,/portfolio.html,/portfolio.html,portfolio.html,ok
vinwonders-nha-trang.html,a,href,/films/martial-arts-documentary.html,/films/martial-arts-documentary.html,films/martial-arts-documentary.html,ok
vinwonders-nha-trang.html,a,href,/blog.html,/blog.html,blog.html,ok
vinwonders-nha-trang.html,a,href,/gear.html,/gear.html,gear.html,ok
vinwonders-nha-trang.html,a,href,/destinations.html,/destinations.html,destinations.html,ok
vinwonders-nha-trang.html,a,href,/about.html,/about.html,about.html,ok
vinwonders-nha-trang.html,a,href,/donate.html,/donate.html,donate.html,ok
vinwonders-nha-trang.html,a,href,/about.html,/about.html,about.html,ok
vinwonders-nha-trang.html,a,href,/contact.html,/contact.html,contact.html,ok
vinwonders-nha-trang.html,a,href,/blog.html,/blog.html,blog.html,ok
vinwonders-nha-trang.html,a,href,/gear.html,/gear.html,gear.html,ok
vinwonders-nha-trang.html,a,href,/destinations.html,/destinations.html,destinations.html,ok
vinwonders-nha-trang.html,a,href,/contact.html,/contact.html,contact.html,ok
vinwonders-nha-trang.html,a,href,/privacy-policy.html,/privacy-policy.html,privacy-policy.html,ok
vinwonders-nha-trang.html,a,href,/affiliate-disclosure.html,/affiliate-disclosure.html,affiliate-disclosure.html,ok
vinwonders-nha-trang.html,a,href,/terms-and-conditions.html,/terms-and-conditions.html,terms-and-conditions.html,ok
vinwonders-nha-trang.html,script,src,/assets/js/site.js,/assets/js/site.js,assets/js/site.js,ok
what-i-learned-after-returning-to-australia-and-why-i-LEFT-again.html,meta,content,https://www.carltravels.com/australialeave.jpg,/australialeave.jpg,australialeave.jpg,ok
what-i-learned-after-returning-to-australia-and-why-i-LEFT-again.html,meta,content,https://www.carltravels.com/what-i-learned-after-returning-to-australia-and-why-i-LEFT-again.html,/what-i-learned-after-returning-to-australia-and-why-i-LEFT-again.html,what-i-learned-after-returning-to-australia-and-why-i-LEFT-again.html,ok
what-i-learned-after-returning-to-australia-and-why-i-LEFT-again.html,meta,content,https://www.carltravels.com/australialeave.jpg,/australialeave.jpg,australialeave.jpg,ok
what-i-learned-after-returning-to-australia-and-why-i-LEFT-again.html,link,href,/assets/css/styles.css,/assets/css/styles.css,assets/css/styles.css,ok
what-i-learned-after-returning-to-australia-and-why-i-LEFT-again.html,link,href,https://www.carltravels.com/what-i-learned-after-returning-to-australia-and-why-i-LEFT-again.html,/what-i-learned-after-returning-to-australia-and-why-i-LEFT-again.html,what-i-learned-after-returning-to-australia-and-why-i-LEFT-again.html,ok
what-i-learned-after-returning-to-australia-and-why-i-LEFT-again.html,link,href,/assets/css/dark-theme-overrides.css,/assets/css/dark-theme-overrides.css,assets/css/dark-theme-overrides.css,ok
what-i-learned-after-returning-to-australia-and-why-i-LEFT-again.html,a,href,/index.html,/index.html,index.html,ok
what-i-learned-after-returning-to-australia-and-why-i-LEFT-again.html,a,href,/index.html,/index.html,index.html,ok
what-i-learned-after-returning-to-australia-and-why-i-LEFT-again.html,a,href,/portfolio.html,/portfolio.html,portfolio.html,ok
what-i-learned-after-returning-to-australia-and-why-i-LEFT-again.html,a,href,/films/martial-arts-documentary.html,/films/martial-arts-documentary.html,films/martial-arts-documentary.html,ok
what-i-learned-after-returning-to-australia-and-why-i-LEFT-again.html,a,href,/blog.html,/blog.html,blog.html,ok
what-i-learned-after-returning-to-australia-and-why-i-LEFT-again.html,a,href,/gear.html,/gear.html,gear.html,ok
what-i-learned-after-returning-to-australia-and-why-i-LEFT-again.html,a,href,/destinations.html,/destinations.html,destinations.html,ok
what-i-learned-after-returning-to-australia-and-why-i-LEFT-again.html,a,href,/about.html,/about.html,about.html,ok
what-i-learned-after-returning-to-australia-and-why-i-LEFT-again.html,a,href,/donate.html,/donate.html,donate.html,ok
what-i-learned-after-returning-to-australia-and-why-i-LEFT-again.html,a,href,/index.html,/index.html,index.html,ok
what-i-learned-after-returning-to-australia-and-why-i-LEFT-again.html,a,href,/portfolio.html,/portfolio.html,portfolio.html,ok
what-i-learned-after-returning-to-australia-and-why-i-LEFT-again.html,a,href,/films/martial-arts-documentary.html,/films/martial-arts-documentary.html,films/martial-arts-documentary.html,ok
what-i-learned-after-returning-to-australia-and-why-i-LEFT-again.html,a,href,/blog.html,/blog.html,blog.html,ok
what-i-learned-after-returning-to-australia-and-why-i-LEFT-again.html,a,href,/gear.html,/gear.html,gear.html,ok
what-i-learned-after-returning-to-australia-and-why-i-LEFT-again.html,a,href,/destinations.html,/destinations.html,destinations.html,ok
what-i-learned-after-returning-to-australia-and-why-i-LEFT-again.html,a,href,/about.html,/about.html,about.html,ok
what-i-learned-after-returning-to-australia-and-why-i-LEFT-again.html,a,href,/donate.html,/donate.html,donate.html,ok
what-i-learned-after-returning-to-australia-and-why-i-LEFT-again.html,img,src,/australialeave.jpg,/australialeave.jpg,australialeave.jpg,ok
what-i-learned-after-returning-to-australia-and-why-i-LEFT-again.html,a,href,whyileftaustralia.html,/whyileftaustralia.html,whyileftaustralia.html,ok
what-i-learned-after-returning-to-australia-and-why-i-LEFT-again.html,a,href,/about.html,/about.html,about.html,ok
what-i-learned-after-returning-to-australia-and-why-i-LEFT-again.html,a,href,/contact.html,/contact.html,contact.html,ok
what-i-learned-after-returning-to-australia-and-why-i-LEFT-again.html,a,href,/blog.html,/blog.html,blog.html,ok
what-i-learned-after-returning-to-australia-and-why-i-LEFT-again.html,a,href,/gear.html,/gear.html,gear.html,ok
what-i-learned-after-returning-to-australia-and-why-i-LEFT-again.html,a,href,/destinations.html,/destinations.html,destinations.html,ok
what-i-learned-after-returning-to-australia-and-why-i-LEFT-again.html,a,href,/contact.html,/contact.html,contact.html,ok
what-i-learned-after-returning-to-australia-and-why-i-LEFT-again.html,a,href,/privacy-policy.html,/privacy-policy.html,privacy-policy.html,ok
what-i-learned-after-returning-to-australia-and-why-i-LEFT-again.html,a,href,/affiliate-disclosure.html,/affiliate-disclosure.html,affiliate-disclosure.html,ok
what-i-learned-after-returning-to-australia-and-why-i-LEFT-again.html,a,href,/terms-and-conditions.html,/terms-and-conditions.html,terms-and-conditions.html,ok
whyileftaustralia.html,meta,content,https://www.carltravels.com/australialeave.jpg,/australialeave.jpg,australialeave.jpg,ok
whyileftaustralia.html,meta,content,https://www.carltravels.com/whyileftaustralia.html,/whyileftaustralia.html,whyileftaustralia.html,ok
whyileftaustralia.html,meta,content,https://www.carltravels.com/australialeave.jpg,/australialeave.jpg,australialeave.jpg,ok
whyileftaustralia.html,link,href,/assets/css/styles.css,/assets/css/styles.css,assets/css/styles.css,ok
whyileftaustralia.html,link,href,https://www.carltravels.com/whyileftaustralia.html,/whyileftaustralia.html,whyileftaustralia.html,ok
whyileftaustralia.html,link,href,/assets/css/dark-theme-overrides.css,/assets/css/dark-theme-overrides.css,assets/css/dark-theme-overrides.css,ok
whyileftaustralia.html,a,href,/index.html,/index.html,index.html,ok
whyileftaustralia.html,a,href,/index.html,/index.html,index.html,ok
whyileftaustralia.html,a,href,/portfolio.html,/portfolio.html,portfolio.html,ok
whyileftaustralia.html,a,href,/films/martial-arts-documentary.html,/films/martial-arts-documentary.html,films/martial-arts-documentary.html,ok
whyileftaustralia.html,a,href,/blog.html,/blog.html,blog.html,ok
whyileftaustralia.html,a,href,/gear.html,/gear.html,gear.html,ok
whyileftaustralia.html,a,href,/destinations.html,/destinations.html,destinations.html,ok
whyileftaustralia.html,a,href,/about.html,/about.html,about.html,ok
whyileftaustralia.html,a,href,/donate.html,/donate.html,donate.html,ok
whyileftaustralia.html,a,href,/index.html,/index.html,index.html,ok
whyileftaustralia.html,a,href,/portfolio.html,/portfolio.html,portfolio.html,ok
whyileftaustralia.html,a,href,/films/martial-arts-documentary.html,/films/martial-arts-documentary.html,films/martial-arts-documentary.html,ok
whyileftaustralia.html,a,href,/blog.html,/blog.html,blog.html,ok
whyileftaustralia.html,a,href,/gear.html,/gear.html,gear.html,ok
whyileftaustralia.html,a,href,/destinations.html,/destinations.html,destinations.html,ok
whyileftaustralia.html,a,href,/about.html,/about.html,about.html,ok
whyileftaustralia.html,a,href,/donate.html,/donate.html,donate.html,ok
whyileftaustralia.html,img,src,/australialeave.jpg,/australialeave.jpg,australialeave.jpg,ok
whyileftaustralia.html,a,href,japanonabudget.html,/japanonabudget.html,japanonabudget.html,ok
whyileftaustralia.html,a,href,index.html#contact,/index.html,index.html,ok
whyileftaustralia.html,a,href,japanonabudget.html,/japanonabudget.html,japanonabudget.html,ok
whyileftaustralia.html,a,href,/about.html,/about.html,about.html,ok
whyileftaustralia.html,a,href,/contact.html,/contact.html,contact.html,ok
whyileftaustralia.html,a,href,/blog.html,/blog.html,blog.html,ok
whyileftaustralia.html,a,href,/gear.html,/gear.html,gear.html,ok
whyileftaustralia.html,a,href,/destinations.html,/destinations.html,destinations.html,ok
whyileftaustralia.html,a,href,/contact.html,/contact.html,contact.html,ok
whyileftaustralia.html,a,href,/privacy-policy.html,/privacy-policy.html,privacy-policy.html,ok
whyileftaustralia.html,a,href,/affiliate-disclosure.html,/affiliate-disclosure.html,affiliate-disclosure.html,ok
whyileftaustralia.html,a,href,/terms-and-conditions.html,/terms-and-conditions.html,terms-and-conditions.html,ok
whyileftaustralia.html,script,src,/assets/js/site.js,/assets/js/site.js,assets/js/site.js,ok
work.html,meta,content,https://www.carltravels.com/carlcamera.jpg,/carlcamera.jpg,carlcamera.jpg,ok
work.html,meta,content,https://www.carltravels.com/work.html,/work.html,work.html,ok
work.html,meta,content,https://www.carltravels.com/carlcamera.jpg,/carlcamera.jpg,carlcamera.jpg,ok
work.html,link,href,styles.css,/styles.css,styles.css,ok
work.html,link,href,work.css,/work.css,work.css,ok
work.html,link,href,favicon.ico,/favicon.ico,favicon.ico,ok
work.html,link,href,https://www.carltravels.com/work.html,/work.html,work.html,ok
work.html,link,href,/assets/css/dark-theme-overrides.css,/assets/css/dark-theme-overrides.css,assets/css/dark-theme-overrides.css,ok
work.html,a,href,index.html,/index.html,index.html,ok
work.html,a,href,/index.html,/index.html,index.html,ok
work.html,a,href,/index.html,/index.html,index.html,ok
work.html,a,href,/portfolio.html,/portfolio.html,portfolio.html,ok
work.html,a,href,/films/martial-arts-documentary.html,/films/martial-arts-documentary.html,films/martial-arts-documentary.html,ok
work.html,a,href,/blog.html,/blog.html,blog.html,ok
work.html,a,href,/gear.html,/gear.html,gear.html,ok
work.html,a,href,/destinations.html,/destinations.html,destinations.html,ok
work.html,a,href,/about.html,/about.html,about.html,ok
work.html,a,href,/donate.html,/donate.html,donate.html,ok
work.html,a,href,/index.html,/index.html,index.html,ok
work.html,a,href,/portfolio.html,/portfolio.html,portfolio.html,ok
work.html,a,href,/films/martial-arts-documentary.html,/films/martial-arts-documentary.html,films/martial-arts-documentary.html,ok
work.html,a,href,/blog.html,/blog.html,blog.html,ok
work.html,a,href,/gear.html,/gear.html,gear.html,ok
work.html,a,href,/destinations.html,/destinations.html,destinations.html,ok
work.html,a,href,/about.html,/about.html,about.html,ok
work.html,a,href,/donate.html,/donate.html,donate.html,ok
work.html,img,src,facebook.png,/facebook.png,facebook.png,ok
work.html,img,src,instagram.png,/instagram.png,instagram.png,ok
work.html,img,src,youtube.png,/youtube.png,youtube.png,ok
work.html,img,src,carlworking.jpg,/carlworking.jpg,carlworking.jpg,ok
work.html,a,href,contact.html,/contact.html,contact.html,ok
work.html,a,href,/about.html,/about.html,about.html,ok
work.html,a,href,/contact.html,/contact.html,contact.html,ok
work.html,a,href,/blog.html,/blog.html,blog.html,ok
work.html,a,href,/gear.html,/gear.html,gear.html,ok
work.html,a,href,/destinations.html,/destinations.html,destinations.html,ok
work.html,a,href,/contact.html,/contact.html,contact.html,ok
work.html,a,href,/privacy-policy.html,/privacy-policy.html,privacy-policy.html,ok
work.html,a,href,/affiliate-disclosure.html,/affiliate-disclosure.html,affiliate-disclosure.html,ok
work.html,a,href,/terms-and-conditions.html,/terms-and-conditions.html,terms-and-conditions.html,ok
yesim-guide.html,meta,content,https://www.carltravels.com/yesim.webp,/yesim.webp,yesim.webp,ok
yesim-guide.html,meta,content,https://www.carltravels.com/yesim-guide.html,/yesim-guide.html,yesim-guide.html,ok
yesim-guide.html,link,href,/assets/css/styles.css,/assets/css/styles.css,assets/css/styles.css,ok
yesim-guide.html,link,href,https://www.carltravels.com/yesim-guide.html,/yesim-guide.html,yesim-guide.html,ok
yesim-guide.html,link,href,/assets/css/dark-theme-overrides.css,/assets/css/dark-theme-overrides.css,assets/css/dark-theme-overrides.css,ok
yesim-guide.html,a,href,/index.html,/index.html,index.html,ok
yesim-guide.html,a,href,/index.html,/index.html,index.html,ok
yesim-guide.html,a,href,/portfolio.html,/portfolio.html,portfolio.html,ok
yesim-guide.html,a,href,/films/martial-arts-documentary.html,/films/martial-arts-documentary.html,films/martial-arts-documentary.html,ok
yesim-guide.html,a,href,/blog.html,/blog.html,blog.html,ok
yesim-guide.html,a,href,/gear.html,/gear.html,gear.html,ok
yesim-guide.html,a,href,/destinations.html,/destinations.html,destinations.html,ok
yesim-guide.html,a,href,/about.html,/about.html,about.html,ok
yesim-guide.html,a,href,/donate.html,/donate.html,donate.html,ok
yesim-guide.html,a,href,/index.html,/index.html,index.html,ok
yesim-guide.html,a,href,/portfolio.html,/portfolio.html,portfolio.html,ok
yesim-guide.html,a,href,/films/martial-arts-documentary.html,/films/martial-arts-documentary.html,films/martial-arts-documentary.html,ok
yesim-guide.html,a,href,/blog.html,/blog.html,blog.html,ok
yesim-guide.html,a,href,/gear.html,/gear.html,gear.html,ok
yesim-guide.html,a,href,/destinations.html,/destinations.html,destinations.html,ok
yesim-guide.html,a,href,/about.html,/about.html,about.html,ok
yesim-guide.html,a,href,/donate.html,/donate.html,donate.html,ok
yesim-guide.html,img,src,/yesim.webp,/yesim.webp,yesim.webp,ok
yesim-guide.html,a,href,/about.html,/about.html,about.html,ok
yesim-guide.html,a,href,/contact.html,/contact.html,contact.html,ok
yesim-guide.html,a,href,/blog.html,/blog.html,blog.html,ok
yesim-guide.html,a,href,/gear.html,/gear.html,gear.html,ok
yesim-guide.html,a,href,/destinations.html,/destinations.html,destinations.html,ok
yesim-guide.html,a,href,/contact.html,/contact.html,contact.html,ok
yesim-guide.html,a,href,/privacy-policy.html,/privacy-policy.html,privacy-policy.html,ok
yesim-guide.html,a,href,/affiliate-disclosure.html,/affiliate-disclosure.html,affiliate-disclosure.html,ok
yesim-guide.html,a,href,/terms-and-conditions.html,/terms-and-conditions.html,terms-and-conditions.html,ok
yesim-guide.html,script,src,/assets/js/site.js,/assets/js/site.js,assets/js/site.js,ok
your-guide-to-moving-to-da-nang-2026.html,meta,content,https://www.carltravels.com/your-guide-to-moving-to-da-nang-2026.html,/your-guide-to-moving-to-da-nang-2026.html,your-guide-to-moving-to-da-nang-2026.html,ok
your-guide-to-moving-to-da-nang-2026.html,link,href,https://www.carltravels.com/your-guide-to-moving-to-da-nang-2026.html,/your-guide-to-moving-to-da-nang-2026.html,your-guide-to-moving-to-da-nang-2026.html,ok
your-guide-to-moving-to-da-nang-2026.html,link,href,/assets/css/dark-theme-overrides.css,/assets/css/dark-theme-overrides.css,assets/css/dark-theme-overrides.css,ok
your-guide-to-moving-to-da-nang-2026.html,a,href,/index.html,/index.html,index.html,ok
your-guide-to-moving-to-da-nang-2026.html,a,href,/destinations.html,/destinations.html,destinations.html,ok
your-guide-to-moving-to-da-nang-2026.html,a,href,/blog.html,/blog.html,blog.html,ok
your-guide-to-moving-to-da-nang-2026.html,a,href,/gear.html,/gear.html,gear.html,ok
your-guide-to-moving-to-da-nang-2026.html,a,href,/about.html,/about.html,about.html,ok
your-guide-to-moving-to-da-nang-2026.html,a,href,/contact.html,/contact.html,contact.html,ok
your-guide-to-moving-to-da-nang-2026.html,a,href,/things-to-know-before-moving-to-vietnam.html,/things-to-know-before-moving-to-vietnam.html,things-to-know-before-moving-to-vietnam.html,ok
your-guide-to-moving-to-da-nang-2026.html,a,href,/vietnam-e-visa-2026-guide.html,/vietnam-e-visa-2026-guide.html,vietnam-e-visa-2026-guide.html,ok
your-guide-to-moving-to-da-nang-2026.html,a,href,/pros-and-cons-and-cost-of-living-in-hanoi.html,/pros-and-cons-and-cost-of-living-in-hanoi.html,pros-and-cons-and-cost-of-living-in-hanoi.html,ok
your-guide-to-moving-to-da-nang-2026.html,a,href,/about.html,/about.html,about.html,ok
your-guide-to-moving-to-da-nang-2026.html,a,href,/contact.html,/contact.html,contact.html,ok
your-guide-to-moving-to-da-nang-2026.html,a,href,/privacy-policy.html,/privacy-policy.html,privacy-policy.html,ok
your-guide-to-moving-to-da-nang-2026.html,a,href,/terms-and-conditions.html,/terms-and-conditions.html,terms-and-conditions.html,ok
your-guide-to-moving-to-da-nang-2026.html,a,href,/affiliate-disclosure.html,/affiliate-disclosure.html,affiliate-disclosure.html,ok
