Page URL,File,Line,Affiliate program/company,Link text,Destination URL,HTTP status code,Final redirect destination,Tracking parameters present,Saily CARLRI5370 present,Opens new tab,rel nofollow sponsored,Working correctly,Issues
https://www.carltravels.com/Berlin.html,Berlin.html,387,Wise,Sign up here,https://wise.com/invite/irhc/carlt62,200,https://wise.com/invite/irhc/carlt62,yes,n/a,no,no,no,missing target=_blank; missing rel nofollow sponsored
https://www.carltravels.com/Berlin.html,Berlin.html,393,Dehancer,dehancer.com/subscribe,https://www.dehancer.com/pricing/monthly,200,https://www.dehancer.com/pricing/monthly,no,n/a,no,no,no,missing tracking; missing target=_blank; missing rel nofollow sponsored
https://www.carltravels.com/Berlin.html,Berlin.html,400,Amazon Associates,DJI Flip,https://amzn.to/45iZULT,200,"https://www.amazon.com.au/DJI-Controller-Takeoff-Intelligent-Batteries/dp/B0DJ1FKDGP?crid=2R4BEGV4GCOVO&dib=eyJ2IjoiMSJ9.B3ZGiV_NB4CWvaKZC46HHhqNPIONGEffr9hyQ7doXp3AXko2J8XgtkAXDGsuiEAotNNI2PbCB1AYBnn8BEqRKQmDgWoDst39DJE8gasnXCLc-jUhcRDkTU-kNRFzDwVNjg3G3I5emTMygueqNFSxWtlrc8daGW3mi4t632aghZDCMYSRFrI9w-WsipGgN-AlFd9MHv5fvM5SOZdJ3ZRc3S6dP5ZdvaJbD8dpLuwD9xBibVGNVEA8sqdNPUGc1-QA6emRyHoQcDY9W1wK8g5M_GK-2rSHwY-u6nRI0GtXeD4.0l6QuT-oAkSZ2X00AMSTCdok07QQfjyAKzBb_DdWawE&dib_tag=se&keywords=dji%2Bflip&qid=1755253304&sprefix=dji%2B,aps,500&sr=8-1&th=1&linkCode=sl1&tag=sonymoviemast-22&linkId=3f5281eb31b07e511b695e37c70531d8&language=en_AU&ref_=as_li_ss_tl",yes,n/a,no,no,no,missing target=_blank; missing rel nofollow sponsored
https://www.carltravels.com/Berlin.html,Berlin.html,401,Amazon Associates,Sony A7C II,https://amzn.to/4mHhQ8H,200,"https://www.amazon.com.au/Alpha-Full-Frame-Interchangeable-Lens-Camera/dp/B0CGTTVYGM?crid=3UFGY3ITUFRIG&dib=eyJ2IjoiMSJ9.ev7c1E-3pbpbmadeh7VdWFcGksbpaD0LcfMpyGiafmIkmo2jGBt5M2E9J5fx_zQvYoa9cwkYx9Ms4314aD_KvlRP7kN7v44y5OVvwCe0hrwu3EmNb_ynMVmokWAEqEhATekuA2inkDK21iarXslKa-cwhVZmzX5YQxtcRmGKFeR772jpYj3HTrPbeI3ZQ4U9pdrLR2LEwE7JqN1U8Zd-BBT_0SJG6AhX8DL4MXBQZGSJ8ZS-_aLCTtitWZHc2pdFMTaRj76KAi4xLj1fzwW26k4n3Tyl4DcnDLsPS0O6csE.M7nmeQ9rGw5lWrk0OStz3sFcXb6hUUBIYxuSm25RGtM&dib_tag=se&keywords=Sony%2BA7CII&qid=1755253330&sprefix=sony%2Ba7ci,aps,339&sr=8-2&th=1&linkCode=sl1&tag=carltomich-22&linkId=e268d46ab451781fa56ff54460f43b36&language=en_AU&ref_=as_li_ss_tl",yes,n/a,no,no,no,missing target=_blank; missing rel nofollow sponsored
https://www.carltravels.com/Berlin.html,Berlin.html,402,Amazon Associates,DJI Pocket 3,https://amzn.to/4miS3UJ,200,"https://www.amazon.com.au/DJI-Vlogging-Stabilization-Tracking-Photography/dp/B0CG19FGQ5?crid=1G6X1VC3KQ5EX&dib=eyJ2IjoiMSJ9.OLzTlYtdM2w0TP6xjlSDCa_ccSbGz-LuIU4RgcQOCNGa_FFl2x1iOz2JX6S15ZXETql3rFDOM9ga-vhK36LgBaVMgdsL9DjJ1rGI703o8l2CU7qjqJgJrjk4bbf-Ae7lDW2VKJCOIhx3uSDXuParcMtR2mX2C58Se55j-iXTxZtUyCT_KpmGnxAiC29MDSrLM27fcIM9hNcLt9qfKC4X0H4XYBQK9QDfGIOYCCdiD5lduJ45hKRSb_vcDqRsfUclWisMqQvRUilvFcJNunY7PQEwXIkjphgmLW2BdwCZLnw.kXFrNmjSvoqF8aSCDLEiVO6jy41xldw8QKHmK03PQpg&dib_tag=se&keywords=DJI%2Bpocket%2B3&qid=1755253366&sprefix=dji%2Bpocket%2B34,aps,341&sr=8-5&th=1&linkCode=sl1&tag=carltomich-22&linkId=f574fc6c948e413d7828caf3917f88c7&language=en_AU&ref_=as_li_ss_tl",yes,n/a,no,no,no,missing target=_blank; missing rel nofollow sponsored
https://www.carltravels.com/Berlin.html,Berlin.html,403,Amazon Associates,Tamron 28–200,https://amzn.to/4lvd1hI,200,"https://www.amazon.com.au/Tamron-28-200-2-8-5-6-Mirrorless-Mount/dp/B08B34HWKV?crid=1QEN08AGHDA5P&dib=eyJ2IjoiMSJ9.F-1xObnXZ1qvBYq3zqlPY-NONJhLnpZLBqOzJ3HO5tTaMoqBS6y-yCzp9X2gf74AvY9AfeP0NaxoH7DZ9-baBGYipuEDZdeZDPhnjFQLAPKtme5_4_FG3s6XXvOiBciFRCc2uuwqEeNlASTcgcCCZMSMFQeah9VIUe8nfvKw3waCva02_S3xX9d-JyGDBuG_e3MirkHsz23lqve2L2QVLMa5j0OVts-mmsfQ8VCk2Mk21ZgO9UeZSpWiqPf46ib3p97ybHMdj-mSwAvwDGZsUplC0W8j79hDLbEyt4rRRsc.RD-ZusuknzzNJEQwUdBnNUgT4NbgXfMrZD-cLbs7Izg&dib_tag=se&keywords=tamron%2B24-150mm%2Bsony&qid=1755253413&sprefix=tamron%2B24-150mm%2Bson,aps,332&sr=8-8&th=1&linkCode=sl1&tag=carltomich-22&linkId=369f0dc13ba29944c2261e58637d5916&language=en_AU&ref_=as_li_ss_tl",yes,n/a,no,no,no,missing target=_blank; missing rel nofollow sponsored
https://www.carltravels.com/Berlin.html,Berlin.html,404,Amazon Associates,RØDE Wireless PRO,https://amzn.to/4oHMXTy,200,"https://www.amazon.com.au/R%C3%98DE-Microphone-Recording-Microphones-Filmmaking/dp/B0CB2HGR9Q?crid=EGFFU6UZWCLT&dib=eyJ2IjoiMSJ9.DGm925iQklRK-0FmBcE9db-XNNBHUbEQUmSpGwxYevTWsXHx1AB2Ujp56lEEJfYAXcz8f7ItdheKMJJEt3fbcFJwLM0qbJZFbyXmeGeum-sa0VEabMsoDLY8CTncKG_wcQknrVxzofZHSnY2hjgptBqrzbKBtON6CpGKjvZLWJbF12me_IIzxbcIdQ8xyAiv4MZEEmpSth_cBUSNn31q0t3k7bBm6YhlZLAdCOz86vQKfMf3dxTZHnqFsWMWlUF7v0fy7dJRty-80-hdaPlVDfUAYTPOMRmPYrwuoDhkGHE.Jyv_XTXDBOYqJ4Rg5nZ0RKMDurBNR5Nag68iZPXdLmc&dib_tag=se&keywords=rode%2Bwireless%2Bpro&qid=1755253496&sprefix=Rode%2Bwirle,aps,388&sr=8-3&th=1&linkCode=sl1&tag=carltomich-22&linkId=c45e7c55dd1516f0f8708eea1e3df28d&language=en_AU&ref_=as_li_ss_tl",yes,n/a,no,no,no,missing target=_blank; missing rel nofollow sponsored
https://www.carltravels.com/Berlin.html,Berlin.html,405,Amazon Associates,Think Tank Backpack,https://amzn.to/467fEAU,200,"https://www.amazon.com/Think-Tank-Airport-Commuter-Backpack/dp/B0083GQI5Y?crid=2DUIR27E54VFF&dib=eyJ2IjoiMSJ9.9XG5TZXY0VQe_JM4tf_rYqZTZVCpD3yhgWrqqRz7QRe2p5T785DRre0iq_knj0lCgwWu61gX6gQhU1gnkpa0Oy5NL2IJTmQqwU2OgKZOy7CJNXpEWJDXjz5XMOXhk-qfM1nF08sucPDsn0dmURafC38s2OcI8cViV1Q67OF01Sr2OmjeufUSQg0GHKX3twaAL-kI-4oLThlIo3FD4R9r9a-4ZQqUBJQ7iiDS97TIM2g.yGwuqwlPiTaZdkN4hPtMx2ru_ylVkLWkPPgvjFU3Vo4&dib_tag=se&keywords=thinktank+travel+backpack&qid=1757035483&sprefix=thinktank+travel+backpac,aps,316&sr=8-3&linkCode=sl1&tag=carltomichtec-20&linkId=5a1043bdd87861e72327b4d1be2226de&language=en_US&ref_=as_li_ss_tl",yes,n/a,no,no,no,missing target=_blank; missing rel nofollow sponsored
https://www.carltravels.com/Berlin.html,Berlin.html,411,Amazon Associates,DJI Flip,https://amzn.to/41zmAVV,200,"https://www.amazon.com.au/DJI-Controller-Takeoff-Intelligent-Batteries/dp/B0DJ1FKDGP?crid=27CLM6RRHHRB4&dib=eyJ2IjoiMSJ9.xHJwj2C5oeF6OHTI195Mdn3sPKEY3lQQtbR1Ffinq4nZrf0vJkhLIitjW3VBJOJxwyVeE4yQAuXGFbWTEwFrlWWsax_d6SMbu6MShKn__FMm0mh-GoBsHRxdET8U2ZnqpxXklLfQqiThEX0uRx_FzYCEWuAVyvXSelhqtv3be5YD_EsWRzMIULJGPJlSUrdUmmEa5c91FR8syo0ZeIfK0g6nYhVRBSfryUO8DyP7t9w0yINa3lmqQbKaTVkAljF0zY95g7ligNcgPIUNDRqXXx8IdElfmIcz-LTDbcXZCVY.BHpsQw5p_iwN_R_6cb79XAe-ZNr3mHBd-DXY4w99rs8&dib_tag=se&keywords=dji%2Bflip&qid=1757034937&sprefix=dji%2Bflip,aps,261&sr=8-1&th=1&linkCode=sl1&tag=carltomich-22&linkId=086f0f4dda5311ea4c0fa2a020c7fc62&language=en_AU&ref_=as_li_ss_tl",yes,n/a,no,no,no,missing target=_blank; missing rel nofollow sponsored
https://www.carltravels.com/Berlin.html,Berlin.html,412,Amazon Associates,Sony A7C II,https://amzn.to/45Qk2Fw,200,"https://www.amazon.com.au/Sony-Alpha-System-Camera-28-60mm/dp/B0CGFBMNDH?crid=Y4V8WSCJABT6&dib=eyJ2IjoiMSJ9.ev7c1E-3pbpbmadeh7VdWGGGwBPVPgenkV33RBsEipu2uXVpDOT-4N719LE8z5ZZkuiatxECfZOdzpPy6zsWyTaCC9-YjTsjmmcZSgzVbtIhv6nwiqrhip-8XLyFVM8TJI0S9CtfzEuF20mZcy_wovPC1FlRfSxCGu-1DiuOJ6Z2es25G9g5miw4rVwdl2YcxPhn0n3sJchrolpd3esOjIp0QaLGvz7n3uFMc-O48l4pYSj__YDttER8crkPx69f7mSxS8ujQijijWSjmj4h9XUlNdHSaq2KQBm7l6vTkyg.johmDKkudmYJ6Vp3A83ZS0WmLiuItffyIHcQrNpcTpM&dib_tag=se&keywords=sony%2Ba7cii&qid=1757035042&sprefix=sony%2Ba7cii,aps,242&sr=8-7&th=1&linkCode=sl1&tag=carltomich-22&linkId=e6839e00766785a47c09e7449989c441&language=en_AU&ref_=as_li_ss_tl",yes,n/a,no,no,no,missing target=_blank; missing rel nofollow sponsored
https://www.carltravels.com/Berlin.html,Berlin.html,413,Amazon Associates,DJI Osmo Pocket 3,https://amzn.to/4gaYLJZ,200,"https://www.amazon.com.au/DJI-Stabilization-Rotatable-Touchscreen-Photography/dp/B0CG19QXWD?crid=3SHCFANSRK2GV&dib=eyJ2IjoiMSJ9.hn-IKcsoi27x5Xtepf1O0xSEJ-Xc0yIsZ5hiLNsRo0_pnL0HwMARDMaGpGot5vRUIoisskZuJLNO1vrHcsMAQPRIRCdFRvFwlfyVPydN5FfkKgbYw0s29BMkgJiljvn0_ugxYU6JZ9cLZJ8Oj30vFVBWWAWBuepYqTkzRyVqmr2ii2X5OCrM6ae484zpYvqQCRiXcJMt0dgPItUfZ0RL6z-y7KTTesad4agjzTRTAcf1lSsm2yEzEH72afh7B2OEGD2c87RWuC02g7fgtlSVS8E50gbD3A0TmSTnzJ8VLKQ.Bx4cRITeVOMwGs0D0DKW1fgGx14CLCMyLTVRjMuItUs&dib_tag=se&keywords=dji%2Bosmo%2Bpocket%2B3&qid=1757035105&sprefix=DJI,aps,491&sr=8-5&th=1&linkCode=sl1&tag=carltomich-22&linkId=6c45d0909c1797b83d49c364f2b311b2&language=en_AU&ref_=as_li_ss_tl",yes,n/a,no,no,no,missing target=_blank; missing rel nofollow sponsored
https://www.carltravels.com/Berlin.html,Berlin.html,414,Amazon Associates,Tamron 24–200,https://amzn.to/4n73D5P,200,"https://www.amazon.com.au/Tamron-28-200-2-8-5-6-Mirrorless-Mount/dp/B08B34HWKV?crid=2KXUS0I4U82EM&dib=eyJ2IjoiMSJ9.CirVtLEYR7BE9okHzn54invQLY0R2IpCxFbXtvO1NnS3N7bkvewO8f1Yq8HoRp8by7g8fCAGFxwZReQZiHGIleWQhBiyxX6NqLuWc2JcY0SatfWtItHN56up3Chh0D8MWnZx1sZMHuhw7JMF1wW-t-_JV04YdmuFHxRHCAkZE68WtA-D3L-Dzu4PGUjAvPjTp5SldK7-BzyvSBMXmLxJIRehuwg0-GotkfHE9WlIC_4H_U3a4PyQdb9pUPOs3wgOSlpAZtRp5xUnt9EVdnDOoa8N5AFkcblsba8g9gFHmgg.ywMyfDborErcaHwGfqjwuU9BKivzUuvVcowT6gYYSgc&dib_tag=se&keywords=Tamron%2B28%E2%80%93200mm%2B(Full-Frame)&qid=1757035157&sprefix=tamron%2B28%2B200mm%2Bfull-frame%2B,aps,322&sr=8-1&th=1&linkCode=sl1&tag=carltomich-22&linkId=48c5cc0e9d510609bb5d001f6a9afffc&language=en_AU&ref_=as_li_ss_tl",yes,n/a,no,no,no,missing target=_blank; missing rel nofollow sponsored
https://www.carltravels.com/Berlin.html,Berlin.html,415,Amazon Associates,RØDE Wireless PRO,https://amzn.to/46kv8CG,200,"https://www.amazon.com.au/R%C3%98DE-Microphone-Recording-Microphones-Filmmaking/dp/B0CB2HGR9Q?crid=2CDBT69BZHLYA&dib=eyJ2IjoiMSJ9.Fwy-kxiSUMPxfuFncUDsU_A5ghupefIniz-REQnE6cTWsXHx1AB2Ujp56lEEJfYAXcz8f7ItdheKMJJEt3fbcDMaXA9z2vvl2SUhzXgbV4Ukq3M5KEeOMdSPoj2cooPZeZPhHMSlekWnOVWq4c0QaOzHxx6P7Hyvkb1eAIDVxOLyj1OA_3uyhvfsRMAssRUi_DZnq7KAobBNLtcDs2i8qN-URdgmgdbkNRbQvdaF9rucUW2oiHlnh0JMDv_DLbLkroYoa-fywaWO7QG159ijgMSHpfo0uXgaCvS9UJEj_s0.c_FuiqtAbfwdPKd4F4lJZzRIPwBnxfR6xx2cadHO14I&dib_tag=se&keywords=rode%2Bwireless%2Bpro&qid=1757035251&sprefix=rode%2Bw,aps,347&sr=8-5&th=1&linkCode=sl1&tag=carltomich-22&linkId=5c5361991d8e56b532939c61e269e8be&language=en_AU&ref_=as_li_ss_tl",yes,n/a,no,no,no,missing target=_blank; missing rel nofollow sponsored
https://www.carltravels.com/Berlin.html,Berlin.html,416,Amazon Associates,Think Tank Backpack,https://amzn.to/3I5mApV,200,"https://www.amazon.com.au/Think-Photo-Airport-Commuter-Backpack/dp/B0083GQI5Y?crid=C0BCCANHIF1P&dib=eyJ2IjoiMSJ9.FP6oWa3JfVz8mPQHHtuj2j56z3fDBCwLggHr6aC_VQkOVxUS8E-jSv8mMw2xvwAwKKp3yS3EAZDahiqzg1lUnJ4OI4bd4xC6w4ixKLoGdQQzlllNF5w7ZnNwMLs2cJUeG6JrDAmhFlIOVrQUbQfDbizfr5yKJOBszOQia6SfusuS4weSmOcfJvJKrX1mPtUZWqSiIfvSDzHdKlE3g8kCUmOJ15MWf_Y1bSIbO8NTex-o5CV-I2CF9MLgeMPW8TqjqtcJhcqbNXq4StxmCGriYFO89wZjALKw2reJs6HtCIw.qhwKjNiiihdX328DrvLyHXcJLf0AWPHeRP_c-KJrh90&dib_tag=se&keywords=thinktank%2Btravel%2Bcommuter&qid=1757035351&sprefix=thinktank%2Btravel%2Bcommuter,aps,269&sr=8-4&th=1&psc=1&linkCode=sl1&tag=carltomich-22&linkId=500149597f5ad39a813be7771a3c54f0&language=en_AU&ref_=as_li_ss_tl",yes,n/a,no,no,no,missing target=_blank; missing rel nofollow sponsored
https://www.carltravels.com/Berlin.html,Berlin.html,440,Saily eSIM,👉 Activate your eSIM now,https://go.saily.site/aff_c?offer_id=101&aff_id=12234,403,https://saily.com/special/?utm_source=12234&utm_medium=affiliate&utm_campaign=101&aff_transaction_id=102671cde85b9dc60aa1208c946ed9&aff_sub=&aff_offer_id=101&aff_id=12234&url={url}&utm_content=&params[ho_asub1]=,yes,no,yes,no,no,not working or blocked; missing CARLRI5370; old Saily affiliate URL format; missing rel nofollow sponsored
https://www.carltravels.com/DJI-Flip-review.html,DJI-Flip-review.html,314,Amazon Associates,DJI Flip – USA,https://amzn.to/3ZR1DoA,200,"https://www.amazon.com/DJI-QuickShots-Stabilized-Propeller-Controller-Free/dp/B07FTPX71F?crid=1UTX5LPQQGQKN&dib=eyJ2IjoiMSJ9.6PgXca54HHf6Zqecs2KUIRhsdEFTlrppM1wZHiMe5eDr9pEEnPTT2Ln6lCbzgpToZuaSoiBodI6sO1sgWS-fillpvu8z2m4YgKZP-s0nXHltiKqdEtjhNy9xtvjEMQjuvKZGYXDF5SS_ga3RbRFK0_txjReXU5eFfTomohsBZmN1lrz4m3FhttOCV2_wOqNaUgh-YQWCAfBltYxU2LKnv5zZ5ZldZ1iFeF-U5kDvA787lXOjTPWPSqEREaIpUaCTZ15gQr9Ej87-I71rO4qjYRW8647Tp9f-Ffu54xOiJYM.pAh-I21TWW58-3230KyX3BCcqhI65FaiyW95uUFbUhw&dib_tag=se&keywords=dji%2Bflip&qid=1750997854&sprefix=dji%2B,aps,603&sr=8-1&th=1&linkCode=sl1&tag=carltomichtec-20&linkId=3b1c37a9c5fd84e23f56bc0ca790a0c9&language=en_US&ref_=as_li_ss_tl",yes,n/a,no,no,no,missing target=_blank; missing rel nofollow sponsored
https://www.carltravels.com/DJI-Flip-review.html,DJI-Flip-review.html,315,Amazon Associates,DJI Flip – Australia,https://amzn.to/41Urhtp,200,"https://www.amazon.com.au/DJI-Controller-Takeoff-Intelligent-Batteries/dp/B0DJ1FKDGP?crid=3AJRZ45DCTNHK&dib=eyJ2IjoiMSJ9.EldKWZImzllN2RIfgzbnG41e-3NH9p-6mn1ZIhyOBEItmgvXk8-qm_ZoLwtNyuOZhdazbNPInFA8-u_tf81VsflUePkHrlsm-O9BsWVjCTksOhSVmfqmfFvZZqUvOTNypxXklLfQqiThEX0uRx_FzcrO_xGhHCfhbawmwuvNZlDSU6fblMFWqQiSkE98HuBO5j7CIJEPMUNb65RqFoqlaf1HqnvNa_iPtaErjxRTyASn_9apx5Tf5CxJ5aaVXxPMVorgTWeYUceY6Rf0BYRoLyvhv_hGu8jcey7PoBvo2VY.2TC6F8lWPjI6JsQLd30nsyDAvgt6ol9izHmvD4gc1L8&dib_tag=se&keywords=Dji%2BFlip&qid=1755765809&s=electronics&sprefix=dji%2Bflip,electronics,759&sr=1-2&th=1&linkCode=sl1&tag=carltomich-22&linkId=6d071048ba77cbd613779f02a4c9bbf3&language=en_AU&ref_=as_li_ss_tl",yes,n/a,no,no,no,missing target=_blank; missing rel nofollow sponsored
https://www.carltravels.com/DJI-Flip-review.html,DJI-Flip-review.html,377,Saily eSIM,👉 Activate your eSIM now,https://go.saily.site/aff_c?offer_id=101&aff_id=12234,403,https://saily.com/special/?utm_source=12234&utm_medium=affiliate&utm_campaign=101&aff_transaction_id=102671cde85b9dc60aa1208c946ed9&aff_sub=&aff_offer_id=101&aff_id=12234&url={url}&utm_content=&params[ho_asub1]=,yes,no,yes,no,no,not working or blocked; missing CARLRI5370; old Saily affiliate URL format; missing rel nofollow sponsored
https://www.carltravels.com/Hagiangloop.html,Hagiangloop.html,398,Wise,https://wise.com/invite/irhc/carlt62,https://wise.com/invite/irhc/carlt62,200,https://wise.com/invite/irhc/carlt62,yes,n/a,yes,no,no,missing rel nofollow sponsored
https://www.carltravels.com/Hagiangloop.html,Hagiangloop.html,402,Dehancer,dehancer.com/subscribe,https://www.dehancer.com/pricing/monthly,200,https://www.dehancer.com/pricing/monthly,no,n/a,yes,no,no,missing tracking; missing rel nofollow sponsored
https://www.carltravels.com/Hagiangloop.html,Hagiangloop.html,409,Amazon Associates,DJI Flip,https://amzn.to/45iZULT,200,"https://www.amazon.com.au/DJI-Controller-Takeoff-Intelligent-Batteries/dp/B0DJ1FKDGP?crid=2R4BEGV4GCOVO&dib=eyJ2IjoiMSJ9.B3ZGiV_NB4CWvaKZC46HHhqNPIONGEffr9hyQ7doXp3AXko2J8XgtkAXDGsuiEAotNNI2PbCB1AYBnn8BEqRKQmDgWoDst39DJE8gasnXCLc-jUhcRDkTU-kNRFzDwVNjg3G3I5emTMygueqNFSxWtlrc8daGW3mi4t632aghZDCMYSRFrI9w-WsipGgN-AlFd9MHv5fvM5SOZdJ3ZRc3S6dP5ZdvaJbD8dpLuwD9xBibVGNVEA8sqdNPUGc1-QA6emRyHoQcDY9W1wK8g5M_GK-2rSHwY-u6nRI0GtXeD4.0l6QuT-oAkSZ2X00AMSTCdok07QQfjyAKzBb_DdWawE&dib_tag=se&keywords=dji%2Bflip&qid=1755253304&sprefix=dji%2B,aps,500&sr=8-1&th=1&linkCode=sl1&tag=sonymoviemast-22&linkId=3f5281eb31b07e511b695e37c70531d8&language=en_AU&ref_=as_li_ss_tl",yes,n/a,yes,no,no,missing rel nofollow sponsored
https://www.carltravels.com/Hagiangloop.html,Hagiangloop.html,409,Amazon Associates,AU,https://amzn.to/41zmAVV,200,"https://www.amazon.com.au/DJI-Controller-Takeoff-Intelligent-Batteries/dp/B0DJ1FKDGP?crid=27CLM6RRHHRB4&dib=eyJ2IjoiMSJ9.xHJwj2C5oeF6OHTI195Mdn3sPKEY3lQQtbR1Ffinq4nZrf0vJkhLIitjW3VBJOJxwyVeE4yQAuXGFbWTEwFrlWWsax_d6SMbu6MShKn__FMm0mh-GoBsHRxdET8U2ZnqpxXklLfQqiThEX0uRx_FzYCEWuAVyvXSelhqtv3be5YD_EsWRzMIULJGPJlSUrdUmmEa5c91FR8syo0ZeIfK0g6nYhVRBSfryUO8DyP7t9w0yINa3lmqQbKaTVkAljF0zY95g7ligNcgPIUNDRqXXx8IdElfmIcz-LTDbcXZCVY.BHpsQw5p_iwN_R_6cb79XAe-ZNr3mHBd-DXY4w99rs8&dib_tag=se&keywords=dji%2Bflip&qid=1757034937&sprefix=dji%2Bflip,aps,261&sr=8-1&th=1&linkCode=sl1&tag=carltomich-22&linkId=086f0f4dda5311ea4c0fa2a020c7fc62&language=en_AU&ref_=as_li_ss_tl",yes,n/a,yes,no,no,missing rel nofollow sponsored
https://www.carltravels.com/Hagiangloop.html,Hagiangloop.html,410,Amazon Associates,Sony A7C II,https://amzn.to/4mHhQ8H,200,"https://www.amazon.com.au/Alpha-Full-Frame-Interchangeable-Lens-Camera/dp/B0CGTTVYGM?crid=3UFGY3ITUFRIG&dib=eyJ2IjoiMSJ9.ev7c1E-3pbpbmadeh7VdWFcGksbpaD0LcfMpyGiafmIkmo2jGBt5M2E9J5fx_zQvYoa9cwkYx9Ms4314aD_KvlRP7kN7v44y5OVvwCe0hrwu3EmNb_ynMVmokWAEqEhATekuA2inkDK21iarXslKa-cwhVZmzX5YQxtcRmGKFeR772jpYj3HTrPbeI3ZQ4U9pdrLR2LEwE7JqN1U8Zd-BBT_0SJG6AhX8DL4MXBQZGSJ8ZS-_aLCTtitWZHc2pdFMTaRj76KAi4xLj1fzwW26k4n3Tyl4DcnDLsPS0O6csE.M7nmeQ9rGw5lWrk0OStz3sFcXb6hUUBIYxuSm25RGtM&dib_tag=se&keywords=Sony%2BA7CII&qid=1755253330&sprefix=sony%2Ba7ci,aps,339&sr=8-2&th=1&linkCode=sl1&tag=carltomich-22&linkId=e268d46ab451781fa56ff54460f43b36&language=en_AU&ref_=as_li_ss_tl",yes,n/a,yes,no,no,missing rel nofollow sponsored
https://www.carltravels.com/Hagiangloop.html,Hagiangloop.html,410,Amazon Associates,AU,https://amzn.to/45Qk2Fw,200,"https://www.amazon.com.au/Sony-Alpha-System-Camera-28-60mm/dp/B0CGFBMNDH?crid=Y4V8WSCJABT6&dib=eyJ2IjoiMSJ9.ev7c1E-3pbpbmadeh7VdWGGGwBPVPgenkV33RBsEipu2uXVpDOT-4N719LE8z5ZZkuiatxECfZOdzpPy6zsWyTaCC9-YjTsjmmcZSgzVbtIhv6nwiqrhip-8XLyFVM8TJI0S9CtfzEuF20mZcy_wovPC1FlRfSxCGu-1DiuOJ6Z2es25G9g5miw4rVwdl2YcxPhn0n3sJchrolpd3esOjIp0QaLGvz7n3uFMc-O48l4pYSj__YDttER8crkPx69f7mSxS8ujQijijWSjmj4h9XUlNdHSaq2KQBm7l6vTkyg.johmDKkudmYJ6Vp3A83ZS0WmLiuItffyIHcQrNpcTpM&dib_tag=se&keywords=sony%2Ba7cii&qid=1757035042&sprefix=sony%2Ba7cii,aps,242&sr=8-7&th=1&linkCode=sl1&tag=carltomich-22&linkId=e6839e00766785a47c09e7449989c441&language=en_AU&ref_=as_li_ss_tl",yes,n/a,yes,no,no,missing rel nofollow sponsored
https://www.carltravels.com/Hagiangloop.html,Hagiangloop.html,411,Amazon Associates,DJI Pocket 3,https://amzn.to/4miS3UJ,200,"https://www.amazon.com.au/DJI-Vlogging-Stabilization-Tracking-Photography/dp/B0CG19FGQ5?crid=1G6X1VC3KQ5EX&dib=eyJ2IjoiMSJ9.OLzTlYtdM2w0TP6xjlSDCa_ccSbGz-LuIU4RgcQOCNGa_FFl2x1iOz2JX6S15ZXETql3rFDOM9ga-vhK36LgBaVMgdsL9DjJ1rGI703o8l2CU7qjqJgJrjk4bbf-Ae7lDW2VKJCOIhx3uSDXuParcMtR2mX2C58Se55j-iXTxZtUyCT_KpmGnxAiC29MDSrLM27fcIM9hNcLt9qfKC4X0H4XYBQK9QDfGIOYCCdiD5lduJ45hKRSb_vcDqRsfUclWisMqQvRUilvFcJNunY7PQEwXIkjphgmLW2BdwCZLnw.kXFrNmjSvoqF8aSCDLEiVO6jy41xldw8QKHmK03PQpg&dib_tag=se&keywords=DJI%2Bpocket%2B3&qid=1755253366&sprefix=dji%2Bpocket%2B34,aps,341&sr=8-5&th=1&linkCode=sl1&tag=carltomich-22&linkId=f574fc6c948e413d7828caf3917f88c7&language=en_AU&ref_=as_li_ss_tl",yes,n/a,yes,no,no,missing rel nofollow sponsored
https://www.carltravels.com/Hagiangloop.html,Hagiangloop.html,411,Amazon Associates,AU,https://amzn.to/4gaYLJZ,200,"https://www.amazon.com.au/DJI-Stabilization-Rotatable-Touchscreen-Photography/dp/B0CG19QXWD?crid=3SHCFANSRK2GV&dib=eyJ2IjoiMSJ9.hn-IKcsoi27x5Xtepf1O0xSEJ-Xc0yIsZ5hiLNsRo0_pnL0HwMARDMaGpGot5vRUIoisskZuJLNO1vrHcsMAQPRIRCdFRvFwlfyVPydN5FfkKgbYw0s29BMkgJiljvn0_ugxYU6JZ9cLZJ8Oj30vFVBWWAWBuepYqTkzRyVqmr2ii2X5OCrM6ae484zpYvqQCRiXcJMt0dgPItUfZ0RL6z-y7KTTesad4agjzTRTAcf1lSsm2yEzEH72afh7B2OEGD2c87RWuC02g7fgtlSVS8E50gbD3A0TmSTnzJ8VLKQ.Bx4cRITeVOMwGs0D0DKW1fgGx14CLCMyLTVRjMuItUs&dib_tag=se&keywords=dji%2Bosmo%2Bpocket%2B3&qid=1757035105&sprefix=DJI,aps,491&sr=8-5&th=1&linkCode=sl1&tag=carltomich-22&linkId=6c45d0909c1797b83d49c364f2b311b2&language=en_AU&ref_=as_li_ss_tl",yes,n/a,yes,no,no,missing rel nofollow sponsored
https://www.carltravels.com/Hagiangloop.html,Hagiangloop.html,412,Amazon Associates,Tamron 28–200,https://amzn.to/4lvd1hI,200,"https://www.amazon.com.au/Tamron-28-200-2-8-5-6-Mirrorless-Mount/dp/B08B34HWKV?crid=1QEN08AGHDA5P&dib=eyJ2IjoiMSJ9.F-1xObnXZ1qvBYq3zqlPY-NONJhLnpZLBqOzJ3HO5tTaMoqBS6y-yCzp9X2gf74AvY9AfeP0NaxoH7DZ9-baBGYipuEDZdeZDPhnjFQLAPKtme5_4_FG3s6XXvOiBciFRCc2uuwqEeNlASTcgcCCZMSMFQeah9VIUe8nfvKw3waCva02_S3xX9d-JyGDBuG_e3MirkHsz23lqve2L2QVLMa5j0OVts-mmsfQ8VCk2Mk21ZgO9UeZSpWiqPf46ib3p97ybHMdj-mSwAvwDGZsUplC0W8j79hDLbEyt4rRRsc.RD-ZusuknzzNJEQwUdBnNUgT4NbgXfMrZD-cLbs7Izg&dib_tag=se&keywords=tamron%2B24-150mm%2Bsony&qid=1755253413&sprefix=tamron%2B24-150mm%2Bson,aps,332&sr=8-8&th=1&linkCode=sl1&tag=carltomich-22&linkId=369f0dc13ba29944c2261e58637d5916&language=en_AU&ref_=as_li_ss_tl",yes,n/a,yes,no,no,missing rel nofollow sponsored
https://www.carltravels.com/Hagiangloop.html,Hagiangloop.html,412,Amazon Associates,AU,https://amzn.to/4n73D5P,200,"https://www.amazon.com.au/Tamron-28-200-2-8-5-6-Mirrorless-Mount/dp/B08B34HWKV?crid=2KXUS0I4U82EM&dib=eyJ2IjoiMSJ9.CirVtLEYR7BE9okHzn54invQLY0R2IpCxFbXtvO1NnS3N7bkvewO8f1Yq8HoRp8by7g8fCAGFxwZReQZiHGIleWQhBiyxX6NqLuWc2JcY0SatfWtItHN56up3Chh0D8MWnZx1sZMHuhw7JMF1wW-t-_JV04YdmuFHxRHCAkZE68WtA-D3L-Dzu4PGUjAvPjTp5SldK7-BzyvSBMXmLxJIRehuwg0-GotkfHE9WlIC_4H_U3a4PyQdb9pUPOs3wgOSlpAZtRp5xUnt9EVdnDOoa8N5AFkcblsba8g9gFHmgg.ywMyfDborErcaHwGfqjwuU9BKivzUuvVcowT6gYYSgc&dib_tag=se&keywords=Tamron%2B28%E2%80%93200mm%2B(Full-Frame)&qid=1757035157&sprefix=tamron%2B28%2B200mm%2Bfull-frame%2B,aps,322&sr=8-1&th=1&linkCode=sl1&tag=carltomich-22&linkId=48c5cc0e9d510609bb5d001f6a9afffc&language=en_AU&ref_=as_li_ss_tl",yes,n/a,yes,no,no,missing rel nofollow sponsored
https://www.carltravels.com/Hagiangloop.html,Hagiangloop.html,413,Amazon Associates,RØDE Wireless PRO,https://amzn.to/4oHMXTy,200,"https://www.amazon.com.au/R%C3%98DE-Microphone-Recording-Microphones-Filmmaking/dp/B0CB2HGR9Q?crid=EGFFU6UZWCLT&dib=eyJ2IjoiMSJ9.DGm925iQklRK-0FmBcE9db-XNNBHUbEQUmSpGwxYevTWsXHx1AB2Ujp56lEEJfYAXcz8f7ItdheKMJJEt3fbcFJwLM0qbJZFbyXmeGeum-sa0VEabMsoDLY8CTncKG_wcQknrVxzofZHSnY2hjgptBqrzbKBtON6CpGKjvZLWJbF12me_IIzxbcIdQ8xyAiv4MZEEmpSth_cBUSNn31q0t3k7bBm6YhlZLAdCOz86vQKfMf3dxTZHnqFsWMWlUF7v0fy7dJRty-80-hdaPlVDfUAYTPOMRmPYrwuoDhkGHE.Jyv_XTXDBOYqJ4Rg5nZ0RKMDurBNR5Nag68iZPXdLmc&dib_tag=se&keywords=rode%2Bwireless%2Bpro&qid=1755253496&sprefix=Rode%2Bwirle,aps,388&sr=8-3&th=1&linkCode=sl1&tag=carltomich-22&linkId=c45e7c55dd1516f0f8708eea1e3df28d&language=en_AU&ref_=as_li_ss_tl",yes,n/a,yes,no,no,missing rel nofollow sponsored
https://www.carltravels.com/Hagiangloop.html,Hagiangloop.html,413,Amazon Associates,AU,https://amzn.to/46kv8CG,200,"https://www.amazon.com.au/R%C3%98DE-Microphone-Recording-Microphones-Filmmaking/dp/B0CB2HGR9Q?crid=2CDBT69BZHLYA&dib=eyJ2IjoiMSJ9.Fwy-kxiSUMPxfuFncUDsU_A5ghupefIniz-REQnE6cTWsXHx1AB2Ujp56lEEJfYAXcz8f7ItdheKMJJEt3fbcDMaXA9z2vvl2SUhzXgbV4Ukq3M5KEeOMdSPoj2cooPZeZPhHMSlekWnOVWq4c0QaOzHxx6P7Hyvkb1eAIDVxOLyj1OA_3uyhvfsRMAssRUi_DZnq7KAobBNLtcDs2i8qN-URdgmgdbkNRbQvdaF9rucUW2oiHlnh0JMDv_DLbLkroYoa-fywaWO7QG159ijgMSHpfo0uXgaCvS9UJEj_s0.c_FuiqtAbfwdPKd4F4lJZzRIPwBnxfR6xx2cadHO14I&dib_tag=se&keywords=rode%2Bwireless%2Bpro&qid=1757035251&sprefix=rode%2Bw,aps,347&sr=8-5&th=1&linkCode=sl1&tag=carltomich-22&linkId=5c5361991d8e56b532939c61e269e8be&language=en_AU&ref_=as_li_ss_tl",yes,n/a,yes,no,no,missing rel nofollow sponsored
https://www.carltravels.com/Hagiangloop.html,Hagiangloop.html,414,Amazon Associates,Think Tank Backpack,https://amzn.to/467fEAU,200,"https://www.amazon.com/Think-Tank-Airport-Commuter-Backpack/dp/B0083GQI5Y?crid=2DUIR27E54VFF&dib=eyJ2IjoiMSJ9.9XG5TZXY0VQe_JM4tf_rYqZTZVCpD3yhgWrqqRz7QRe2p5T785DRre0iq_knj0lCgwWu61gX6gQhU1gnkpa0Oy5NL2IJTmQqwU2OgKZOy7CJNXpEWJDXjz5XMOXhk-qfM1nF08sucPDsn0dmURafC38s2OcI8cViV1Q67OF01Sr2OmjeufUSQg0GHKX3twaAL-kI-4oLThlIo3FD4R9r9a-4ZQqUBJQ7iiDS97TIM2g.yGwuqwlPiTaZdkN4hPtMx2ru_ylVkLWkPPgvjFU3Vo4&dib_tag=se&keywords=thinktank+travel+backpack&qid=1757035483&sprefix=thinktank+travel+backpac,aps,316&sr=8-3&linkCode=sl1&tag=carltomichtec-20&linkId=5a1043bdd87861e72327b4d1be2226de&language=en_US&ref_=as_li_ss_tl",yes,n/a,yes,no,no,missing rel nofollow sponsored
https://www.carltravels.com/Hagiangloop.html,Hagiangloop.html,414,Amazon Associates,AU,https://amzn.to/3I5mApV,200,"https://www.amazon.com.au/Think-Photo-Airport-Commuter-Backpack/dp/B0083GQI5Y?crid=C0BCCANHIF1P&dib=eyJ2IjoiMSJ9.FP6oWa3JfVz8mPQHHtuj2j56z3fDBCwLggHr6aC_VQkOVxUS8E-jSv8mMw2xvwAwKKp3yS3EAZDahiqzg1lUnJ4OI4bd4xC6w4ixKLoGdQQzlllNF5w7ZnNwMLs2cJUeG6JrDAmhFlIOVrQUbQfDbizfr5yKJOBszOQia6SfusuS4weSmOcfJvJKrX1mPtUZWqSiIfvSDzHdKlE3g8kCUmOJ15MWf_Y1bSIbO8NTex-o5CV-I2CF9MLgeMPW8TqjqtcJhcqbNXq4StxmCGriYFO89wZjALKw2reJs6HtCIw.qhwKjNiiihdX328DrvLyHXcJLf0AWPHeRP_c-KJrh90&dib_tag=se&keywords=thinktank%2Btravel%2Bcommuter&qid=1757035351&sprefix=thinktank%2Btravel%2Bcommuter,aps,269&sr=8-4&th=1&psc=1&linkCode=sl1&tag=carltomich-22&linkId=500149597f5ad39a813be7771a3c54f0&language=en_AU&ref_=as_li_ss_tl",yes,n/a,yes,no,no,missing rel nofollow sponsored
https://www.carltravels.com/Hagiangloop.html,Hagiangloop.html,398,Wise,Sign up here,https://wise.com/invite/irhc/carlt62,200,https://wise.com/invite/irhc/carlt62,yes,n/a,no,no,no,missing target=_blank; missing rel nofollow sponsored
https://www.carltravels.com/Hagiangloop.html,Hagiangloop.html,402,Dehancer,dehancer.com/subscribe,https://www.dehancer.com/pricing/monthly,200,https://www.dehancer.com/pricing/monthly,no,n/a,no,no,no,missing tracking; missing target=_blank; missing rel nofollow sponsored
https://www.carltravels.com/Hagiangloop.html,Hagiangloop.html,409,Amazon Associates,DJI Flip,https://amzn.to/45iZULT,200,"https://www.amazon.com.au/DJI-Controller-Takeoff-Intelligent-Batteries/dp/B0DJ1FKDGP?crid=2R4BEGV4GCOVO&dib=eyJ2IjoiMSJ9.B3ZGiV_NB4CWvaKZC46HHhqNPIONGEffr9hyQ7doXp3AXko2J8XgtkAXDGsuiEAotNNI2PbCB1AYBnn8BEqRKQmDgWoDst39DJE8gasnXCLc-jUhcRDkTU-kNRFzDwVNjg3G3I5emTMygueqNFSxWtlrc8daGW3mi4t632aghZDCMYSRFrI9w-WsipGgN-AlFd9MHv5fvM5SOZdJ3ZRc3S6dP5ZdvaJbD8dpLuwD9xBibVGNVEA8sqdNPUGc1-QA6emRyHoQcDY9W1wK8g5M_GK-2rSHwY-u6nRI0GtXeD4.0l6QuT-oAkSZ2X00AMSTCdok07QQfjyAKzBb_DdWawE&dib_tag=se&keywords=dji%2Bflip&qid=1755253304&sprefix=dji%2B,aps,500&sr=8-1&th=1&linkCode=sl1&tag=sonymoviemast-22&linkId=3f5281eb31b07e511b695e37c70531d8&language=en_AU&ref_=as_li_ss_tl",yes,n/a,no,no,no,missing target=_blank; missing rel nofollow sponsored
https://www.carltravels.com/Hagiangloop.html,Hagiangloop.html,410,Amazon Associates,Sony A7C II,https://amzn.to/4mHhQ8H,200,"https://www.amazon.com.au/Alpha-Full-Frame-Interchangeable-Lens-Camera/dp/B0CGTTVYGM?crid=3UFGY3ITUFRIG&dib=eyJ2IjoiMSJ9.ev7c1E-3pbpbmadeh7VdWFcGksbpaD0LcfMpyGiafmIkmo2jGBt5M2E9J5fx_zQvYoa9cwkYx9Ms4314aD_KvlRP7kN7v44y5OVvwCe0hrwu3EmNb_ynMVmokWAEqEhATekuA2inkDK21iarXslKa-cwhVZmzX5YQxtcRmGKFeR772jpYj3HTrPbeI3ZQ4U9pdrLR2LEwE7JqN1U8Zd-BBT_0SJG6AhX8DL4MXBQZGSJ8ZS-_aLCTtitWZHc2pdFMTaRj76KAi4xLj1fzwW26k4n3Tyl4DcnDLsPS0O6csE.M7nmeQ9rGw5lWrk0OStz3sFcXb6hUUBIYxuSm25RGtM&dib_tag=se&keywords=Sony%2BA7CII&qid=1755253330&sprefix=sony%2Ba7ci,aps,339&sr=8-2&th=1&linkCode=sl1&tag=carltomich-22&linkId=e268d46ab451781fa56ff54460f43b36&language=en_AU&ref_=as_li_ss_tl",yes,n/a,no,no,no,missing target=_blank; missing rel nofollow sponsored
https://www.carltravels.com/Hagiangloop.html,Hagiangloop.html,411,Amazon Associates,DJI Pocket 3,https://amzn.to/4miS3UJ,200,"https://www.amazon.com.au/DJI-Vlogging-Stabilization-Tracking-Photography/dp/B0CG19FGQ5?crid=1G6X1VC3KQ5EX&dib=eyJ2IjoiMSJ9.OLzTlYtdM2w0TP6xjlSDCa_ccSbGz-LuIU4RgcQOCNGa_FFl2x1iOz2JX6S15ZXETql3rFDOM9ga-vhK36LgBaVMgdsL9DjJ1rGI703o8l2CU7qjqJgJrjk4bbf-Ae7lDW2VKJCOIhx3uSDXuParcMtR2mX2C58Se55j-iXTxZtUyCT_KpmGnxAiC29MDSrLM27fcIM9hNcLt9qfKC4X0H4XYBQK9QDfGIOYCCdiD5lduJ45hKRSb_vcDqRsfUclWisMqQvRUilvFcJNunY7PQEwXIkjphgmLW2BdwCZLnw.kXFrNmjSvoqF8aSCDLEiVO6jy41xldw8QKHmK03PQpg&dib_tag=se&keywords=DJI%2Bpocket%2B3&qid=1755253366&sprefix=dji%2Bpocket%2B34,aps,341&sr=8-5&th=1&linkCode=sl1&tag=carltomich-22&linkId=f574fc6c948e413d7828caf3917f88c7&language=en_AU&ref_=as_li_ss_tl",yes,n/a,no,no,no,missing target=_blank; missing rel nofollow sponsored
https://www.carltravels.com/Hagiangloop.html,Hagiangloop.html,412,Amazon Associates,Tamron 28–200,https://amzn.to/4lvd1hI,200,"https://www.amazon.com.au/Tamron-28-200-2-8-5-6-Mirrorless-Mount/dp/B08B34HWKV?crid=1QEN08AGHDA5P&dib=eyJ2IjoiMSJ9.F-1xObnXZ1qvBYq3zqlPY-NONJhLnpZLBqOzJ3HO5tTaMoqBS6y-yCzp9X2gf74AvY9AfeP0NaxoH7DZ9-baBGYipuEDZdeZDPhnjFQLAPKtme5_4_FG3s6XXvOiBciFRCc2uuwqEeNlASTcgcCCZMSMFQeah9VIUe8nfvKw3waCva02_S3xX9d-JyGDBuG_e3MirkHsz23lqve2L2QVLMa5j0OVts-mmsfQ8VCk2Mk21ZgO9UeZSpWiqPf46ib3p97ybHMdj-mSwAvwDGZsUplC0W8j79hDLbEyt4rRRsc.RD-ZusuknzzNJEQwUdBnNUgT4NbgXfMrZD-cLbs7Izg&dib_tag=se&keywords=tamron%2B24-150mm%2Bsony&qid=1755253413&sprefix=tamron%2B24-150mm%2Bson,aps,332&sr=8-8&th=1&linkCode=sl1&tag=carltomich-22&linkId=369f0dc13ba29944c2261e58637d5916&language=en_AU&ref_=as_li_ss_tl",yes,n/a,no,no,no,missing target=_blank; missing rel nofollow sponsored
https://www.carltravels.com/Hagiangloop.html,Hagiangloop.html,413,Amazon Associates,RØDE Wireless PRO,https://amzn.to/4oHMXTy,200,"https://www.amazon.com.au/R%C3%98DE-Microphone-Recording-Microphones-Filmmaking/dp/B0CB2HGR9Q?crid=EGFFU6UZWCLT&dib=eyJ2IjoiMSJ9.DGm925iQklRK-0FmBcE9db-XNNBHUbEQUmSpGwxYevTWsXHx1AB2Ujp56lEEJfYAXcz8f7ItdheKMJJEt3fbcFJwLM0qbJZFbyXmeGeum-sa0VEabMsoDLY8CTncKG_wcQknrVxzofZHSnY2hjgptBqrzbKBtON6CpGKjvZLWJbF12me_IIzxbcIdQ8xyAiv4MZEEmpSth_cBUSNn31q0t3k7bBm6YhlZLAdCOz86vQKfMf3dxTZHnqFsWMWlUF7v0fy7dJRty-80-hdaPlVDfUAYTPOMRmPYrwuoDhkGHE.Jyv_XTXDBOYqJ4Rg5nZ0RKMDurBNR5Nag68iZPXdLmc&dib_tag=se&keywords=rode%2Bwireless%2Bpro&qid=1755253496&sprefix=Rode%2Bwirle,aps,388&sr=8-3&th=1&linkCode=sl1&tag=carltomich-22&linkId=c45e7c55dd1516f0f8708eea1e3df28d&language=en_AU&ref_=as_li_ss_tl",yes,n/a,no,no,no,missing target=_blank; missing rel nofollow sponsored
https://www.carltravels.com/Hagiangloop.html,Hagiangloop.html,414,Amazon Associates,Think Tank Backpack,https://amzn.to/467fEAU,200,"https://www.amazon.com/Think-Tank-Airport-Commuter-Backpack/dp/B0083GQI5Y?crid=2DUIR27E54VFF&dib=eyJ2IjoiMSJ9.9XG5TZXY0VQe_JM4tf_rYqZTZVCpD3yhgWrqqRz7QRe2p5T785DRre0iq_knj0lCgwWu61gX6gQhU1gnkpa0Oy5NL2IJTmQqwU2OgKZOy7CJNXpEWJDXjz5XMOXhk-qfM1nF08sucPDsn0dmURafC38s2OcI8cViV1Q67OF01Sr2OmjeufUSQg0GHKX3twaAL-kI-4oLThlIo3FD4R9r9a-4ZQqUBJQ7iiDS97TIM2g.yGwuqwlPiTaZdkN4hPtMx2ru_ylVkLWkPPgvjFU3Vo4&dib_tag=se&keywords=thinktank+travel+backpack&qid=1757035483&sprefix=thinktank+travel+backpac,aps,316&sr=8-3&linkCode=sl1&tag=carltomichtec-20&linkId=5a1043bdd87861e72327b4d1be2226de&language=en_US&ref_=as_li_ss_tl",yes,n/a,no,no,no,missing target=_blank; missing rel nofollow sponsored
https://www.carltravels.com/Hagiangloop.html,Hagiangloop.html,409,Amazon Associates,DJI Flip,https://amzn.to/41zmAVV,200,"https://www.amazon.com.au/DJI-Controller-Takeoff-Intelligent-Batteries/dp/B0DJ1FKDGP?crid=27CLM6RRHHRB4&dib=eyJ2IjoiMSJ9.xHJwj2C5oeF6OHTI195Mdn3sPKEY3lQQtbR1Ffinq4nZrf0vJkhLIitjW3VBJOJxwyVeE4yQAuXGFbWTEwFrlWWsax_d6SMbu6MShKn__FMm0mh-GoBsHRxdET8U2ZnqpxXklLfQqiThEX0uRx_FzYCEWuAVyvXSelhqtv3be5YD_EsWRzMIULJGPJlSUrdUmmEa5c91FR8syo0ZeIfK0g6nYhVRBSfryUO8DyP7t9w0yINa3lmqQbKaTVkAljF0zY95g7ligNcgPIUNDRqXXx8IdElfmIcz-LTDbcXZCVY.BHpsQw5p_iwN_R_6cb79XAe-ZNr3mHBd-DXY4w99rs8&dib_tag=se&keywords=dji%2Bflip&qid=1757034937&sprefix=dji%2Bflip,aps,261&sr=8-1&th=1&linkCode=sl1&tag=carltomich-22&linkId=086f0f4dda5311ea4c0fa2a020c7fc62&language=en_AU&ref_=as_li_ss_tl",yes,n/a,no,no,no,missing target=_blank; missing rel nofollow sponsored
https://www.carltravels.com/Hagiangloop.html,Hagiangloop.html,410,Amazon Associates,Sony A7C II,https://amzn.to/45Qk2Fw,200,"https://www.amazon.com.au/Sony-Alpha-System-Camera-28-60mm/dp/B0CGFBMNDH?crid=Y4V8WSCJABT6&dib=eyJ2IjoiMSJ9.ev7c1E-3pbpbmadeh7VdWGGGwBPVPgenkV33RBsEipu2uXVpDOT-4N719LE8z5ZZkuiatxECfZOdzpPy6zsWyTaCC9-YjTsjmmcZSgzVbtIhv6nwiqrhip-8XLyFVM8TJI0S9CtfzEuF20mZcy_wovPC1FlRfSxCGu-1DiuOJ6Z2es25G9g5miw4rVwdl2YcxPhn0n3sJchrolpd3esOjIp0QaLGvz7n3uFMc-O48l4pYSj__YDttER8crkPx69f7mSxS8ujQijijWSjmj4h9XUlNdHSaq2KQBm7l6vTkyg.johmDKkudmYJ6Vp3A83ZS0WmLiuItffyIHcQrNpcTpM&dib_tag=se&keywords=sony%2Ba7cii&qid=1757035042&sprefix=sony%2Ba7cii,aps,242&sr=8-7&th=1&linkCode=sl1&tag=carltomich-22&linkId=e6839e00766785a47c09e7449989c441&language=en_AU&ref_=as_li_ss_tl",yes,n/a,no,no,no,missing target=_blank; missing rel nofollow sponsored
https://www.carltravels.com/Hagiangloop.html,Hagiangloop.html,411,Amazon Associates,DJI Osmo Pocket 3,https://amzn.to/4gaYLJZ,200,"https://www.amazon.com.au/DJI-Stabilization-Rotatable-Touchscreen-Photography/dp/B0CG19QXWD?crid=3SHCFANSRK2GV&dib=eyJ2IjoiMSJ9.hn-IKcsoi27x5Xtepf1O0xSEJ-Xc0yIsZ5hiLNsRo0_pnL0HwMARDMaGpGot5vRUIoisskZuJLNO1vrHcsMAQPRIRCdFRvFwlfyVPydN5FfkKgbYw0s29BMkgJiljvn0_ugxYU6JZ9cLZJ8Oj30vFVBWWAWBuepYqTkzRyVqmr2ii2X5OCrM6ae484zpYvqQCRiXcJMt0dgPItUfZ0RL6z-y7KTTesad4agjzTRTAcf1lSsm2yEzEH72afh7B2OEGD2c87RWuC02g7fgtlSVS8E50gbD3A0TmSTnzJ8VLKQ.Bx4cRITeVOMwGs0D0DKW1fgGx14CLCMyLTVRjMuItUs&dib_tag=se&keywords=dji%2Bosmo%2Bpocket%2B3&qid=1757035105&sprefix=DJI,aps,491&sr=8-5&th=1&linkCode=sl1&tag=carltomich-22&linkId=6c45d0909c1797b83d49c364f2b311b2&language=en_AU&ref_=as_li_ss_tl",yes,n/a,no,no,no,missing target=_blank; missing rel nofollow sponsored
https://www.carltravels.com/Hagiangloop.html,Hagiangloop.html,412,Amazon Associates,Tamron 24–200,https://amzn.to/4n73D5P,200,"https://www.amazon.com.au/Tamron-28-200-2-8-5-6-Mirrorless-Mount/dp/B08B34HWKV?crid=2KXUS0I4U82EM&dib=eyJ2IjoiMSJ9.CirVtLEYR7BE9okHzn54invQLY0R2IpCxFbXtvO1NnS3N7bkvewO8f1Yq8HoRp8by7g8fCAGFxwZReQZiHGIleWQhBiyxX6NqLuWc2JcY0SatfWtItHN56up3Chh0D8MWnZx1sZMHuhw7JMF1wW-t-_JV04YdmuFHxRHCAkZE68WtA-D3L-Dzu4PGUjAvPjTp5SldK7-BzyvSBMXmLxJIRehuwg0-GotkfHE9WlIC_4H_U3a4PyQdb9pUPOs3wgOSlpAZtRp5xUnt9EVdnDOoa8N5AFkcblsba8g9gFHmgg.ywMyfDborErcaHwGfqjwuU9BKivzUuvVcowT6gYYSgc&dib_tag=se&keywords=Tamron%2B28%E2%80%93200mm%2B(Full-Frame)&qid=1757035157&sprefix=tamron%2B28%2B200mm%2Bfull-frame%2B,aps,322&sr=8-1&th=1&linkCode=sl1&tag=carltomich-22&linkId=48c5cc0e9d510609bb5d001f6a9afffc&language=en_AU&ref_=as_li_ss_tl",yes,n/a,no,no,no,missing target=_blank; missing rel nofollow sponsored
https://www.carltravels.com/Hagiangloop.html,Hagiangloop.html,413,Amazon Associates,RØDE Wireless PRO,https://amzn.to/46kv8CG,200,"https://www.amazon.com.au/R%C3%98DE-Microphone-Recording-Microphones-Filmmaking/dp/B0CB2HGR9Q?crid=2CDBT69BZHLYA&dib=eyJ2IjoiMSJ9.Fwy-kxiSUMPxfuFncUDsU_A5ghupefIniz-REQnE6cTWsXHx1AB2Ujp56lEEJfYAXcz8f7ItdheKMJJEt3fbcDMaXA9z2vvl2SUhzXgbV4Ukq3M5KEeOMdSPoj2cooPZeZPhHMSlekWnOVWq4c0QaOzHxx6P7Hyvkb1eAIDVxOLyj1OA_3uyhvfsRMAssRUi_DZnq7KAobBNLtcDs2i8qN-URdgmgdbkNRbQvdaF9rucUW2oiHlnh0JMDv_DLbLkroYoa-fywaWO7QG159ijgMSHpfo0uXgaCvS9UJEj_s0.c_FuiqtAbfwdPKd4F4lJZzRIPwBnxfR6xx2cadHO14I&dib_tag=se&keywords=rode%2Bwireless%2Bpro&qid=1757035251&sprefix=rode%2Bw,aps,347&sr=8-5&th=1&linkCode=sl1&tag=carltomich-22&linkId=5c5361991d8e56b532939c61e269e8be&language=en_AU&ref_=as_li_ss_tl",yes,n/a,no,no,no,missing target=_blank; missing rel nofollow sponsored
https://www.carltravels.com/Hagiangloop.html,Hagiangloop.html,414,Amazon Associates,Think Tank Backpack,https://amzn.to/3I5mApV,200,"https://www.amazon.com.au/Think-Photo-Airport-Commuter-Backpack/dp/B0083GQI5Y?crid=C0BCCANHIF1P&dib=eyJ2IjoiMSJ9.FP6oWa3JfVz8mPQHHtuj2j56z3fDBCwLggHr6aC_VQkOVxUS8E-jSv8mMw2xvwAwKKp3yS3EAZDahiqzg1lUnJ4OI4bd4xC6w4ixKLoGdQQzlllNF5w7ZnNwMLs2cJUeG6JrDAmhFlIOVrQUbQfDbizfr5yKJOBszOQia6SfusuS4weSmOcfJvJKrX1mPtUZWqSiIfvSDzHdKlE3g8kCUmOJ15MWf_Y1bSIbO8NTex-o5CV-I2CF9MLgeMPW8TqjqtcJhcqbNXq4StxmCGriYFO89wZjALKw2reJs6HtCIw.qhwKjNiiihdX328DrvLyHXcJLf0AWPHeRP_c-KJrh90&dib_tag=se&keywords=thinktank%2Btravel%2Bcommuter&qid=1757035351&sprefix=thinktank%2Btravel%2Bcommuter,aps,269&sr=8-4&th=1&psc=1&linkCode=sl1&tag=carltomich-22&linkId=500149597f5ad39a813be7771a3c54f0&language=en_AU&ref_=as_li_ss_tl",yes,n/a,no,no,no,missing target=_blank; missing rel nofollow sponsored
https://www.carltravels.com/Hagiangloop.html,Hagiangloop.html,502,Saily eSIM,👉 Activate your eSIM now,https://go.saily.site/aff_c?offer_id=101&aff_id=12234,403,https://saily.com/special/?utm_source=12234&utm_medium=affiliate&utm_campaign=101&aff_transaction_id=102671cde85b9dc60aa1208c946ed9&aff_sub=&aff_offer_id=101&aff_id=12234&url={url}&utm_content=&params[ho_asub1]=,yes,no,yes,no,no,not working or blocked; missing CARLRI5370; old Saily affiliate URL format; missing rel nofollow sponsored
https://www.carltravels.com/Hifuinhanoi.html,Hifuinhanoi.html,501,Saily eSIM,👉 Activate your eSIM now,https://go.saily.site/aff_c?offer_id=101&aff_id=12234,403,https://saily.com/special/?utm_source=12234&utm_medium=affiliate&utm_campaign=101&aff_transaction_id=102671cde85b9dc60aa1208c946ed9&aff_sub=&aff_offer_id=101&aff_id=12234&url={url}&utm_content=&params[ho_asub1]=,yes,no,yes,no,no,not working or blocked; missing CARLRI5370; old Saily affiliate URL format; missing rel nofollow sponsored
https://www.carltravels.com/aiarty-image-enhancer-review.html,aiarty-image-enhancer-review.html,125,2Checkout/Avangate,Buy Aiarty Image Enhancer,https://secure.2checkout.com/order/checkout.php?PRODS=46192083&QTY=1&AFFILIATE=246587&AFFSRC=image_enhancer&CART=1,200,https://secure.2checkout.com/order/checkout.php?PRODS=46192083&QTY=1&AFFILIATE=246587&AFFSRC=image_enhancer&CART=1,yes,n/a,yes,no,no,missing rel nofollow sponsored
https://www.carltravels.com/aiarty-image-enhancer-review.html,aiarty-image-enhancer-review.html,125,2Checkout/Avangate,Get Aiarty Image Enhancer,https://secure.2checkout.com/order/checkout.php?PRODS=46192083&QTY=1&AFFILIATE=246587&AFFSRC=image_enhancer&CART=1,200,https://secure.2checkout.com/order/checkout.php?PRODS=46192083&QTY=1&AFFILIATE=246587&AFFSRC=image_enhancer&CART=1,yes,n/a,yes,no,no,missing rel nofollow sponsored
https://www.carltravels.com/aiarty-video-enhancer-review.html,aiarty-video-enhancer-review.html,442,2Checkout/Avangate,Buy it here to save 36% on AIARTY,https://secure.2checkout.com/order/checkout.php?PRODS=50334856&QTY=1&AFFILIATE=246587&AFFSRC=image_enhancer_video&CART=1,200,https://secure.2checkout.com/order/checkout.php?PRODS=50334856&QTY=1&AFFILIATE=246587&AFFSRC=image_enhancer_video&CART=1,yes,n/a,yes,no,no,missing rel nofollow sponsored
https://www.carltravels.com/aiarty-video-enhancer-review.html,aiarty-video-enhancer-review.html,540,Saily eSIM,👉 Activate your eSIM now,https://go.saily.site/aff_c?offer_id=101&aff_id=12234,403,https://saily.com/special/?utm_source=12234&utm_medium=affiliate&utm_campaign=101&aff_transaction_id=102671cde85b9dc60aa1208c946ed9&aff_sub=&aff_offer_id=101&aff_id=12234&url={url}&utm_content=&params[ho_asub1]=,yes,no,yes,no,no,not working or blocked; missing CARLRI5370; old Saily affiliate URL format; missing rel nofollow sponsored
https://www.carltravels.com/aiarty-vs-topaz-video-ai.html,aiarty-vs-topaz-video-ai.html,239,Saily eSIM,👉 Activate your eSIM now,https://go.saily.site/aff_c?offer_id=101&aff_id=12234,403,https://saily.com/special/?utm_source=12234&utm_medium=affiliate&utm_campaign=101&aff_transaction_id=102671cde85b9dc60aa1208c946ed9&aff_sub=&aff_offer_id=101&aff_id=12234&url={url}&utm_content=&params[ho_asub1]=,yes,no,yes,no,no,not working or blocked; missing CARLRI5370; old Saily affiliate URL format; missing rel nofollow sponsored
https://www.carltravels.com/balitravelguide.html,balitravelguide.html,637,Wise,Sign up here,https://wise.com/invite/irhc/carlt62,200,https://wise.com/invite/irhc/carlt62,yes,n/a,no,no,no,missing target=_blank; missing rel nofollow sponsored
https://www.carltravels.com/balitravelguide.html,balitravelguide.html,643,Dehancer,dehancer.com/subscribe,https://www.dehancer.com/pricing/monthly,200,https://www.dehancer.com/pricing/monthly,no,n/a,no,no,no,missing tracking; missing target=_blank; missing rel nofollow sponsored
https://www.carltravels.com/balitravelguide.html,balitravelguide.html,650,Amazon Associates,DJI Flip,https://amzn.to/45iZULT,200,"https://www.amazon.com.au/DJI-Controller-Takeoff-Intelligent-Batteries/dp/B0DJ1FKDGP?crid=2R4BEGV4GCOVO&dib=eyJ2IjoiMSJ9.B3ZGiV_NB4CWvaKZC46HHhqNPIONGEffr9hyQ7doXp3AXko2J8XgtkAXDGsuiEAotNNI2PbCB1AYBnn8BEqRKQmDgWoDst39DJE8gasnXCLc-jUhcRDkTU-kNRFzDwVNjg3G3I5emTMygueqNFSxWtlrc8daGW3mi4t632aghZDCMYSRFrI9w-WsipGgN-AlFd9MHv5fvM5SOZdJ3ZRc3S6dP5ZdvaJbD8dpLuwD9xBibVGNVEA8sqdNPUGc1-QA6emRyHoQcDY9W1wK8g5M_GK-2rSHwY-u6nRI0GtXeD4.0l6QuT-oAkSZ2X00AMSTCdok07QQfjyAKzBb_DdWawE&dib_tag=se&keywords=dji%2Bflip&qid=1755253304&sprefix=dji%2B,aps,500&sr=8-1&th=1&linkCode=sl1&tag=sonymoviemast-22&linkId=3f5281eb31b07e511b695e37c70531d8&language=en_AU&ref_=as_li_ss_tl",yes,n/a,no,no,no,missing target=_blank; missing rel nofollow sponsored
https://www.carltravels.com/balitravelguide.html,balitravelguide.html,651,Amazon Associates,Sony A7C II,https://amzn.to/4mHhQ8H,200,"https://www.amazon.com.au/Alpha-Full-Frame-Interchangeable-Lens-Camera/dp/B0CGTTVYGM?crid=3UFGY3ITUFRIG&dib=eyJ2IjoiMSJ9.ev7c1E-3pbpbmadeh7VdWFcGksbpaD0LcfMpyGiafmIkmo2jGBt5M2E9J5fx_zQvYoa9cwkYx9Ms4314aD_KvlRP7kN7v44y5OVvwCe0hrwu3EmNb_ynMVmokWAEqEhATekuA2inkDK21iarXslKa-cwhVZmzX5YQxtcRmGKFeR772jpYj3HTrPbeI3ZQ4U9pdrLR2LEwE7JqN1U8Zd-BBT_0SJG6AhX8DL4MXBQZGSJ8ZS-_aLCTtitWZHc2pdFMTaRj76KAi4xLj1fzwW26k4n3Tyl4DcnDLsPS0O6csE.M7nmeQ9rGw5lWrk0OStz3sFcXb6hUUBIYxuSm25RGtM&dib_tag=se&keywords=Sony%2BA7CII&qid=1755253330&sprefix=sony%2Ba7ci,aps,339&sr=8-2&th=1&linkCode=sl1&tag=carltomich-22&linkId=e268d46ab451781fa56ff54460f43b36&language=en_AU&ref_=as_li_ss_tl",yes,n/a,no,no,no,missing target=_blank; missing rel nofollow sponsored
https://www.carltravels.com/balitravelguide.html,balitravelguide.html,652,Amazon Associates,DJI Pocket 3,https://amzn.to/4miS3UJ,200,"https://www.amazon.com.au/DJI-Vlogging-Stabilization-Tracking-Photography/dp/B0CG19FGQ5?crid=1G6X1VC3KQ5EX&dib=eyJ2IjoiMSJ9.OLzTlYtdM2w0TP6xjlSDCa_ccSbGz-LuIU4RgcQOCNGa_FFl2x1iOz2JX6S15ZXETql3rFDOM9ga-vhK36LgBaVMgdsL9DjJ1rGI703o8l2CU7qjqJgJrjk4bbf-Ae7lDW2VKJCOIhx3uSDXuParcMtR2mX2C58Se55j-iXTxZtUyCT_KpmGnxAiC29MDSrLM27fcIM9hNcLt9qfKC4X0H4XYBQK9QDfGIOYCCdiD5lduJ45hKRSb_vcDqRsfUclWisMqQvRUilvFcJNunY7PQEwXIkjphgmLW2BdwCZLnw.kXFrNmjSvoqF8aSCDLEiVO6jy41xldw8QKHmK03PQpg&dib_tag=se&keywords=DJI%2Bpocket%2B3&qid=1755253366&sprefix=dji%2Bpocket%2B34,aps,341&sr=8-5&th=1&linkCode=sl1&tag=carltomich-22&linkId=f574fc6c948e413d7828caf3917f88c7&language=en_AU&ref_=as_li_ss_tl",yes,n/a,no,no,no,missing target=_blank; missing rel nofollow sponsored
https://www.carltravels.com/balitravelguide.html,balitravelguide.html,653,Amazon Associates,Tamron 28–200,https://amzn.to/4lvd1hI,200,"https://www.amazon.com.au/Tamron-28-200-2-8-5-6-Mirrorless-Mount/dp/B08B34HWKV?crid=1QEN08AGHDA5P&dib=eyJ2IjoiMSJ9.F-1xObnXZ1qvBYq3zqlPY-NONJhLnpZLBqOzJ3HO5tTaMoqBS6y-yCzp9X2gf74AvY9AfeP0NaxoH7DZ9-baBGYipuEDZdeZDPhnjFQLAPKtme5_4_FG3s6XXvOiBciFRCc2uuwqEeNlASTcgcCCZMSMFQeah9VIUe8nfvKw3waCva02_S3xX9d-JyGDBuG_e3MirkHsz23lqve2L2QVLMa5j0OVts-mmsfQ8VCk2Mk21ZgO9UeZSpWiqPf46ib3p97ybHMdj-mSwAvwDGZsUplC0W8j79hDLbEyt4rRRsc.RD-ZusuknzzNJEQwUdBnNUgT4NbgXfMrZD-cLbs7Izg&dib_tag=se&keywords=tamron%2B24-150mm%2Bsony&qid=1755253413&sprefix=tamron%2B24-150mm%2Bson,aps,332&sr=8-8&th=1&linkCode=sl1&tag=carltomich-22&linkId=369f0dc13ba29944c2261e58637d5916&language=en_AU&ref_=as_li_ss_tl",yes,n/a,no,no,no,missing target=_blank; missing rel nofollow sponsored
https://www.carltravels.com/balitravelguide.html,balitravelguide.html,654,Amazon Associates,RØDE Wireless PRO,https://amzn.to/4oHMXTy,200,"https://www.amazon.com.au/R%C3%98DE-Microphone-Recording-Microphones-Filmmaking/dp/B0CB2HGR9Q?crid=EGFFU6UZWCLT&dib=eyJ2IjoiMSJ9.DGm925iQklRK-0FmBcE9db-XNNBHUbEQUmSpGwxYevTWsXHx1AB2Ujp56lEEJfYAXcz8f7ItdheKMJJEt3fbcFJwLM0qbJZFbyXmeGeum-sa0VEabMsoDLY8CTncKG_wcQknrVxzofZHSnY2hjgptBqrzbKBtON6CpGKjvZLWJbF12me_IIzxbcIdQ8xyAiv4MZEEmpSth_cBUSNn31q0t3k7bBm6YhlZLAdCOz86vQKfMf3dxTZHnqFsWMWlUF7v0fy7dJRty-80-hdaPlVDfUAYTPOMRmPYrwuoDhkGHE.Jyv_XTXDBOYqJ4Rg5nZ0RKMDurBNR5Nag68iZPXdLmc&dib_tag=se&keywords=rode%2Bwireless%2Bpro&qid=1755253496&sprefix=Rode%2Bwirle,aps,388&sr=8-3&th=1&linkCode=sl1&tag=carltomich-22&linkId=c45e7c55dd1516f0f8708eea1e3df28d&language=en_AU&ref_=as_li_ss_tl",yes,n/a,no,no,no,missing target=_blank; missing rel nofollow sponsored
https://www.carltravels.com/balitravelguide.html,balitravelguide.html,655,Amazon Associates,Think Tank Backpack,https://amzn.to/467fEAU,200,"https://www.amazon.com/Think-Tank-Airport-Commuter-Backpack/dp/B0083GQI5Y?crid=2DUIR27E54VFF&dib=eyJ2IjoiMSJ9.9XG5TZXY0VQe_JM4tf_rYqZTZVCpD3yhgWrqqRz7QRe2p5T785DRre0iq_knj0lCgwWu61gX6gQhU1gnkpa0Oy5NL2IJTmQqwU2OgKZOy7CJNXpEWJDXjz5XMOXhk-qfM1nF08sucPDsn0dmURafC38s2OcI8cViV1Q67OF01Sr2OmjeufUSQg0GHKX3twaAL-kI-4oLThlIo3FD4R9r9a-4ZQqUBJQ7iiDS97TIM2g.yGwuqwlPiTaZdkN4hPtMx2ru_ylVkLWkPPgvjFU3Vo4&dib_tag=se&keywords=thinktank+travel+backpack&qid=1757035483&sprefix=thinktank+travel+backpac,aps,316&sr=8-3&linkCode=sl1&tag=carltomichtec-20&linkId=5a1043bdd87861e72327b4d1be2226de&language=en_US&ref_=as_li_ss_tl",yes,n/a,no,no,no,missing target=_blank; missing rel nofollow sponsored
https://www.carltravels.com/balitravelguide.html,balitravelguide.html,661,Amazon Associates,DJI Flip,https://amzn.to/41zmAVV,200,"https://www.amazon.com.au/DJI-Controller-Takeoff-Intelligent-Batteries/dp/B0DJ1FKDGP?crid=27CLM6RRHHRB4&dib=eyJ2IjoiMSJ9.xHJwj2C5oeF6OHTI195Mdn3sPKEY3lQQtbR1Ffinq4nZrf0vJkhLIitjW3VBJOJxwyVeE4yQAuXGFbWTEwFrlWWsax_d6SMbu6MShKn__FMm0mh-GoBsHRxdET8U2ZnqpxXklLfQqiThEX0uRx_FzYCEWuAVyvXSelhqtv3be5YD_EsWRzMIULJGPJlSUrdUmmEa5c91FR8syo0ZeIfK0g6nYhVRBSfryUO8DyP7t9w0yINa3lmqQbKaTVkAljF0zY95g7ligNcgPIUNDRqXXx8IdElfmIcz-LTDbcXZCVY.BHpsQw5p_iwN_R_6cb79XAe-ZNr3mHBd-DXY4w99rs8&dib_tag=se&keywords=dji%2Bflip&qid=1757034937&sprefix=dji%2Bflip,aps,261&sr=8-1&th=1&linkCode=sl1&tag=carltomich-22&linkId=086f0f4dda5311ea4c0fa2a020c7fc62&language=en_AU&ref_=as_li_ss_tl",yes,n/a,no,no,no,missing target=_blank; missing rel nofollow sponsored
https://www.carltravels.com/balitravelguide.html,balitravelguide.html,662,Amazon Associates,Sony A7C II,https://amzn.to/45Qk2Fw,200,"https://www.amazon.com.au/Sony-Alpha-System-Camera-28-60mm/dp/B0CGFBMNDH?crid=Y4V8WSCJABT6&dib=eyJ2IjoiMSJ9.ev7c1E-3pbpbmadeh7VdWGGGwBPVPgenkV33RBsEipu2uXVpDOT-4N719LE8z5ZZkuiatxECfZOdzpPy6zsWyTaCC9-YjTsjmmcZSgzVbtIhv6nwiqrhip-8XLyFVM8TJI0S9CtfzEuF20mZcy_wovPC1FlRfSxCGu-1DiuOJ6Z2es25G9g5miw4rVwdl2YcxPhn0n3sJchrolpd3esOjIp0QaLGvz7n3uFMc-O48l4pYSj__YDttER8crkPx69f7mSxS8ujQijijWSjmj4h9XUlNdHSaq2KQBm7l6vTkyg.johmDKkudmYJ6Vp3A83ZS0WmLiuItffyIHcQrNpcTpM&dib_tag=se&keywords=sony%2Ba7cii&qid=1757035042&sprefix=sony%2Ba7cii,aps,242&sr=8-7&th=1&linkCode=sl1&tag=carltomich-22&linkId=e6839e00766785a47c09e7449989c441&language=en_AU&ref_=as_li_ss_tl",yes,n/a,no,no,no,missing target=_blank; missing rel nofollow sponsored
https://www.carltravels.com/balitravelguide.html,balitravelguide.html,663,Amazon Associates,DJI Osmo Pocket 3,https://amzn.to/4gaYLJZ,200,"https://www.amazon.com.au/DJI-Stabilization-Rotatable-Touchscreen-Photography/dp/B0CG19QXWD?crid=3SHCFANSRK2GV&dib=eyJ2IjoiMSJ9.hn-IKcsoi27x5Xtepf1O0xSEJ-Xc0yIsZ5hiLNsRo0_pnL0HwMARDMaGpGot5vRUIoisskZuJLNO1vrHcsMAQPRIRCdFRvFwlfyVPydN5FfkKgbYw0s29BMkgJiljvn0_ugxYU6JZ9cLZJ8Oj30vFVBWWAWBuepYqTkzRyVqmr2ii2X5OCrM6ae484zpYvqQCRiXcJMt0dgPItUfZ0RL6z-y7KTTesad4agjzTRTAcf1lSsm2yEzEH72afh7B2OEGD2c87RWuC02g7fgtlSVS8E50gbD3A0TmSTnzJ8VLKQ.Bx4cRITeVOMwGs0D0DKW1fgGx14CLCMyLTVRjMuItUs&dib_tag=se&keywords=dji%2Bosmo%2Bpocket%2B3&qid=1757035105&sprefix=DJI,aps,491&sr=8-5&th=1&linkCode=sl1&tag=carltomich-22&linkId=6c45d0909c1797b83d49c364f2b311b2&language=en_AU&ref_=as_li_ss_tl",yes,n/a,no,no,no,missing target=_blank; missing rel nofollow sponsored
https://www.carltravels.com/balitravelguide.html,balitravelguide.html,664,Amazon Associates,Tamron 24–200,https://amzn.to/4n73D5P,200,"https://www.amazon.com.au/Tamron-28-200-2-8-5-6-Mirrorless-Mount/dp/B08B34HWKV?crid=2KXUS0I4U82EM&dib=eyJ2IjoiMSJ9.CirVtLEYR7BE9okHzn54invQLY0R2IpCxFbXtvO1NnS3N7bkvewO8f1Yq8HoRp8by7g8fCAGFxwZReQZiHGIleWQhBiyxX6NqLuWc2JcY0SatfWtItHN56up3Chh0D8MWnZx1sZMHuhw7JMF1wW-t-_JV04YdmuFHxRHCAkZE68WtA-D3L-Dzu4PGUjAvPjTp5SldK7-BzyvSBMXmLxJIRehuwg0-GotkfHE9WlIC_4H_U3a4PyQdb9pUPOs3wgOSlpAZtRp5xUnt9EVdnDOoa8N5AFkcblsba8g9gFHmgg.ywMyfDborErcaHwGfqjwuU9BKivzUuvVcowT6gYYSgc&dib_tag=se&keywords=Tamron%2B28%E2%80%93200mm%2B(Full-Frame)&qid=1757035157&sprefix=tamron%2B28%2B200mm%2Bfull-frame%2B,aps,322&sr=8-1&th=1&linkCode=sl1&tag=carltomich-22&linkId=48c5cc0e9d510609bb5d001f6a9afffc&language=en_AU&ref_=as_li_ss_tl",yes,n/a,no,no,no,missing target=_blank; missing rel nofollow sponsored
https://www.carltravels.com/balitravelguide.html,balitravelguide.html,665,Amazon Associates,RØDE Wireless PRO,https://amzn.to/46kv8CG,200,"https://www.amazon.com.au/R%C3%98DE-Microphone-Recording-Microphones-Filmmaking/dp/B0CB2HGR9Q?crid=2CDBT69BZHLYA&dib=eyJ2IjoiMSJ9.Fwy-kxiSUMPxfuFncUDsU_A5ghupefIniz-REQnE6cTWsXHx1AB2Ujp56lEEJfYAXcz8f7ItdheKMJJEt3fbcDMaXA9z2vvl2SUhzXgbV4Ukq3M5KEeOMdSPoj2cooPZeZPhHMSlekWnOVWq4c0QaOzHxx6P7Hyvkb1eAIDVxOLyj1OA_3uyhvfsRMAssRUi_DZnq7KAobBNLtcDs2i8qN-URdgmgdbkNRbQvdaF9rucUW2oiHlnh0JMDv_DLbLkroYoa-fywaWO7QG159ijgMSHpfo0uXgaCvS9UJEj_s0.c_FuiqtAbfwdPKd4F4lJZzRIPwBnxfR6xx2cadHO14I&dib_tag=se&keywords=rode%2Bwireless%2Bpro&qid=1757035251&sprefix=rode%2Bw,aps,347&sr=8-5&th=1&linkCode=sl1&tag=carltomich-22&linkId=5c5361991d8e56b532939c61e269e8be&language=en_AU&ref_=as_li_ss_tl",yes,n/a,no,no,no,missing target=_blank; missing rel nofollow sponsored
https://www.carltravels.com/balitravelguide.html,balitravelguide.html,666,Amazon Associates,Think Tank Backpack,https://amzn.to/3I5mApV,200,"https://www.amazon.com.au/Think-Photo-Airport-Commuter-Backpack/dp/B0083GQI5Y?crid=C0BCCANHIF1P&dib=eyJ2IjoiMSJ9.FP6oWa3JfVz8mPQHHtuj2j56z3fDBCwLggHr6aC_VQkOVxUS8E-jSv8mMw2xvwAwKKp3yS3EAZDahiqzg1lUnJ4OI4bd4xC6w4ixKLoGdQQzlllNF5w7ZnNwMLs2cJUeG6JrDAmhFlIOVrQUbQfDbizfr5yKJOBszOQia6SfusuS4weSmOcfJvJKrX1mPtUZWqSiIfvSDzHdKlE3g8kCUmOJ15MWf_Y1bSIbO8NTex-o5CV-I2CF9MLgeMPW8TqjqtcJhcqbNXq4StxmCGriYFO89wZjALKw2reJs6HtCIw.qhwKjNiiihdX328DrvLyHXcJLf0AWPHeRP_c-KJrh90&dib_tag=se&keywords=thinktank%2Btravel%2Bcommuter&qid=1757035351&sprefix=thinktank%2Btravel%2Bcommuter,aps,269&sr=8-4&th=1&psc=1&linkCode=sl1&tag=carltomich-22&linkId=500149597f5ad39a813be7771a3c54f0&language=en_AU&ref_=as_li_ss_tl",yes,n/a,no,no,no,missing target=_blank; missing rel nofollow sponsored
https://www.carltravels.com/balitravelguide.html,balitravelguide.html,690,Saily eSIM,👉 Activate your eSIM now,https://go.saily.site/aff_c?offer_id=101&aff_id=12234,403,https://saily.com/special/?utm_source=12234&utm_medium=affiliate&utm_campaign=101&aff_transaction_id=102671cde85b9dc60aa1208c946ed9&aff_sub=&aff_offer_id=101&aff_id=12234&url={url}&utm_content=&params[ho_asub1]=,yes,no,yes,no,no,not working or blocked; missing CARLRI5370; old Saily affiliate URL format; missing rel nofollow sponsored
https://www.carltravels.com/becomingadigitalnomad.html,becomingadigitalnomad.html,443,Saily eSIM,👉 Activate your eSIM now,https://go.saily.site/aff_c?offer_id=101&aff_id=12234,403,https://saily.com/special/?utm_source=12234&utm_medium=affiliate&utm_campaign=101&aff_transaction_id=102671cde85b9dc60aa1208c946ed9&aff_sub=&aff_offer_id=101&aff_id=12234&url={url}&utm_content=&params[ho_asub1]=,yes,no,yes,no,no,not working or blocked; missing CARLRI5370; old Saily affiliate URL format; missing rel nofollow sponsored
https://www.carltravels.com/beginners-guide-davinci-resolve-2025.html,beginners-guide-davinci-resolve-2025.html,433,Amazon Associates,DJI Flip,https://amzn.to/45iZULT,200,"https://www.amazon.com.au/DJI-Controller-Takeoff-Intelligent-Batteries/dp/B0DJ1FKDGP?crid=2R4BEGV4GCOVO&dib=eyJ2IjoiMSJ9.B3ZGiV_NB4CWvaKZC46HHhqNPIONGEffr9hyQ7doXp3AXko2J8XgtkAXDGsuiEAotNNI2PbCB1AYBnn8BEqRKQmDgWoDst39DJE8gasnXCLc-jUhcRDkTU-kNRFzDwVNjg3G3I5emTMygueqNFSxWtlrc8daGW3mi4t632aghZDCMYSRFrI9w-WsipGgN-AlFd9MHv5fvM5SOZdJ3ZRc3S6dP5ZdvaJbD8dpLuwD9xBibVGNVEA8sqdNPUGc1-QA6emRyHoQcDY9W1wK8g5M_GK-2rSHwY-u6nRI0GtXeD4.0l6QuT-oAkSZ2X00AMSTCdok07QQfjyAKzBb_DdWawE&dib_tag=se&keywords=dji%2Bflip&qid=1755253304&sprefix=dji%2B,aps,500&sr=8-1&th=1&linkCode=sl1&tag=sonymoviemast-22&linkId=3f5281eb31b07e511b695e37c70531d8&language=en_AU&ref_=as_li_ss_tl",yes,n/a,yes,no,no,missing rel nofollow sponsored
https://www.carltravels.com/beginners-guide-davinci-resolve-2025.html,beginners-guide-davinci-resolve-2025.html,434,Amazon Associates,Sony A7C II,https://amzn.to/4mHhQ8H,200,"https://www.amazon.com.au/Alpha-Full-Frame-Interchangeable-Lens-Camera/dp/B0CGTTVYGM?crid=3UFGY3ITUFRIG&dib=eyJ2IjoiMSJ9.ev7c1E-3pbpbmadeh7VdWFcGksbpaD0LcfMpyGiafmIkmo2jGBt5M2E9J5fx_zQvYoa9cwkYx9Ms4314aD_KvlRP7kN7v44y5OVvwCe0hrwu3EmNb_ynMVmokWAEqEhATekuA2inkDK21iarXslKa-cwhVZmzX5YQxtcRmGKFeR772jpYj3HTrPbeI3ZQ4U9pdrLR2LEwE7JqN1U8Zd-BBT_0SJG6AhX8DL4MXBQZGSJ8ZS-_aLCTtitWZHc2pdFMTaRj76KAi4xLj1fzwW26k4n3Tyl4DcnDLsPS0O6csE.M7nmeQ9rGw5lWrk0OStz3sFcXb6hUUBIYxuSm25RGtM&dib_tag=se&keywords=Sony%2BA7CII&qid=1755253330&sprefix=sony%2Ba7ci,aps,339&sr=8-2&th=1&linkCode=sl1&tag=carltomich-22&linkId=e268d46ab451781fa56ff54460f43b36&language=en_AU&ref_=as_li_ss_tl",yes,n/a,yes,no,no,missing rel nofollow sponsored
https://www.carltravels.com/beginners-guide-davinci-resolve-2025.html,beginners-guide-davinci-resolve-2025.html,435,Amazon Associates,DJI Pocket 3 (Creator Combo),https://amzn.to/4miS3UJ,200,"https://www.amazon.com.au/DJI-Vlogging-Stabilization-Tracking-Photography/dp/B0CG19FGQ5?crid=1G6X1VC3KQ5EX&dib=eyJ2IjoiMSJ9.OLzTlYtdM2w0TP6xjlSDCa_ccSbGz-LuIU4RgcQOCNGa_FFl2x1iOz2JX6S15ZXETql3rFDOM9ga-vhK36LgBaVMgdsL9DjJ1rGI703o8l2CU7qjqJgJrjk4bbf-Ae7lDW2VKJCOIhx3uSDXuParcMtR2mX2C58Se55j-iXTxZtUyCT_KpmGnxAiC29MDSrLM27fcIM9hNcLt9qfKC4X0H4XYBQK9QDfGIOYCCdiD5lduJ45hKRSb_vcDqRsfUclWisMqQvRUilvFcJNunY7PQEwXIkjphgmLW2BdwCZLnw.kXFrNmjSvoqF8aSCDLEiVO6jy41xldw8QKHmK03PQpg&dib_tag=se&keywords=DJI%2Bpocket%2B3&qid=1755253366&sprefix=dji%2Bpocket%2B34,aps,341&sr=8-5&th=1&linkCode=sl1&tag=carltomich-22&linkId=f574fc6c948e413d7828caf3917f88c7&language=en_AU&ref_=as_li_ss_tl",yes,n/a,yes,no,no,missing rel nofollow sponsored
https://www.carltravels.com/beginners-guide-davinci-resolve-2025.html,beginners-guide-davinci-resolve-2025.html,436,Amazon Associates,Tamron 28–200mm,https://amzn.to/4lvd1hI,200,"https://www.amazon.com.au/Tamron-28-200-2-8-5-6-Mirrorless-Mount/dp/B08B34HWKV?crid=1QEN08AGHDA5P&dib=eyJ2IjoiMSJ9.F-1xObnXZ1qvBYq3zqlPY-NONJhLnpZLBqOzJ3HO5tTaMoqBS6y-yCzp9X2gf74AvY9AfeP0NaxoH7DZ9-baBGYipuEDZdeZDPhnjFQLAPKtme5_4_FG3s6XXvOiBciFRCc2uuwqEeNlASTcgcCCZMSMFQeah9VIUe8nfvKw3waCva02_S3xX9d-JyGDBuG_e3MirkHsz23lqve2L2QVLMa5j0OVts-mmsfQ8VCk2Mk21ZgO9UeZSpWiqPf46ib3p97ybHMdj-mSwAvwDGZsUplC0W8j79hDLbEyt4rRRsc.RD-ZusuknzzNJEQwUdBnNUgT4NbgXfMrZD-cLbs7Izg&dib_tag=se&keywords=tamron%2B24-150mm%2Bsony&qid=1755253413&sprefix=tamron%2B24-150mm%2Bson,aps,332&sr=8-8&th=1&linkCode=sl1&tag=carltomich-22&linkId=369f0dc13ba29944c2261e58637d5916&language=en_AU&ref_=as_li_ss_tl",yes,n/a,yes,no,no,missing rel nofollow sponsored
https://www.carltravels.com/beginners-guide-davinci-resolve-2025.html,beginners-guide-davinci-resolve-2025.html,437,Amazon Associates,RØDE Wireless PRO,https://amzn.to/4oHMXTy,200,"https://www.amazon.com.au/R%C3%98DE-Microphone-Recording-Microphones-Filmmaking/dp/B0CB2HGR9Q?crid=EGFFU6UZWCLT&dib=eyJ2IjoiMSJ9.DGm925iQklRK-0FmBcE9db-XNNBHUbEQUmSpGwxYevTWsXHx1AB2Ujp56lEEJfYAXcz8f7ItdheKMJJEt3fbcFJwLM0qbJZFbyXmeGeum-sa0VEabMsoDLY8CTncKG_wcQknrVxzofZHSnY2hjgptBqrzbKBtON6CpGKjvZLWJbF12me_IIzxbcIdQ8xyAiv4MZEEmpSth_cBUSNn31q0t3k7bBm6YhlZLAdCOz86vQKfMf3dxTZHnqFsWMWlUF7v0fy7dJRty-80-hdaPlVDfUAYTPOMRmPYrwuoDhkGHE.Jyv_XTXDBOYqJ4Rg5nZ0RKMDurBNR5Nag68iZPXdLmc&dib_tag=se&keywords=rode%2Bwireless%2Bpro&qid=1755253496&sprefix=Rode%2Bwirle,aps,388&sr=8-3&th=1&linkCode=sl1&tag=carltomich-22&linkId=c45e7c55dd1516f0f8708eea1e3df28d&language=en_AU&ref_=as_li_ss_tl",yes,n/a,yes,no,no,missing rel nofollow sponsored
https://www.carltravels.com/beginners-guide-davinci-resolve-2025.html,beginners-guide-davinci-resolve-2025.html,438,Amazon Associates,Thinktank Travel Commuter backpack,https://amzn.to/467fEAU,200,"https://www.amazon.com/Think-Tank-Airport-Commuter-Backpack/dp/B0083GQI5Y?crid=2DUIR27E54VFF&dib=eyJ2IjoiMSJ9.9XG5TZXY0VQe_JM4tf_rYqZTZVCpD3yhgWrqqRz7QRe2p5T785DRre0iq_knj0lCgwWu61gX6gQhU1gnkpa0Oy5NL2IJTmQqwU2OgKZOy7CJNXpEWJDXjz5XMOXhk-qfM1nF08sucPDsn0dmURafC38s2OcI8cViV1Q67OF01Sr2OmjeufUSQg0GHKX3twaAL-kI-4oLThlIo3FD4R9r9a-4ZQqUBJQ7iiDS97TIM2g.yGwuqwlPiTaZdkN4hPtMx2ru_ylVkLWkPPgvjFU3Vo4&dib_tag=se&keywords=thinktank+travel+backpack&qid=1757035483&sprefix=thinktank+travel+backpac,aps,316&sr=8-3&linkCode=sl1&tag=carltomichtec-20&linkId=5a1043bdd87861e72327b4d1be2226de&language=en_US&ref_=as_li_ss_tl",yes,n/a,yes,no,no,missing rel nofollow sponsored
https://www.carltravels.com/beginners-guide-davinci-resolve-2025.html,beginners-guide-davinci-resolve-2025.html,446,Amazon Associates,DJI Flip,https://amzn.to/41zmAVV,200,"https://www.amazon.com.au/DJI-Controller-Takeoff-Intelligent-Batteries/dp/B0DJ1FKDGP?crid=27CLM6RRHHRB4&dib=eyJ2IjoiMSJ9.xHJwj2C5oeF6OHTI195Mdn3sPKEY3lQQtbR1Ffinq4nZrf0vJkhLIitjW3VBJOJxwyVeE4yQAuXGFbWTEwFrlWWsax_d6SMbu6MShKn__FMm0mh-GoBsHRxdET8U2ZnqpxXklLfQqiThEX0uRx_FzYCEWuAVyvXSelhqtv3be5YD_EsWRzMIULJGPJlSUrdUmmEa5c91FR8syo0ZeIfK0g6nYhVRBSfryUO8DyP7t9w0yINa3lmqQbKaTVkAljF0zY95g7ligNcgPIUNDRqXXx8IdElfmIcz-LTDbcXZCVY.BHpsQw5p_iwN_R_6cb79XAe-ZNr3mHBd-DXY4w99rs8&dib_tag=se&keywords=dji%2Bflip&qid=1757034937&sprefix=dji%2Bflip,aps,261&sr=8-1&th=1&linkCode=sl1&tag=carltomich-22&linkId=086f0f4dda5311ea4c0fa2a020c7fc62&language=en_AU&ref_=as_li_ss_tl",yes,n/a,yes,no,no,missing rel nofollow sponsored
https://www.carltravels.com/beginners-guide-davinci-resolve-2025.html,beginners-guide-davinci-resolve-2025.html,447,Amazon Associates,Sony A7C II,https://amzn.to/45Qk2Fw,200,"https://www.amazon.com.au/Sony-Alpha-System-Camera-28-60mm/dp/B0CGFBMNDH?crid=Y4V8WSCJABT6&dib=eyJ2IjoiMSJ9.ev7c1E-3pbpbmadeh7VdWGGGwBPVPgenkV33RBsEipu2uXVpDOT-4N719LE8z5ZZkuiatxECfZOdzpPy6zsWyTaCC9-YjTsjmmcZSgzVbtIhv6nwiqrhip-8XLyFVM8TJI0S9CtfzEuF20mZcy_wovPC1FlRfSxCGu-1DiuOJ6Z2es25G9g5miw4rVwdl2YcxPhn0n3sJchrolpd3esOjIp0QaLGvz7n3uFMc-O48l4pYSj__YDttER8crkPx69f7mSxS8ujQijijWSjmj4h9XUlNdHSaq2KQBm7l6vTkyg.johmDKkudmYJ6Vp3A83ZS0WmLiuItffyIHcQrNpcTpM&dib_tag=se&keywords=sony%2Ba7cii&qid=1757035042&sprefix=sony%2Ba7cii,aps,242&sr=8-7&th=1&linkCode=sl1&tag=carltomich-22&linkId=e6839e00766785a47c09e7449989c441&language=en_AU&ref_=as_li_ss_tl",yes,n/a,yes,no,no,missing rel nofollow sponsored
https://www.carltravels.com/beginners-guide-davinci-resolve-2025.html,beginners-guide-davinci-resolve-2025.html,448,Amazon Associates,DJI Osmo Pocket 3,https://amzn.to/4gaYLJZ,200,"https://www.amazon.com.au/DJI-Stabilization-Rotatable-Touchscreen-Photography/dp/B0CG19QXWD?crid=3SHCFANSRK2GV&dib=eyJ2IjoiMSJ9.hn-IKcsoi27x5Xtepf1O0xSEJ-Xc0yIsZ5hiLNsRo0_pnL0HwMARDMaGpGot5vRUIoisskZuJLNO1vrHcsMAQPRIRCdFRvFwlfyVPydN5FfkKgbYw0s29BMkgJiljvn0_ugxYU6JZ9cLZJ8Oj30vFVBWWAWBuepYqTkzRyVqmr2ii2X5OCrM6ae484zpYvqQCRiXcJMt0dgPItUfZ0RL6z-y7KTTesad4agjzTRTAcf1lSsm2yEzEH72afh7B2OEGD2c87RWuC02g7fgtlSVS8E50gbD3A0TmSTnzJ8VLKQ.Bx4cRITeVOMwGs0D0DKW1fgGx14CLCMyLTVRjMuItUs&dib_tag=se&keywords=dji%2Bosmo%2Bpocket%2B3&qid=1757035105&sprefix=DJI,aps,491&sr=8-5&th=1&linkCode=sl1&tag=carltomich-22&linkId=6c45d0909c1797b83d49c364f2b311b2&language=en_AU&ref_=as_li_ss_tl",yes,n/a,yes,no,no,missing rel nofollow sponsored
https://www.carltravels.com/beginners-guide-davinci-resolve-2025.html,beginners-guide-davinci-resolve-2025.html,449,Amazon Associates,Tamron 24–200mm (Sony),https://amzn.to/4n73D5P,200,"https://www.amazon.com.au/Tamron-28-200-2-8-5-6-Mirrorless-Mount/dp/B08B34HWKV?crid=2KXUS0I4U82EM&dib=eyJ2IjoiMSJ9.CirVtLEYR7BE9okHzn54invQLY0R2IpCxFbXtvO1NnS3N7bkvewO8f1Yq8HoRp8by7g8fCAGFxwZReQZiHGIleWQhBiyxX6NqLuWc2JcY0SatfWtItHN56up3Chh0D8MWnZx1sZMHuhw7JMF1wW-t-_JV04YdmuFHxRHCAkZE68WtA-D3L-Dzu4PGUjAvPjTp5SldK7-BzyvSBMXmLxJIRehuwg0-GotkfHE9WlIC_4H_U3a4PyQdb9pUPOs3wgOSlpAZtRp5xUnt9EVdnDOoa8N5AFkcblsba8g9gFHmgg.ywMyfDborErcaHwGfqjwuU9BKivzUuvVcowT6gYYSgc&dib_tag=se&keywords=Tamron%2B28%E2%80%93200mm%2B(Full-Frame)&qid=1757035157&sprefix=tamron%2B28%2B200mm%2Bfull-frame%2B,aps,322&sr=8-1&th=1&linkCode=sl1&tag=carltomich-22&linkId=48c5cc0e9d510609bb5d001f6a9afffc&language=en_AU&ref_=as_li_ss_tl",yes,n/a,yes,no,no,missing rel nofollow sponsored
https://www.carltravels.com/beginners-guide-davinci-resolve-2025.html,beginners-guide-davinci-resolve-2025.html,450,Amazon Associates,RØDE Wireless PRO,https://amzn.to/46kv8CG,200,"https://www.amazon.com.au/R%C3%98DE-Microphone-Recording-Microphones-Filmmaking/dp/B0CB2HGR9Q?crid=2CDBT69BZHLYA&dib=eyJ2IjoiMSJ9.Fwy-kxiSUMPxfuFncUDsU_A5ghupefIniz-REQnE6cTWsXHx1AB2Ujp56lEEJfYAXcz8f7ItdheKMJJEt3fbcDMaXA9z2vvl2SUhzXgbV4Ukq3M5KEeOMdSPoj2cooPZeZPhHMSlekWnOVWq4c0QaOzHxx6P7Hyvkb1eAIDVxOLyj1OA_3uyhvfsRMAssRUi_DZnq7KAobBNLtcDs2i8qN-URdgmgdbkNRbQvdaF9rucUW2oiHlnh0JMDv_DLbLkroYoa-fywaWO7QG159ijgMSHpfo0uXgaCvS9UJEj_s0.c_FuiqtAbfwdPKd4F4lJZzRIPwBnxfR6xx2cadHO14I&dib_tag=se&keywords=rode%2Bwireless%2Bpro&qid=1757035251&sprefix=rode%2Bw,aps,347&sr=8-5&th=1&linkCode=sl1&tag=carltomich-22&linkId=5c5361991d8e56b532939c61e269e8be&language=en_AU&ref_=as_li_ss_tl",yes,n/a,yes,no,no,missing rel nofollow sponsored
https://www.carltravels.com/beginners-guide-davinci-resolve-2025.html,beginners-guide-davinci-resolve-2025.html,451,Amazon Associates,Thinktank Travel Commuter backpack,https://amzn.to/3I5mApV,200,"https://www.amazon.com.au/Think-Photo-Airport-Commuter-Backpack/dp/B0083GQI5Y?crid=C0BCCANHIF1P&dib=eyJ2IjoiMSJ9.FP6oWa3JfVz8mPQHHtuj2j56z3fDBCwLggHr6aC_VQkOVxUS8E-jSv8mMw2xvwAwKKp3yS3EAZDahiqzg1lUnJ4OI4bd4xC6w4ixKLoGdQQzlllNF5w7ZnNwMLs2cJUeG6JrDAmhFlIOVrQUbQfDbizfr5yKJOBszOQia6SfusuS4weSmOcfJvJKrX1mPtUZWqSiIfvSDzHdKlE3g8kCUmOJ15MWf_Y1bSIbO8NTex-o5CV-I2CF9MLgeMPW8TqjqtcJhcqbNXq4StxmCGriYFO89wZjALKw2reJs6HtCIw.qhwKjNiiihdX328DrvLyHXcJLf0AWPHeRP_c-KJrh90&dib_tag=se&keywords=thinktank%2Btravel%2Bcommuter&qid=1757035351&sprefix=thinktank%2Btravel%2Bcommuter,aps,269&sr=8-4&th=1&psc=1&linkCode=sl1&tag=carltomich-22&linkId=500149597f5ad39a813be7771a3c54f0&language=en_AU&ref_=as_li_ss_tl",yes,n/a,yes,no,no,missing rel nofollow sponsored
https://www.carltravels.com/beginners-guide-davinci-resolve-2025.html,beginners-guide-davinci-resolve-2025.html,504,Saily eSIM,👉 Activate your eSIM now,https://go.saily.site/aff_c?offer_id=101&aff_id=12234,403,https://saily.com/special/?utm_source=12234&utm_medium=affiliate&utm_campaign=101&aff_transaction_id=102671cde85b9dc60aa1208c946ed9&aff_sub=&aff_offer_id=101&aff_id=12234&url={url}&utm_content=&params[ho_asub1]=,yes,no,yes,no,no,not working or blocked; missing CARLRI5370; old Saily affiliate URL format; missing rel nofollow sponsored
https://www.carltravels.com/best-cafes-in-tay-ho-for-digital-nomads.html,best-cafes-in-tay-ho-for-digital-nomads.html,296,Other tracked outbound,Open in Google Maps,https://maps.google.com/?q=Hanoi+Cider+House+Tay+Ho,200,https://www.google.com/maps?q=Hanoi+Cider+House+Tay+Ho,yes,n/a,yes,no,no,missing rel nofollow sponsored
https://www.carltravels.com/best-cafes-in-tay-ho-for-digital-nomads.html,best-cafes-in-tay-ho-for-digital-nomads.html,435,Saily eSIM,👉 Activate your eSIM now,https://go.saily.site/aff_c?offer_id=101&aff_id=12234,403,https://saily.com/special/?utm_source=12234&utm_medium=affiliate&utm_campaign=101&aff_transaction_id=102671cde85b9dc60aa1208c946ed9&aff_sub=&aff_offer_id=101&aff_id=12234&url={url}&utm_content=&params[ho_asub1]=,yes,no,yes,no,no,not working or blocked; missing CARLRI5370; old Saily affiliate URL format; missing rel nofollow sponsored
https://www.carltravels.com/blog/horse-riding-near-hanoi-countryside-experience.html,blog/horse-riding-near-hanoi-countryside-experience.html,342,Saily eSIM,👉 Activate your eSIM now,https://go.saily.site/aff_c?offer_id=101&aff_id=12234,403,https://saily.com/special/?utm_source=12234&utm_medium=affiliate&utm_campaign=101&aff_transaction_id=102671cde85b9dc60aa1208c946ed9&aff_sub=&aff_offer_id=101&aff_id=12234&url={url}&utm_content=&params[ho_asub1]=,yes,no,yes,no,no,not working or blocked; missing CARLRI5370; old Saily affiliate URL format; missing rel nofollow sponsored
https://www.carltravels.com/blog/where-to-train-karate-in-okinawa.html,blog/where-to-train-karate-in-okinawa.html,352,Saily eSIM,👉 Activate your eSIM now,https://go.saily.site/aff_c?offer_id=101&aff_id=12234,403,https://saily.com/special/?utm_source=12234&utm_medium=affiliate&utm_campaign=101&aff_transaction_id=102671cde85b9dc60aa1208c946ed9&aff_sub=&aff_offer_id=101&aff_id=12234&url={url}&utm_content=&params[ho_asub1]=,yes,no,yes,no,no,not working or blocked; missing CARLRI5370; old Saily affiliate URL format; missing rel nofollow sponsored
https://www.carltravels.com/blog.html,blog.html,1064,Yesim eSIM,Read the full guide,https://www.carltravels.com/yesim-guide.html,200,https://www.carltravels.com/yesim-guide.html,no,n/a,no,no,no,missing tracking; missing target=_blank; missing rel nofollow sponsored
https://www.carltravels.com/blog.html,blog.html,1459,Wise,Sign up here,https://wise.com/invite/irhc/carlt62,200,https://wise.com/invite/irhc/carlt62,yes,n/a,no,no,no,missing target=_blank; missing rel nofollow sponsored
https://www.carltravels.com/blog.html,blog.html,1467,Dehancer,dehancer.com/subscribe,https://www.dehancer.com/pricing/monthly,200,https://www.dehancer.com/pricing/monthly,no,n/a,no,no,no,missing tracking; missing target=_blank; missing rel nofollow sponsored
https://www.carltravels.com/blog.html,blog.html,1477,Amazon Associates,DJI Flip,https://amzn.to/45iZULT,200,"https://www.amazon.com.au/DJI-Controller-Takeoff-Intelligent-Batteries/dp/B0DJ1FKDGP?crid=2R4BEGV4GCOVO&dib=eyJ2IjoiMSJ9.B3ZGiV_NB4CWvaKZC46HHhqNPIONGEffr9hyQ7doXp3AXko2J8XgtkAXDGsuiEAotNNI2PbCB1AYBnn8BEqRKQmDgWoDst39DJE8gasnXCLc-jUhcRDkTU-kNRFzDwVNjg3G3I5emTMygueqNFSxWtlrc8daGW3mi4t632aghZDCMYSRFrI9w-WsipGgN-AlFd9MHv5fvM5SOZdJ3ZRc3S6dP5ZdvaJbD8dpLuwD9xBibVGNVEA8sqdNPUGc1-QA6emRyHoQcDY9W1wK8g5M_GK-2rSHwY-u6nRI0GtXeD4.0l6QuT-oAkSZ2X00AMSTCdok07QQfjyAKzBb_DdWawE&dib_tag=se&keywords=dji%2Bflip&qid=1755253304&sprefix=dji%2B,aps,500&sr=8-1&th=1&linkCode=sl1&tag=sonymoviemast-22&linkId=3f5281eb31b07e511b695e37c70531d8&language=en_AU&ref_=as_li_ss_tl",yes,n/a,no,no,no,missing target=_blank; missing rel nofollow sponsored
https://www.carltravels.com/blog.html,blog.html,1479,Amazon Associates,Sony A7C II,https://amzn.to/4mHhQ8H,200,"https://www.amazon.com.au/Alpha-Full-Frame-Interchangeable-Lens-Camera/dp/B0CGTTVYGM?crid=3UFGY3ITUFRIG&dib=eyJ2IjoiMSJ9.ev7c1E-3pbpbmadeh7VdWFcGksbpaD0LcfMpyGiafmIkmo2jGBt5M2E9J5fx_zQvYoa9cwkYx9Ms4314aD_KvlRP7kN7v44y5OVvwCe0hrwu3EmNb_ynMVmokWAEqEhATekuA2inkDK21iarXslKa-cwhVZmzX5YQxtcRmGKFeR772jpYj3HTrPbeI3ZQ4U9pdrLR2LEwE7JqN1U8Zd-BBT_0SJG6AhX8DL4MXBQZGSJ8ZS-_aLCTtitWZHc2pdFMTaRj76KAi4xLj1fzwW26k4n3Tyl4DcnDLsPS0O6csE.M7nmeQ9rGw5lWrk0OStz3sFcXb6hUUBIYxuSm25RGtM&dib_tag=se&keywords=Sony%2BA7CII&qid=1755253330&sprefix=sony%2Ba7ci,aps,339&sr=8-2&th=1&linkCode=sl1&tag=carltomich-22&linkId=e268d46ab451781fa56ff54460f43b36&language=en_AU&ref_=as_li_ss_tl",yes,n/a,no,no,no,missing target=_blank; missing rel nofollow sponsored
https://www.carltravels.com/blog.html,blog.html,1481,Amazon Associates,DJI Pocket 3,https://amzn.to/4miS3UJ,200,"https://www.amazon.com.au/DJI-Vlogging-Stabilization-Tracking-Photography/dp/B0CG19FGQ5?crid=1G6X1VC3KQ5EX&dib=eyJ2IjoiMSJ9.OLzTlYtdM2w0TP6xjlSDCa_ccSbGz-LuIU4RgcQOCNGa_FFl2x1iOz2JX6S15ZXETql3rFDOM9ga-vhK36LgBaVMgdsL9DjJ1rGI703o8l2CU7qjqJgJrjk4bbf-Ae7lDW2VKJCOIhx3uSDXuParcMtR2mX2C58Se55j-iXTxZtUyCT_KpmGnxAiC29MDSrLM27fcIM9hNcLt9qfKC4X0H4XYBQK9QDfGIOYCCdiD5lduJ45hKRSb_vcDqRsfUclWisMqQvRUilvFcJNunY7PQEwXIkjphgmLW2BdwCZLnw.kXFrNmjSvoqF8aSCDLEiVO6jy41xldw8QKHmK03PQpg&dib_tag=se&keywords=DJI%2Bpocket%2B3&qid=1755253366&sprefix=dji%2Bpocket%2B34,aps,341&sr=8-5&th=1&linkCode=sl1&tag=carltomich-22&linkId=f574fc6c948e413d7828caf3917f88c7&language=en_AU&ref_=as_li_ss_tl",yes,n/a,no,no,no,missing target=_blank; missing rel nofollow sponsored
https://www.carltravels.com/blog.html,blog.html,1483,Amazon Associates,Tamron 28–200,https://amzn.to/4lvd1hI,200,"https://www.amazon.com.au/Tamron-28-200-2-8-5-6-Mirrorless-Mount/dp/B08B34HWKV?crid=1QEN08AGHDA5P&dib=eyJ2IjoiMSJ9.F-1xObnXZ1qvBYq3zqlPY-NONJhLnpZLBqOzJ3HO5tTaMoqBS6y-yCzp9X2gf74AvY9AfeP0NaxoH7DZ9-baBGYipuEDZdeZDPhnjFQLAPKtme5_4_FG3s6XXvOiBciFRCc2uuwqEeNlASTcgcCCZMSMFQeah9VIUe8nfvKw3waCva02_S3xX9d-JyGDBuG_e3MirkHsz23lqve2L2QVLMa5j0OVts-mmsfQ8VCk2Mk21ZgO9UeZSpWiqPf46ib3p97ybHMdj-mSwAvwDGZsUplC0W8j79hDLbEyt4rRRsc.RD-ZusuknzzNJEQwUdBnNUgT4NbgXfMrZD-cLbs7Izg&dib_tag=se&keywords=tamron%2B24-150mm%2Bsony&qid=1755253413&sprefix=tamron%2B24-150mm%2Bson,aps,332&sr=8-8&th=1&linkCode=sl1&tag=carltomich-22&linkId=369f0dc13ba29944c2261e58637d5916&language=en_AU&ref_=as_li_ss_tl",yes,n/a,no,no,no,missing target=_blank; missing rel nofollow sponsored
https://www.carltravels.com/blog.html,blog.html,1485,Amazon Associates,RØDE Wireless PRO,https://amzn.to/4oHMXTy,200,"https://www.amazon.com.au/R%C3%98DE-Microphone-Recording-Microphones-Filmmaking/dp/B0CB2HGR9Q?crid=EGFFU6UZWCLT&dib=eyJ2IjoiMSJ9.DGm925iQklRK-0FmBcE9db-XNNBHUbEQUmSpGwxYevTWsXHx1AB2Ujp56lEEJfYAXcz8f7ItdheKMJJEt3fbcFJwLM0qbJZFbyXmeGeum-sa0VEabMsoDLY8CTncKG_wcQknrVxzofZHSnY2hjgptBqrzbKBtON6CpGKjvZLWJbF12me_IIzxbcIdQ8xyAiv4MZEEmpSth_cBUSNn31q0t3k7bBm6YhlZLAdCOz86vQKfMf3dxTZHnqFsWMWlUF7v0fy7dJRty-80-hdaPlVDfUAYTPOMRmPYrwuoDhkGHE.Jyv_XTXDBOYqJ4Rg5nZ0RKMDurBNR5Nag68iZPXdLmc&dib_tag=se&keywords=rode%2Bwireless%2Bpro&qid=1755253496&sprefix=Rode%2Bwirle,aps,388&sr=8-3&th=1&linkCode=sl1&tag=carltomich-22&linkId=c45e7c55dd1516f0f8708eea1e3df28d&language=en_AU&ref_=as_li_ss_tl",yes,n/a,no,no,no,missing target=_blank; missing rel nofollow sponsored
https://www.carltravels.com/blog.html,blog.html,1487,Amazon Associates,Think Tank Backpack,https://amzn.to/467fEAU,200,"https://www.amazon.com/Think-Tank-Airport-Commuter-Backpack/dp/B0083GQI5Y?crid=2DUIR27E54VFF&dib=eyJ2IjoiMSJ9.9XG5TZXY0VQe_JM4tf_rYqZTZVCpD3yhgWrqqRz7QRe2p5T785DRre0iq_knj0lCgwWu61gX6gQhU1gnkpa0Oy5NL2IJTmQqwU2OgKZOy7CJNXpEWJDXjz5XMOXhk-qfM1nF08sucPDsn0dmURafC38s2OcI8cViV1Q67OF01Sr2OmjeufUSQg0GHKX3twaAL-kI-4oLThlIo3FD4R9r9a-4ZQqUBJQ7iiDS97TIM2g.yGwuqwlPiTaZdkN4hPtMx2ru_ylVkLWkPPgvjFU3Vo4&dib_tag=se&keywords=thinktank+travel+backpack&qid=1757035483&sprefix=thinktank+travel+backpac,aps,316&sr=8-3&linkCode=sl1&tag=carltomichtec-20&linkId=5a1043bdd87861e72327b4d1be2226de&language=en_US&ref_=as_li_ss_tl",yes,n/a,no,no,no,missing target=_blank; missing rel nofollow sponsored
https://www.carltravels.com/blog.html,blog.html,1494,Amazon Associates,DJI Flip,https://amzn.to/41zmAVV,200,"https://www.amazon.com.au/DJI-Controller-Takeoff-Intelligent-Batteries/dp/B0DJ1FKDGP?crid=27CLM6RRHHRB4&dib=eyJ2IjoiMSJ9.xHJwj2C5oeF6OHTI195Mdn3sPKEY3lQQtbR1Ffinq4nZrf0vJkhLIitjW3VBJOJxwyVeE4yQAuXGFbWTEwFrlWWsax_d6SMbu6MShKn__FMm0mh-GoBsHRxdET8U2ZnqpxXklLfQqiThEX0uRx_FzYCEWuAVyvXSelhqtv3be5YD_EsWRzMIULJGPJlSUrdUmmEa5c91FR8syo0ZeIfK0g6nYhVRBSfryUO8DyP7t9w0yINa3lmqQbKaTVkAljF0zY95g7ligNcgPIUNDRqXXx8IdElfmIcz-LTDbcXZCVY.BHpsQw5p_iwN_R_6cb79XAe-ZNr3mHBd-DXY4w99rs8&dib_tag=se&keywords=dji%2Bflip&qid=1757034937&sprefix=dji%2Bflip,aps,261&sr=8-1&th=1&linkCode=sl1&tag=carltomich-22&linkId=086f0f4dda5311ea4c0fa2a020c7fc62&language=en_AU&ref_=as_li_ss_tl",yes,n/a,no,no,no,missing target=_blank; missing rel nofollow sponsored
https://www.carltravels.com/blog.html,blog.html,1496,Amazon Associates,Sony A7C II,https://amzn.to/45Qk2Fw,200,"https://www.amazon.com.au/Sony-Alpha-System-Camera-28-60mm/dp/B0CGFBMNDH?crid=Y4V8WSCJABT6&dib=eyJ2IjoiMSJ9.ev7c1E-3pbpbmadeh7VdWGGGwBPVPgenkV33RBsEipu2uXVpDOT-4N719LE8z5ZZkuiatxECfZOdzpPy6zsWyTaCC9-YjTsjmmcZSgzVbtIhv6nwiqrhip-8XLyFVM8TJI0S9CtfzEuF20mZcy_wovPC1FlRfSxCGu-1DiuOJ6Z2es25G9g5miw4rVwdl2YcxPhn0n3sJchrolpd3esOjIp0QaLGvz7n3uFMc-O48l4pYSj__YDttER8crkPx69f7mSxS8ujQijijWSjmj4h9XUlNdHSaq2KQBm7l6vTkyg.johmDKkudmYJ6Vp3A83ZS0WmLiuItffyIHcQrNpcTpM&dib_tag=se&keywords=sony%2Ba7cii&qid=1757035042&sprefix=sony%2Ba7cii,aps,242&sr=8-7&th=1&linkCode=sl1&tag=carltomich-22&linkId=e6839e00766785a47c09e7449989c441&language=en_AU&ref_=as_li_ss_tl",yes,n/a,no,no,no,missing target=_blank; missing rel nofollow sponsored
https://www.carltravels.com/blog.html,blog.html,1498,Amazon Associates,DJI Osmo Pocket 3,https://amzn.to/4gaYLJZ,200,"https://www.amazon.com.au/DJI-Stabilization-Rotatable-Touchscreen-Photography/dp/B0CG19QXWD?crid=3SHCFANSRK2GV&dib=eyJ2IjoiMSJ9.hn-IKcsoi27x5Xtepf1O0xSEJ-Xc0yIsZ5hiLNsRo0_pnL0HwMARDMaGpGot5vRUIoisskZuJLNO1vrHcsMAQPRIRCdFRvFwlfyVPydN5FfkKgbYw0s29BMkgJiljvn0_ugxYU6JZ9cLZJ8Oj30vFVBWWAWBuepYqTkzRyVqmr2ii2X5OCrM6ae484zpYvqQCRiXcJMt0dgPItUfZ0RL6z-y7KTTesad4agjzTRTAcf1lSsm2yEzEH72afh7B2OEGD2c87RWuC02g7fgtlSVS8E50gbD3A0TmSTnzJ8VLKQ.Bx4cRITeVOMwGs0D0DKW1fgGx14CLCMyLTVRjMuItUs&dib_tag=se&keywords=dji%2Bosmo%2Bpocket%2B3&qid=1757035105&sprefix=DJI,aps,491&sr=8-5&th=1&linkCode=sl1&tag=carltomich-22&linkId=6c45d0909c1797b83d49c364f2b311b2&language=en_AU&ref_=as_li_ss_tl",yes,n/a,no,no,no,missing target=_blank; missing rel nofollow sponsored
https://www.carltravels.com/blog.html,blog.html,1500,Amazon Associates,Tamron 24–200,https://amzn.to/4n73D5P,200,"https://www.amazon.com.au/Tamron-28-200-2-8-5-6-Mirrorless-Mount/dp/B08B34HWKV?crid=2KXUS0I4U82EM&dib=eyJ2IjoiMSJ9.CirVtLEYR7BE9okHzn54invQLY0R2IpCxFbXtvO1NnS3N7bkvewO8f1Yq8HoRp8by7g8fCAGFxwZReQZiHGIleWQhBiyxX6NqLuWc2JcY0SatfWtItHN56up3Chh0D8MWnZx1sZMHuhw7JMF1wW-t-_JV04YdmuFHxRHCAkZE68WtA-D3L-Dzu4PGUjAvPjTp5SldK7-BzyvSBMXmLxJIRehuwg0-GotkfHE9WlIC_4H_U3a4PyQdb9pUPOs3wgOSlpAZtRp5xUnt9EVdnDOoa8N5AFkcblsba8g9gFHmgg.ywMyfDborErcaHwGfqjwuU9BKivzUuvVcowT6gYYSgc&dib_tag=se&keywords=Tamron%2B28%E2%80%93200mm%2B(Full-Frame)&qid=1757035157&sprefix=tamron%2B28%2B200mm%2Bfull-frame%2B,aps,322&sr=8-1&th=1&linkCode=sl1&tag=carltomich-22&linkId=48c5cc0e9d510609bb5d001f6a9afffc&language=en_AU&ref_=as_li_ss_tl",yes,n/a,no,no,no,missing target=_blank; missing rel nofollow sponsored
https://www.carltravels.com/blog.html,blog.html,1502,Amazon Associates,RØDE Wireless PRO,https://amzn.to/46kv8CG,200,"https://www.amazon.com.au/R%C3%98DE-Microphone-Recording-Microphones-Filmmaking/dp/B0CB2HGR9Q?crid=2CDBT69BZHLYA&dib=eyJ2IjoiMSJ9.Fwy-kxiSUMPxfuFncUDsU_A5ghupefIniz-REQnE6cTWsXHx1AB2Ujp56lEEJfYAXcz8f7ItdheKMJJEt3fbcDMaXA9z2vvl2SUhzXgbV4Ukq3M5KEeOMdSPoj2cooPZeZPhHMSlekWnOVWq4c0QaOzHxx6P7Hyvkb1eAIDVxOLyj1OA_3uyhvfsRMAssRUi_DZnq7KAobBNLtcDs2i8qN-URdgmgdbkNRbQvdaF9rucUW2oiHlnh0JMDv_DLbLkroYoa-fywaWO7QG159ijgMSHpfo0uXgaCvS9UJEj_s0.c_FuiqtAbfwdPKd4F4lJZzRIPwBnxfR6xx2cadHO14I&dib_tag=se&keywords=rode%2Bwireless%2Bpro&qid=1757035251&sprefix=rode%2Bw,aps,347&sr=8-5&th=1&linkCode=sl1&tag=carltomich-22&linkId=5c5361991d8e56b532939c61e269e8be&language=en_AU&ref_=as_li_ss_tl",yes,n/a,no,no,no,missing target=_blank; missing rel nofollow sponsored
https://www.carltravels.com/blog.html,blog.html,1504,Amazon Associates,Think Tank Backpack,https://amzn.to/3I5mApV,200,"https://www.amazon.com.au/Think-Photo-Airport-Commuter-Backpack/dp/B0083GQI5Y?crid=C0BCCANHIF1P&dib=eyJ2IjoiMSJ9.FP6oWa3JfVz8mPQHHtuj2j56z3fDBCwLggHr6aC_VQkOVxUS8E-jSv8mMw2xvwAwKKp3yS3EAZDahiqzg1lUnJ4OI4bd4xC6w4ixKLoGdQQzlllNF5w7ZnNwMLs2cJUeG6JrDAmhFlIOVrQUbQfDbizfr5yKJOBszOQia6SfusuS4weSmOcfJvJKrX1mPtUZWqSiIfvSDzHdKlE3g8kCUmOJ15MWf_Y1bSIbO8NTex-o5CV-I2CF9MLgeMPW8TqjqtcJhcqbNXq4StxmCGriYFO89wZjALKw2reJs6HtCIw.qhwKjNiiihdX328DrvLyHXcJLf0AWPHeRP_c-KJrh90&dib_tag=se&keywords=thinktank%2Btravel%2Bcommuter&qid=1757035351&sprefix=thinktank%2Btravel%2Bcommuter,aps,269&sr=8-4&th=1&psc=1&linkCode=sl1&tag=carltomich-22&linkId=500149597f5ad39a813be7771a3c54f0&language=en_AU&ref_=as_li_ss_tl",yes,n/a,no,no,no,missing target=_blank; missing rel nofollow sponsored
https://www.carltravels.com/bose-s1pro-plus-vs-everse8-the-best-portable-speaker.html,bose-s1pro-plus-vs-everse8-the-best-portable-speaker.html,471,Amazon Associates,Bose S1 Pro Plus,https://amzn.to/3EcRLNM,200,"https://www.amazon.com/Bose-Powered-Portable-Bluetooth-Wireless/dp/B0BZWT5FRR?crid=36K62NE3AOSU3&dib=eyJ2IjoiMSJ9.CWKILr-gz7sqiYEChmxNgXQdmo8t47Jqf7hIv4bYa7TrPXWtLNa8BjfZlKjZv0T7vvWEKl27iXG0ol2e_FXcUlpjchDFawfzgXRRKijp4M2203setBXMcww7P2kcBctnSwb1mMhk8g1c4DCmx9GwL8DKhi6TCEHpUfexs0sWXgZUKTuFiHomyjfuGZGWonlznjxf8nLCbEX3qg1Td9GzhNGv92K-4ub92-SuEqB9DRgY-Lihps4yh_zjR3NbIP4a1mofoSQCW53cwhHvCuXybEkj0tFPqpDlEGXzWhHGYftclPmF2HoTO8k7c0ySt1oc1G--f6_Fj14FeDreiw0tRrxditmiDG38aO86yLjrzbQnd7YryhMm7RztNf3eOhHHKzU-wKpFHn49vGZoNDARRmFxXhCJsqGr7n4fOMpvLPWudpHHZgn8hdgfA4iNq178.LRWT7O7g7W-f-CEtou9-z1rag8GN9hz6HP4O6CqZLbg&dib_tag=se&keywords=bose%2Bs1%2Bpro%2Bplus&qid=1738179955&sprefix=bose%2Bs1%2Bpro%2Bpl,aps,458&sr=8-1&th=1&linkCode=sl1&tag=carltomichtec-20&linkId=7a3a06839e7c8e35382581762bcd6f05&language=en_US&ref_=as_li_ss_tl",yes,n/a,no,no,no,missing target=_blank; missing rel nofollow sponsored
https://www.carltravels.com/bose-s1pro-plus-vs-everse8-the-best-portable-speaker.html,bose-s1pro-plus-vs-everse8-the-best-portable-speaker.html,472,Amazon Associates,Electro-Voice Everse 8,https://www.amazon.com/s?k=Electro-Voice+Everse+8,503,https://www.amazon.com/s?k=Electro-Voice+Everse+8,no,n/a,no,no,no,not working or blocked; missing tracking; missing target=_blank; missing rel nofollow sponsored
https://www.carltravels.com/bose-s1pro-plus-vs-everse8-the-best-portable-speaker.html,bose-s1pro-plus-vs-everse8-the-best-portable-speaker.html,473,Amazon Associates,Main Camera (Sony A7CII),https://amzn.to/4c41Mde,200,"https://www.amazon.com/Sony-Alpha-Full-Frame-Interchangeable-Camera/dp/B0CGTWZGWB?crid=3DUG7SYRD189G&dib=eyJ2IjoiMSJ9.ev7c1E-3pbpbmadeh7VdWIIAsLsepdNz-6K9_6D2DSeTW11NZLtBvIeGzEtgdeSbSIU-yFEfg--hVoQ0gJdmur2uvTLiE4wv5o-g_pdJWYOSE2L5jH1T4eCL5Fv9L3oRdh8DZ3BQNA5MatuZlATG0NHDeaUWPKuYS44eTiJPmcx_JwpRWUePkfVLm-eozbikzOevCUORBpIL11bZP_81R0V5xVWCog5IWaweyun-jF0.w_GvGnaQfZCLFu3gPhqFueFEAC4YHi7VRTEN8lBWi64&dib_tag=se&keywords=sony%2Ba7cii&qid=1742790115&sprefix=sony%2Ba7cii,aps,278&sr=8-1&th=1&linkCode=sl1&tag=carltomichtec-20&linkId=3d786ab6fb1b568679469bd7f57a3f9a&language=en_US&ref_=as_li_ss_tl",yes,n/a,no,no,no,missing target=_blank; missing rel nofollow sponsored
https://www.carltravels.com/bose-s1pro-plus-vs-everse8-the-best-portable-speaker.html,bose-s1pro-plus-vs-everse8-the-best-portable-speaker.html,474,Amazon Associates,DJI Pocket 3,https://amzn.to/4hFqguz,200,"https://www.amazon.com/DJI-Vlogging-Stabilization-Tracking-Photography/dp/B0CG19FGQ5?crid=TMCX6ZWEUHKI&dib=eyJ2IjoiMSJ9.vE4X0ycndfdhEt6K2DdFm_V0WOSkq9RirfmX-EujyxRmLwvdqPGuQIYryoJlnKVTkTnakbBwfrrvEx3EHPMNKKkpVI0XSem8oIAcqdAAFhTqVyWjnmg5t0s7vvb5q4kdX7AwWm0qIMGz8lw4pr2Qf0ShnqfL9AIG2YeiURd6hzpmTfI2w5Ihly6yue-y14Ut_ig94A3ajl04c05PXbhHNZqukiLh-Y7cSwwQt11pjGQ.UaxoAQVPxZ0jkM8pmWbCSSFdXT4NRtjnSphMAU_gQ54&dib_tag=se&keywords=Pocket+3&qid=1742790159&sprefix=pocket+3,aps,311&sr=8-3&linkCode=sl1&tag=carltomichtec-20&linkId=1c340c23ea35821e7a7082d36279178c&language=en_US&ref_=as_li_ss_tl",yes,n/a,no,no,no,missing target=_blank; missing rel nofollow sponsored
https://www.carltravels.com/bose-s1pro-plus-vs-everse8-the-best-portable-speaker.html,bose-s1pro-plus-vs-everse8-the-best-portable-speaker.html,475,Amazon Associates,Camera Backpack,https://amzn.to/4c0rCPk,200,"https://www.amazon.com/Think-Tank-Airport-Essentials-Backpack/dp/B0083GRJDE?crid=3EZ3TM1TXXYRO&dib=eyJ2IjoiMSJ9.M6E5sk_m1xxIBvupj3tZGIZhbsYtgetkkp_o8UQf3YGOFKQoM1rk_4odILzZJg1ijxZIx-9-KOTDYG6OGdUzscZgTPKyrcXU71nm7rt3T4PeQhdMtORMW97mTHwiKsCz8TPl8Iayxk6JdJRuPZihOzjnUiq3U_5ZiDxMnjzeowTuBUxL3mMU6i93I3j89idFzBcbcq5BJ2H_-l0MkFkc5ZkIHIAvL8VASR6T-Sj1aR4.0aI-C10hGw6FeIQtLmhQrvGkv3VIReAJFLGPStqm5n8&dib_tag=se&keywords=think+tank+airport+commuter+backpack&qid=1742790274&sprefix=airport+commu,aps,315&sr=8-1&linkCode=sl1&tag=carltomichtec-20&linkId=3660ce0a633e8356b217b5c706e076cd&language=en_US&ref_=as_li_ss_tl",yes,n/a,no,no,no,missing target=_blank; missing rel nofollow sponsored
https://www.carltravels.com/bose-s1pro-plus-vs-everse8-the-best-portable-speaker.html,bose-s1pro-plus-vs-everse8-the-best-portable-speaker.html,575,Saily eSIM,👉 Activate your eSIM now,https://go.saily.site/aff_c?offer_id=101&aff_id=12234,403,https://saily.com/special/?utm_source=12234&utm_medium=affiliate&utm_campaign=101&aff_transaction_id=102671cde85b9dc60aa1208c946ed9&aff_sub=&aff_offer_id=101&aff_id=12234&url={url}&utm_content=&params[ho_asub1]=,yes,no,yes,no,no,not working or blocked; missing CARLRI5370; old Saily affiliate URL format; missing rel nofollow sponsored
https://www.carltravels.com/budvatravelguide.html,budvatravelguide.html,543,Wise,Sign up here,https://wise.com/invite/irhc/carlt62,200,https://wise.com/invite/irhc/carlt62,yes,n/a,no,no,no,missing target=_blank; missing rel nofollow sponsored
https://www.carltravels.com/budvatravelguide.html,budvatravelguide.html,549,Dehancer,dehancer.com/subscribe,https://www.dehancer.com/pricing/monthly,200,https://www.dehancer.com/pricing/monthly,no,n/a,no,no,no,missing tracking; missing target=_blank; missing rel nofollow sponsored
https://www.carltravels.com/budvatravelguide.html,budvatravelguide.html,556,Amazon Associates,DJI Flip,https://amzn.to/45iZULT,200,"https://www.amazon.com.au/DJI-Controller-Takeoff-Intelligent-Batteries/dp/B0DJ1FKDGP?crid=2R4BEGV4GCOVO&dib=eyJ2IjoiMSJ9.B3ZGiV_NB4CWvaKZC46HHhqNPIONGEffr9hyQ7doXp3AXko2J8XgtkAXDGsuiEAotNNI2PbCB1AYBnn8BEqRKQmDgWoDst39DJE8gasnXCLc-jUhcRDkTU-kNRFzDwVNjg3G3I5emTMygueqNFSxWtlrc8daGW3mi4t632aghZDCMYSRFrI9w-WsipGgN-AlFd9MHv5fvM5SOZdJ3ZRc3S6dP5ZdvaJbD8dpLuwD9xBibVGNVEA8sqdNPUGc1-QA6emRyHoQcDY9W1wK8g5M_GK-2rSHwY-u6nRI0GtXeD4.0l6QuT-oAkSZ2X00AMSTCdok07QQfjyAKzBb_DdWawE&dib_tag=se&keywords=dji%2Bflip&qid=1755253304&sprefix=dji%2B,aps,500&sr=8-1&th=1&linkCode=sl1&tag=sonymoviemast-22&linkId=3f5281eb31b07e511b695e37c70531d8&language=en_AU&ref_=as_li_ss_tl",yes,n/a,no,no,no,missing target=_blank; missing rel nofollow sponsored
https://www.carltravels.com/budvatravelguide.html,budvatravelguide.html,557,Amazon Associates,Sony A7C II,https://amzn.to/4mHhQ8H,200,"https://www.amazon.com.au/Alpha-Full-Frame-Interchangeable-Lens-Camera/dp/B0CGTTVYGM?crid=3UFGY3ITUFRIG&dib=eyJ2IjoiMSJ9.ev7c1E-3pbpbmadeh7VdWFcGksbpaD0LcfMpyGiafmIkmo2jGBt5M2E9J5fx_zQvYoa9cwkYx9Ms4314aD_KvlRP7kN7v44y5OVvwCe0hrwu3EmNb_ynMVmokWAEqEhATekuA2inkDK21iarXslKa-cwhVZmzX5YQxtcRmGKFeR772jpYj3HTrPbeI3ZQ4U9pdrLR2LEwE7JqN1U8Zd-BBT_0SJG6AhX8DL4MXBQZGSJ8ZS-_aLCTtitWZHc2pdFMTaRj76KAi4xLj1fzwW26k4n3Tyl4DcnDLsPS0O6csE.M7nmeQ9rGw5lWrk0OStz3sFcXb6hUUBIYxuSm25RGtM&dib_tag=se&keywords=Sony%2BA7CII&qid=1755253330&sprefix=sony%2Ba7ci,aps,339&sr=8-2&th=1&linkCode=sl1&tag=carltomich-22&linkId=e268d46ab451781fa56ff54460f43b36&language=en_AU&ref_=as_li_ss_tl",yes,n/a,no,no,no,missing target=_blank; missing rel nofollow sponsored
https://www.carltravels.com/budvatravelguide.html,budvatravelguide.html,558,Amazon Associates,DJI Pocket 3,https://amzn.to/4miS3UJ,200,"https://www.amazon.com.au/DJI-Vlogging-Stabilization-Tracking-Photography/dp/B0CG19FGQ5?crid=1G6X1VC3KQ5EX&dib=eyJ2IjoiMSJ9.OLzTlYtdM2w0TP6xjlSDCa_ccSbGz-LuIU4RgcQOCNGa_FFl2x1iOz2JX6S15ZXETql3rFDOM9ga-vhK36LgBaVMgdsL9DjJ1rGI703o8l2CU7qjqJgJrjk4bbf-Ae7lDW2VKJCOIhx3uSDXuParcMtR2mX2C58Se55j-iXTxZtUyCT_KpmGnxAiC29MDSrLM27fcIM9hNcLt9qfKC4X0H4XYBQK9QDfGIOYCCdiD5lduJ45hKRSb_vcDqRsfUclWisMqQvRUilvFcJNunY7PQEwXIkjphgmLW2BdwCZLnw.kXFrNmjSvoqF8aSCDLEiVO6jy41xldw8QKHmK03PQpg&dib_tag=se&keywords=DJI%2Bpocket%2B3&qid=1755253366&sprefix=dji%2Bpocket%2B34,aps,341&sr=8-5&th=1&linkCode=sl1&tag=carltomich-22&linkId=f574fc6c948e413d7828caf3917f88c7&language=en_AU&ref_=as_li_ss_tl",yes,n/a,no,no,no,missing target=_blank; missing rel nofollow sponsored
https://www.carltravels.com/budvatravelguide.html,budvatravelguide.html,559,Amazon Associates,Tamron 28–200,https://amzn.to/4lvd1hI,200,"https://www.amazon.com.au/Tamron-28-200-2-8-5-6-Mirrorless-Mount/dp/B08B34HWKV?crid=1QEN08AGHDA5P&dib=eyJ2IjoiMSJ9.F-1xObnXZ1qvBYq3zqlPY-NONJhLnpZLBqOzJ3HO5tTaMoqBS6y-yCzp9X2gf74AvY9AfeP0NaxoH7DZ9-baBGYipuEDZdeZDPhnjFQLAPKtme5_4_FG3s6XXvOiBciFRCc2uuwqEeNlASTcgcCCZMSMFQeah9VIUe8nfvKw3waCva02_S3xX9d-JyGDBuG_e3MirkHsz23lqve2L2QVLMa5j0OVts-mmsfQ8VCk2Mk21ZgO9UeZSpWiqPf46ib3p97ybHMdj-mSwAvwDGZsUplC0W8j79hDLbEyt4rRRsc.RD-ZusuknzzNJEQwUdBnNUgT4NbgXfMrZD-cLbs7Izg&dib_tag=se&keywords=tamron%2B24-150mm%2Bsony&qid=1755253413&sprefix=tamron%2B24-150mm%2Bson,aps,332&sr=8-8&th=1&linkCode=sl1&tag=carltomich-22&linkId=369f0dc13ba29944c2261e58637d5916&language=en_AU&ref_=as_li_ss_tl",yes,n/a,no,no,no,missing target=_blank; missing rel nofollow sponsored
https://www.carltravels.com/budvatravelguide.html,budvatravelguide.html,560,Amazon Associates,RØDE Wireless PRO,https://amzn.to/4oHMXTy,200,"https://www.amazon.com.au/R%C3%98DE-Microphone-Recording-Microphones-Filmmaking/dp/B0CB2HGR9Q?crid=EGFFU6UZWCLT&dib=eyJ2IjoiMSJ9.DGm925iQklRK-0FmBcE9db-XNNBHUbEQUmSpGwxYevTWsXHx1AB2Ujp56lEEJfYAXcz8f7ItdheKMJJEt3fbcFJwLM0qbJZFbyXmeGeum-sa0VEabMsoDLY8CTncKG_wcQknrVxzofZHSnY2hjgptBqrzbKBtON6CpGKjvZLWJbF12me_IIzxbcIdQ8xyAiv4MZEEmpSth_cBUSNn31q0t3k7bBm6YhlZLAdCOz86vQKfMf3dxTZHnqFsWMWlUF7v0fy7dJRty-80-hdaPlVDfUAYTPOMRmPYrwuoDhkGHE.Jyv_XTXDBOYqJ4Rg5nZ0RKMDurBNR5Nag68iZPXdLmc&dib_tag=se&keywords=rode%2Bwireless%2Bpro&qid=1755253496&sprefix=Rode%2Bwirle,aps,388&sr=8-3&th=1&linkCode=sl1&tag=carltomich-22&linkId=c45e7c55dd1516f0f8708eea1e3df28d&language=en_AU&ref_=as_li_ss_tl",yes,n/a,no,no,no,missing target=_blank; missing rel nofollow sponsored
https://www.carltravels.com/budvatravelguide.html,budvatravelguide.html,561,Amazon Associates,Think Tank Backpack,https://amzn.to/467fEAU,200,"https://www.amazon.com/Think-Tank-Airport-Commuter-Backpack/dp/B0083GQI5Y?crid=2DUIR27E54VFF&dib=eyJ2IjoiMSJ9.9XG5TZXY0VQe_JM4tf_rYqZTZVCpD3yhgWrqqRz7QRe2p5T785DRre0iq_knj0lCgwWu61gX6gQhU1gnkpa0Oy5NL2IJTmQqwU2OgKZOy7CJNXpEWJDXjz5XMOXhk-qfM1nF08sucPDsn0dmURafC38s2OcI8cViV1Q67OF01Sr2OmjeufUSQg0GHKX3twaAL-kI-4oLThlIo3FD4R9r9a-4ZQqUBJQ7iiDS97TIM2g.yGwuqwlPiTaZdkN4hPtMx2ru_ylVkLWkPPgvjFU3Vo4&dib_tag=se&keywords=thinktank+travel+backpack&qid=1757035483&sprefix=thinktank+travel+backpac,aps,316&sr=8-3&linkCode=sl1&tag=carltomichtec-20&linkId=5a1043bdd87861e72327b4d1be2226de&language=en_US&ref_=as_li_ss_tl",yes,n/a,no,no,no,missing target=_blank; missing rel nofollow sponsored
https://www.carltravels.com/budvatravelguide.html,budvatravelguide.html,567,Amazon Associates,DJI Flip,https://amzn.to/41zmAVV,200,"https://www.amazon.com.au/DJI-Controller-Takeoff-Intelligent-Batteries/dp/B0DJ1FKDGP?crid=27CLM6RRHHRB4&dib=eyJ2IjoiMSJ9.xHJwj2C5oeF6OHTI195Mdn3sPKEY3lQQtbR1Ffinq4nZrf0vJkhLIitjW3VBJOJxwyVeE4yQAuXGFbWTEwFrlWWsax_d6SMbu6MShKn__FMm0mh-GoBsHRxdET8U2ZnqpxXklLfQqiThEX0uRx_FzYCEWuAVyvXSelhqtv3be5YD_EsWRzMIULJGPJlSUrdUmmEa5c91FR8syo0ZeIfK0g6nYhVRBSfryUO8DyP7t9w0yINa3lmqQbKaTVkAljF0zY95g7ligNcgPIUNDRqXXx8IdElfmIcz-LTDbcXZCVY.BHpsQw5p_iwN_R_6cb79XAe-ZNr3mHBd-DXY4w99rs8&dib_tag=se&keywords=dji%2Bflip&qid=1757034937&sprefix=dji%2Bflip,aps,261&sr=8-1&th=1&linkCode=sl1&tag=carltomich-22&linkId=086f0f4dda5311ea4c0fa2a020c7fc62&language=en_AU&ref_=as_li_ss_tl",yes,n/a,no,no,no,missing target=_blank; missing rel nofollow sponsored
https://www.carltravels.com/budvatravelguide.html,budvatravelguide.html,568,Amazon Associates,Sony A7C II,https://amzn.to/45Qk2Fw,200,"https://www.amazon.com.au/Sony-Alpha-System-Camera-28-60mm/dp/B0CGFBMNDH?crid=Y4V8WSCJABT6&dib=eyJ2IjoiMSJ9.ev7c1E-3pbpbmadeh7VdWGGGwBPVPgenkV33RBsEipu2uXVpDOT-4N719LE8z5ZZkuiatxECfZOdzpPy6zsWyTaCC9-YjTsjmmcZSgzVbtIhv6nwiqrhip-8XLyFVM8TJI0S9CtfzEuF20mZcy_wovPC1FlRfSxCGu-1DiuOJ6Z2es25G9g5miw4rVwdl2YcxPhn0n3sJchrolpd3esOjIp0QaLGvz7n3uFMc-O48l4pYSj__YDttER8crkPx69f7mSxS8ujQijijWSjmj4h9XUlNdHSaq2KQBm7l6vTkyg.johmDKkudmYJ6Vp3A83ZS0WmLiuItffyIHcQrNpcTpM&dib_tag=se&keywords=sony%2Ba7cii&qid=1757035042&sprefix=sony%2Ba7cii,aps,242&sr=8-7&th=1&linkCode=sl1&tag=carltomich-22&linkId=e6839e00766785a47c09e7449989c441&language=en_AU&ref_=as_li_ss_tl",yes,n/a,no,no,no,missing target=_blank; missing rel nofollow sponsored
https://www.carltravels.com/budvatravelguide.html,budvatravelguide.html,569,Amazon Associates,DJI Osmo Pocket 3,https://amzn.to/4gaYLJZ,200,"https://www.amazon.com.au/DJI-Stabilization-Rotatable-Touchscreen-Photography/dp/B0CG19QXWD?crid=3SHCFANSRK2GV&dib=eyJ2IjoiMSJ9.hn-IKcsoi27x5Xtepf1O0xSEJ-Xc0yIsZ5hiLNsRo0_pnL0HwMARDMaGpGot5vRUIoisskZuJLNO1vrHcsMAQPRIRCdFRvFwlfyVPydN5FfkKgbYw0s29BMkgJiljvn0_ugxYU6JZ9cLZJ8Oj30vFVBWWAWBuepYqTkzRyVqmr2ii2X5OCrM6ae484zpYvqQCRiXcJMt0dgPItUfZ0RL6z-y7KTTesad4agjzTRTAcf1lSsm2yEzEH72afh7B2OEGD2c87RWuC02g7fgtlSVS8E50gbD3A0TmSTnzJ8VLKQ.Bx4cRITeVOMwGs0D0DKW1fgGx14CLCMyLTVRjMuItUs&dib_tag=se&keywords=dji%2Bosmo%2Bpocket%2B3&qid=1757035105&sprefix=DJI,aps,491&sr=8-5&th=1&linkCode=sl1&tag=carltomich-22&linkId=6c45d0909c1797b83d49c364f2b311b2&language=en_AU&ref_=as_li_ss_tl",yes,n/a,no,no,no,missing target=_blank; missing rel nofollow sponsored
https://www.carltravels.com/budvatravelguide.html,budvatravelguide.html,570,Amazon Associates,Tamron 24–200,https://amzn.to/4n73D5P,200,"https://www.amazon.com.au/Tamron-28-200-2-8-5-6-Mirrorless-Mount/dp/B08B34HWKV?crid=2KXUS0I4U82EM&dib=eyJ2IjoiMSJ9.CirVtLEYR7BE9okHzn54invQLY0R2IpCxFbXtvO1NnS3N7bkvewO8f1Yq8HoRp8by7g8fCAGFxwZReQZiHGIleWQhBiyxX6NqLuWc2JcY0SatfWtItHN56up3Chh0D8MWnZx1sZMHuhw7JMF1wW-t-_JV04YdmuFHxRHCAkZE68WtA-D3L-Dzu4PGUjAvPjTp5SldK7-BzyvSBMXmLxJIRehuwg0-GotkfHE9WlIC_4H_U3a4PyQdb9pUPOs3wgOSlpAZtRp5xUnt9EVdnDOoa8N5AFkcblsba8g9gFHmgg.ywMyfDborErcaHwGfqjwuU9BKivzUuvVcowT6gYYSgc&dib_tag=se&keywords=Tamron%2B28%E2%80%93200mm%2B(Full-Frame)&qid=1757035157&sprefix=tamron%2B28%2B200mm%2Bfull-frame%2B,aps,322&sr=8-1&th=1&linkCode=sl1&tag=carltomich-22&linkId=48c5cc0e9d510609bb5d001f6a9afffc&language=en_AU&ref_=as_li_ss_tl",yes,n/a,no,no,no,missing target=_blank; missing rel nofollow sponsored
https://www.carltravels.com/budvatravelguide.html,budvatravelguide.html,571,Amazon Associates,RØDE Wireless PRO,https://amzn.to/46kv8CG,200,"https://www.amazon.com.au/R%C3%98DE-Microphone-Recording-Microphones-Filmmaking/dp/B0CB2HGR9Q?crid=2CDBT69BZHLYA&dib=eyJ2IjoiMSJ9.Fwy-kxiSUMPxfuFncUDsU_A5ghupefIniz-REQnE6cTWsXHx1AB2Ujp56lEEJfYAXcz8f7ItdheKMJJEt3fbcDMaXA9z2vvl2SUhzXgbV4Ukq3M5KEeOMdSPoj2cooPZeZPhHMSlekWnOVWq4c0QaOzHxx6P7Hyvkb1eAIDVxOLyj1OA_3uyhvfsRMAssRUi_DZnq7KAobBNLtcDs2i8qN-URdgmgdbkNRbQvdaF9rucUW2oiHlnh0JMDv_DLbLkroYoa-fywaWO7QG159ijgMSHpfo0uXgaCvS9UJEj_s0.c_FuiqtAbfwdPKd4F4lJZzRIPwBnxfR6xx2cadHO14I&dib_tag=se&keywords=rode%2Bwireless%2Bpro&qid=1757035251&sprefix=rode%2Bw,aps,347&sr=8-5&th=1&linkCode=sl1&tag=carltomich-22&linkId=5c5361991d8e56b532939c61e269e8be&language=en_AU&ref_=as_li_ss_tl",yes,n/a,no,no,no,missing target=_blank; missing rel nofollow sponsored
https://www.carltravels.com/budvatravelguide.html,budvatravelguide.html,572,Amazon Associates,Think Tank Backpack,https://amzn.to/3I5mApV,200,"https://www.amazon.com.au/Think-Photo-Airport-Commuter-Backpack/dp/B0083GQI5Y?crid=C0BCCANHIF1P&dib=eyJ2IjoiMSJ9.FP6oWa3JfVz8mPQHHtuj2j56z3fDBCwLggHr6aC_VQkOVxUS8E-jSv8mMw2xvwAwKKp3yS3EAZDahiqzg1lUnJ4OI4bd4xC6w4ixKLoGdQQzlllNF5w7ZnNwMLs2cJUeG6JrDAmhFlIOVrQUbQfDbizfr5yKJOBszOQia6SfusuS4weSmOcfJvJKrX1mPtUZWqSiIfvSDzHdKlE3g8kCUmOJ15MWf_Y1bSIbO8NTex-o5CV-I2CF9MLgeMPW8TqjqtcJhcqbNXq4StxmCGriYFO89wZjALKw2reJs6HtCIw.qhwKjNiiihdX328DrvLyHXcJLf0AWPHeRP_c-KJrh90&dib_tag=se&keywords=thinktank%2Btravel%2Bcommuter&qid=1757035351&sprefix=thinktank%2Btravel%2Bcommuter,aps,269&sr=8-4&th=1&psc=1&linkCode=sl1&tag=carltomich-22&linkId=500149597f5ad39a813be7771a3c54f0&language=en_AU&ref_=as_li_ss_tl",yes,n/a,no,no,no,missing target=_blank; missing rel nofollow sponsored
https://www.carltravels.com/budvatravelguide.html,budvatravelguide.html,596,Saily eSIM,👉 Activate your eSIM now,https://go.saily.site/aff_c?offer_id=101&aff_id=12234,403,https://saily.com/special/?utm_source=12234&utm_medium=affiliate&utm_campaign=101&aff_transaction_id=102671cde85b9dc60aa1208c946ed9&aff_sub=&aff_offer_id=101&aff_id=12234&url={url}&utm_content=&params[ho_asub1]=,yes,no,yes,no,no,not working or blocked; missing CARLRI5370; old Saily affiliate URL format; missing rel nofollow sponsored
https://www.carltravels.com/buskingguide.html,buskingguide.html,513,Saily eSIM,👉 Activate your eSIM now,https://go.saily.site/aff_c?offer_id=101&aff_id=12234,403,https://saily.com/special/?utm_source=12234&utm_medium=affiliate&utm_campaign=101&aff_transaction_id=102671cde85b9dc60aa1208c946ed9&aff_sub=&aff_offer_id=101&aff_id=12234&url={url}&utm_content=&params[ho_asub1]=,yes,no,yes,no,no,not working or blocked; missing CARLRI5370; old Saily affiliate URL format; missing rel nofollow sponsored
https://www.carltravels.com/cairnstravelguide.html,cairnstravelguide.html,290,Yesim eSIM,Yesim eSIM,https://yesim.app,202,https://yesim.app,no,n/a,no,no,no,missing tracking; missing target=_blank; missing rel nofollow sponsored
https://www.carltravels.com/cairnstravelguide.html,cairnstravelguide.html,411,Wise,Wise travel card,https://wise.com/invite/irhc/carlt62,200,https://wise.com/invite/irhc/carlt62,yes,n/a,no,no,no,missing target=_blank; missing rel nofollow sponsored
https://www.carltravels.com/cairnstravelguide.html,cairnstravelguide.html,412,Amazon Associates,DJI Pocket 3,https://amzn.to/4miS3UJ,200,"https://www.amazon.com.au/DJI-Vlogging-Stabilization-Tracking-Photography/dp/B0CG19FGQ5?crid=1G6X1VC3KQ5EX&dib=eyJ2IjoiMSJ9.OLzTlYtdM2w0TP6xjlSDCa_ccSbGz-LuIU4RgcQOCNGa_FFl2x1iOz2JX6S15ZXETql3rFDOM9ga-vhK36LgBaVMgdsL9DjJ1rGI703o8l2CU7qjqJgJrjk4bbf-Ae7lDW2VKJCOIhx3uSDXuParcMtR2mX2C58Se55j-iXTxZtUyCT_KpmGnxAiC29MDSrLM27fcIM9hNcLt9qfKC4X0H4XYBQK9QDfGIOYCCdiD5lduJ45hKRSb_vcDqRsfUclWisMqQvRUilvFcJNunY7PQEwXIkjphgmLW2BdwCZLnw.kXFrNmjSvoqF8aSCDLEiVO6jy41xldw8QKHmK03PQpg&dib_tag=se&keywords=DJI%2Bpocket%2B3&qid=1755253366&sprefix=dji%2Bpocket%2B34,aps,341&sr=8-5&th=1&linkCode=sl1&tag=carltomich-22&linkId=f574fc6c948e413d7828caf3917f88c7&language=en_AU&ref_=as_li_ss_tl",yes,n/a,no,no,no,missing target=_blank; missing rel nofollow sponsored
https://www.carltravels.com/cairnstravelguide.html,cairnstravelguide.html,411,Wise,Sign up here,https://wise.com/invite/irhc/carlt62,200,https://wise.com/invite/irhc/carlt62,yes,n/a,no,no,no,missing target=_blank; missing rel nofollow sponsored
https://www.carltravels.com/cairnstravelguide.html,cairnstravelguide.html,480,Dehancer,dehancer.com/subscribe,https://www.dehancer.com/pricing/monthly,200,https://www.dehancer.com/pricing/monthly,no,n/a,no,no,no,missing tracking; missing target=_blank; missing rel nofollow sponsored
https://www.carltravels.com/cairnstravelguide.html,cairnstravelguide.html,487,Amazon Associates,DJI Flip,https://amzn.to/45iZULT,200,"https://www.amazon.com.au/DJI-Controller-Takeoff-Intelligent-Batteries/dp/B0DJ1FKDGP?crid=2R4BEGV4GCOVO&dib=eyJ2IjoiMSJ9.B3ZGiV_NB4CWvaKZC46HHhqNPIONGEffr9hyQ7doXp3AXko2J8XgtkAXDGsuiEAotNNI2PbCB1AYBnn8BEqRKQmDgWoDst39DJE8gasnXCLc-jUhcRDkTU-kNRFzDwVNjg3G3I5emTMygueqNFSxWtlrc8daGW3mi4t632aghZDCMYSRFrI9w-WsipGgN-AlFd9MHv5fvM5SOZdJ3ZRc3S6dP5ZdvaJbD8dpLuwD9xBibVGNVEA8sqdNPUGc1-QA6emRyHoQcDY9W1wK8g5M_GK-2rSHwY-u6nRI0GtXeD4.0l6QuT-oAkSZ2X00AMSTCdok07QQfjyAKzBb_DdWawE&dib_tag=se&keywords=dji%2Bflip&qid=1755253304&sprefix=dji%2B,aps,500&sr=8-1&th=1&linkCode=sl1&tag=sonymoviemast-22&linkId=3f5281eb31b07e511b695e37c70531d8&language=en_AU&ref_=as_li_ss_tl",yes,n/a,no,no,no,missing target=_blank; missing rel nofollow sponsored
https://www.carltravels.com/cairnstravelguide.html,cairnstravelguide.html,488,Amazon Associates,Sony A7C II,https://amzn.to/4mHhQ8H,200,"https://www.amazon.com.au/Alpha-Full-Frame-Interchangeable-Lens-Camera/dp/B0CGTTVYGM?crid=3UFGY3ITUFRIG&dib=eyJ2IjoiMSJ9.ev7c1E-3pbpbmadeh7VdWFcGksbpaD0LcfMpyGiafmIkmo2jGBt5M2E9J5fx_zQvYoa9cwkYx9Ms4314aD_KvlRP7kN7v44y5OVvwCe0hrwu3EmNb_ynMVmokWAEqEhATekuA2inkDK21iarXslKa-cwhVZmzX5YQxtcRmGKFeR772jpYj3HTrPbeI3ZQ4U9pdrLR2LEwE7JqN1U8Zd-BBT_0SJG6AhX8DL4MXBQZGSJ8ZS-_aLCTtitWZHc2pdFMTaRj76KAi4xLj1fzwW26k4n3Tyl4DcnDLsPS0O6csE.M7nmeQ9rGw5lWrk0OStz3sFcXb6hUUBIYxuSm25RGtM&dib_tag=se&keywords=Sony%2BA7CII&qid=1755253330&sprefix=sony%2Ba7ci,aps,339&sr=8-2&th=1&linkCode=sl1&tag=carltomich-22&linkId=e268d46ab451781fa56ff54460f43b36&language=en_AU&ref_=as_li_ss_tl",yes,n/a,no,no,no,missing target=_blank; missing rel nofollow sponsored
https://www.carltravels.com/cairnstravelguide.html,cairnstravelguide.html,412,Amazon Associates,DJI Pocket 3,https://amzn.to/4miS3UJ,200,"https://www.amazon.com.au/DJI-Vlogging-Stabilization-Tracking-Photography/dp/B0CG19FGQ5?crid=1G6X1VC3KQ5EX&dib=eyJ2IjoiMSJ9.OLzTlYtdM2w0TP6xjlSDCa_ccSbGz-LuIU4RgcQOCNGa_FFl2x1iOz2JX6S15ZXETql3rFDOM9ga-vhK36LgBaVMgdsL9DjJ1rGI703o8l2CU7qjqJgJrjk4bbf-Ae7lDW2VKJCOIhx3uSDXuParcMtR2mX2C58Se55j-iXTxZtUyCT_KpmGnxAiC29MDSrLM27fcIM9hNcLt9qfKC4X0H4XYBQK9QDfGIOYCCdiD5lduJ45hKRSb_vcDqRsfUclWisMqQvRUilvFcJNunY7PQEwXIkjphgmLW2BdwCZLnw.kXFrNmjSvoqF8aSCDLEiVO6jy41xldw8QKHmK03PQpg&dib_tag=se&keywords=DJI%2Bpocket%2B3&qid=1755253366&sprefix=dji%2Bpocket%2B34,aps,341&sr=8-5&th=1&linkCode=sl1&tag=carltomich-22&linkId=f574fc6c948e413d7828caf3917f88c7&language=en_AU&ref_=as_li_ss_tl",yes,n/a,no,no,no,missing target=_blank; missing rel nofollow sponsored
https://www.carltravels.com/cairnstravelguide.html,cairnstravelguide.html,490,Amazon Associates,Tamron 28–200,https://amzn.to/4lvd1hI,200,"https://www.amazon.com.au/Tamron-28-200-2-8-5-6-Mirrorless-Mount/dp/B08B34HWKV?crid=1QEN08AGHDA5P&dib=eyJ2IjoiMSJ9.F-1xObnXZ1qvBYq3zqlPY-NONJhLnpZLBqOzJ3HO5tTaMoqBS6y-yCzp9X2gf74AvY9AfeP0NaxoH7DZ9-baBGYipuEDZdeZDPhnjFQLAPKtme5_4_FG3s6XXvOiBciFRCc2uuwqEeNlASTcgcCCZMSMFQeah9VIUe8nfvKw3waCva02_S3xX9d-JyGDBuG_e3MirkHsz23lqve2L2QVLMa5j0OVts-mmsfQ8VCk2Mk21ZgO9UeZSpWiqPf46ib3p97ybHMdj-mSwAvwDGZsUplC0W8j79hDLbEyt4rRRsc.RD-ZusuknzzNJEQwUdBnNUgT4NbgXfMrZD-cLbs7Izg&dib_tag=se&keywords=tamron%2B24-150mm%2Bsony&qid=1755253413&sprefix=tamron%2B24-150mm%2Bson,aps,332&sr=8-8&th=1&linkCode=sl1&tag=carltomich-22&linkId=369f0dc13ba29944c2261e58637d5916&language=en_AU&ref_=as_li_ss_tl",yes,n/a,no,no,no,missing target=_blank; missing rel nofollow sponsored
https://www.carltravels.com/cairnstravelguide.html,cairnstravelguide.html,491,Amazon Associates,RØDE Wireless PRO,https://amzn.to/4oHMXTy,200,"https://www.amazon.com.au/R%C3%98DE-Microphone-Recording-Microphones-Filmmaking/dp/B0CB2HGR9Q?crid=EGFFU6UZWCLT&dib=eyJ2IjoiMSJ9.DGm925iQklRK-0FmBcE9db-XNNBHUbEQUmSpGwxYevTWsXHx1AB2Ujp56lEEJfYAXcz8f7ItdheKMJJEt3fbcFJwLM0qbJZFbyXmeGeum-sa0VEabMsoDLY8CTncKG_wcQknrVxzofZHSnY2hjgptBqrzbKBtON6CpGKjvZLWJbF12me_IIzxbcIdQ8xyAiv4MZEEmpSth_cBUSNn31q0t3k7bBm6YhlZLAdCOz86vQKfMf3dxTZHnqFsWMWlUF7v0fy7dJRty-80-hdaPlVDfUAYTPOMRmPYrwuoDhkGHE.Jyv_XTXDBOYqJ4Rg5nZ0RKMDurBNR5Nag68iZPXdLmc&dib_tag=se&keywords=rode%2Bwireless%2Bpro&qid=1755253496&sprefix=Rode%2Bwirle,aps,388&sr=8-3&th=1&linkCode=sl1&tag=carltomich-22&linkId=c45e7c55dd1516f0f8708eea1e3df28d&language=en_AU&ref_=as_li_ss_tl",yes,n/a,no,no,no,missing target=_blank; missing rel nofollow sponsored
https://www.carltravels.com/cairnstravelguide.html,cairnstravelguide.html,492,Amazon Associates,Think Tank Backpack,https://amzn.to/467fEAU,200,"https://www.amazon.com/Think-Tank-Airport-Commuter-Backpack/dp/B0083GQI5Y?crid=2DUIR27E54VFF&dib=eyJ2IjoiMSJ9.9XG5TZXY0VQe_JM4tf_rYqZTZVCpD3yhgWrqqRz7QRe2p5T785DRre0iq_knj0lCgwWu61gX6gQhU1gnkpa0Oy5NL2IJTmQqwU2OgKZOy7CJNXpEWJDXjz5XMOXhk-qfM1nF08sucPDsn0dmURafC38s2OcI8cViV1Q67OF01Sr2OmjeufUSQg0GHKX3twaAL-kI-4oLThlIo3FD4R9r9a-4ZQqUBJQ7iiDS97TIM2g.yGwuqwlPiTaZdkN4hPtMx2ru_ylVkLWkPPgvjFU3Vo4&dib_tag=se&keywords=thinktank+travel+backpack&qid=1757035483&sprefix=thinktank+travel+backpac,aps,316&sr=8-3&linkCode=sl1&tag=carltomichtec-20&linkId=5a1043bdd87861e72327b4d1be2226de&language=en_US&ref_=as_li_ss_tl",yes,n/a,no,no,no,missing target=_blank; missing rel nofollow sponsored
https://www.carltravels.com/cairnstravelguide.html,cairnstravelguide.html,498,Amazon Associates,DJI Flip,https://amzn.to/41zmAVV,200,"https://www.amazon.com.au/DJI-Controller-Takeoff-Intelligent-Batteries/dp/B0DJ1FKDGP?crid=27CLM6RRHHRB4&dib=eyJ2IjoiMSJ9.xHJwj2C5oeF6OHTI195Mdn3sPKEY3lQQtbR1Ffinq4nZrf0vJkhLIitjW3VBJOJxwyVeE4yQAuXGFbWTEwFrlWWsax_d6SMbu6MShKn__FMm0mh-GoBsHRxdET8U2ZnqpxXklLfQqiThEX0uRx_FzYCEWuAVyvXSelhqtv3be5YD_EsWRzMIULJGPJlSUrdUmmEa5c91FR8syo0ZeIfK0g6nYhVRBSfryUO8DyP7t9w0yINa3lmqQbKaTVkAljF0zY95g7ligNcgPIUNDRqXXx8IdElfmIcz-LTDbcXZCVY.BHpsQw5p_iwN_R_6cb79XAe-ZNr3mHBd-DXY4w99rs8&dib_tag=se&keywords=dji%2Bflip&qid=1757034937&sprefix=dji%2Bflip,aps,261&sr=8-1&th=1&linkCode=sl1&tag=carltomich-22&linkId=086f0f4dda5311ea4c0fa2a020c7fc62&language=en_AU&ref_=as_li_ss_tl",yes,n/a,no,no,no,missing target=_blank; missing rel nofollow sponsored
https://www.carltravels.com/cairnstravelguide.html,cairnstravelguide.html,499,Amazon Associates,Sony A7C II,https://amzn.to/45Qk2Fw,200,"https://www.amazon.com.au/Sony-Alpha-System-Camera-28-60mm/dp/B0CGFBMNDH?crid=Y4V8WSCJABT6&dib=eyJ2IjoiMSJ9.ev7c1E-3pbpbmadeh7VdWGGGwBPVPgenkV33RBsEipu2uXVpDOT-4N719LE8z5ZZkuiatxECfZOdzpPy6zsWyTaCC9-YjTsjmmcZSgzVbtIhv6nwiqrhip-8XLyFVM8TJI0S9CtfzEuF20mZcy_wovPC1FlRfSxCGu-1DiuOJ6Z2es25G9g5miw4rVwdl2YcxPhn0n3sJchrolpd3esOjIp0QaLGvz7n3uFMc-O48l4pYSj__YDttER8crkPx69f7mSxS8ujQijijWSjmj4h9XUlNdHSaq2KQBm7l6vTkyg.johmDKkudmYJ6Vp3A83ZS0WmLiuItffyIHcQrNpcTpM&dib_tag=se&keywords=sony%2Ba7cii&qid=1757035042&sprefix=sony%2Ba7cii,aps,242&sr=8-7&th=1&linkCode=sl1&tag=carltomich-22&linkId=e6839e00766785a47c09e7449989c441&language=en_AU&ref_=as_li_ss_tl",yes,n/a,no,no,no,missing target=_blank; missing rel nofollow sponsored
https://www.carltravels.com/cairnstravelguide.html,cairnstravelguide.html,500,Amazon Associates,DJI Osmo Pocket 3,https://amzn.to/4gaYLJZ,200,"https://www.amazon.com.au/DJI-Stabilization-Rotatable-Touchscreen-Photography/dp/B0CG19QXWD?crid=3SHCFANSRK2GV&dib=eyJ2IjoiMSJ9.hn-IKcsoi27x5Xtepf1O0xSEJ-Xc0yIsZ5hiLNsRo0_pnL0HwMARDMaGpGot5vRUIoisskZuJLNO1vrHcsMAQPRIRCdFRvFwlfyVPydN5FfkKgbYw0s29BMkgJiljvn0_ugxYU6JZ9cLZJ8Oj30vFVBWWAWBuepYqTkzRyVqmr2ii2X5OCrM6ae484zpYvqQCRiXcJMt0dgPItUfZ0RL6z-y7KTTesad4agjzTRTAcf1lSsm2yEzEH72afh7B2OEGD2c87RWuC02g7fgtlSVS8E50gbD3A0TmSTnzJ8VLKQ.Bx4cRITeVOMwGs0D0DKW1fgGx14CLCMyLTVRjMuItUs&dib_tag=se&keywords=dji%2Bosmo%2Bpocket%2B3&qid=1757035105&sprefix=DJI,aps,491&sr=8-5&th=1&linkCode=sl1&tag=carltomich-22&linkId=6c45d0909c1797b83d49c364f2b311b2&language=en_AU&ref_=as_li_ss_tl",yes,n/a,no,no,no,missing target=_blank; missing rel nofollow sponsored
https://www.carltravels.com/cairnstravelguide.html,cairnstravelguide.html,501,Amazon Associates,Tamron 24–200,https://amzn.to/4n73D5P,200,"https://www.amazon.com.au/Tamron-28-200-2-8-5-6-Mirrorless-Mount/dp/B08B34HWKV?crid=2KXUS0I4U82EM&dib=eyJ2IjoiMSJ9.CirVtLEYR7BE9okHzn54invQLY0R2IpCxFbXtvO1NnS3N7bkvewO8f1Yq8HoRp8by7g8fCAGFxwZReQZiHGIleWQhBiyxX6NqLuWc2JcY0SatfWtItHN56up3Chh0D8MWnZx1sZMHuhw7JMF1wW-t-_JV04YdmuFHxRHCAkZE68WtA-D3L-Dzu4PGUjAvPjTp5SldK7-BzyvSBMXmLxJIRehuwg0-GotkfHE9WlIC_4H_U3a4PyQdb9pUPOs3wgOSlpAZtRp5xUnt9EVdnDOoa8N5AFkcblsba8g9gFHmgg.ywMyfDborErcaHwGfqjwuU9BKivzUuvVcowT6gYYSgc&dib_tag=se&keywords=Tamron%2B28%E2%80%93200mm%2B(Full-Frame)&qid=1757035157&sprefix=tamron%2B28%2B200mm%2Bfull-frame%2B,aps,322&sr=8-1&th=1&linkCode=sl1&tag=carltomich-22&linkId=48c5cc0e9d510609bb5d001f6a9afffc&language=en_AU&ref_=as_li_ss_tl",yes,n/a,no,no,no,missing target=_blank; missing rel nofollow sponsored
https://www.carltravels.com/cairnstravelguide.html,cairnstravelguide.html,502,Amazon Associates,RØDE Wireless PRO,https://amzn.to/46kv8CG,200,"https://www.amazon.com.au/R%C3%98DE-Microphone-Recording-Microphones-Filmmaking/dp/B0CB2HGR9Q?crid=2CDBT69BZHLYA&dib=eyJ2IjoiMSJ9.Fwy-kxiSUMPxfuFncUDsU_A5ghupefIniz-REQnE6cTWsXHx1AB2Ujp56lEEJfYAXcz8f7ItdheKMJJEt3fbcDMaXA9z2vvl2SUhzXgbV4Ukq3M5KEeOMdSPoj2cooPZeZPhHMSlekWnOVWq4c0QaOzHxx6P7Hyvkb1eAIDVxOLyj1OA_3uyhvfsRMAssRUi_DZnq7KAobBNLtcDs2i8qN-URdgmgdbkNRbQvdaF9rucUW2oiHlnh0JMDv_DLbLkroYoa-fywaWO7QG159ijgMSHpfo0uXgaCvS9UJEj_s0.c_FuiqtAbfwdPKd4F4lJZzRIPwBnxfR6xx2cadHO14I&dib_tag=se&keywords=rode%2Bwireless%2Bpro&qid=1757035251&sprefix=rode%2Bw,aps,347&sr=8-5&th=1&linkCode=sl1&tag=carltomich-22&linkId=5c5361991d8e56b532939c61e269e8be&language=en_AU&ref_=as_li_ss_tl",yes,n/a,no,no,no,missing target=_blank; missing rel nofollow sponsored
https://www.carltravels.com/cairnstravelguide.html,cairnstravelguide.html,503,Amazon Associates,Think Tank Backpack,https://amzn.to/3I5mApV,200,"https://www.amazon.com.au/Think-Photo-Airport-Commuter-Backpack/dp/B0083GQI5Y?crid=C0BCCANHIF1P&dib=eyJ2IjoiMSJ9.FP6oWa3JfVz8mPQHHtuj2j56z3fDBCwLggHr6aC_VQkOVxUS8E-jSv8mMw2xvwAwKKp3yS3EAZDahiqzg1lUnJ4OI4bd4xC6w4ixKLoGdQQzlllNF5w7ZnNwMLs2cJUeG6JrDAmhFlIOVrQUbQfDbizfr5yKJOBszOQia6SfusuS4weSmOcfJvJKrX1mPtUZWqSiIfvSDzHdKlE3g8kCUmOJ15MWf_Y1bSIbO8NTex-o5CV-I2CF9MLgeMPW8TqjqtcJhcqbNXq4StxmCGriYFO89wZjALKw2reJs6HtCIw.qhwKjNiiihdX328DrvLyHXcJLf0AWPHeRP_c-KJrh90&dib_tag=se&keywords=thinktank%2Btravel%2Bcommuter&qid=1757035351&sprefix=thinktank%2Btravel%2Bcommuter,aps,269&sr=8-4&th=1&psc=1&linkCode=sl1&tag=carltomich-22&linkId=500149597f5ad39a813be7771a3c54f0&language=en_AU&ref_=as_li_ss_tl",yes,n/a,no,no,no,missing target=_blank; missing rel nofollow sponsored
https://www.carltravels.com/cairnstravelguide.html,cairnstravelguide.html,527,Saily eSIM,👉 Activate your eSIM now,https://go.saily.site/aff_c?offer_id=101&aff_id=12234,403,https://saily.com/special/?utm_source=12234&utm_medium=affiliate&utm_campaign=101&aff_transaction_id=102671cde85b9dc60aa1208c946ed9&aff_sub=&aff_offer_id=101&aff_id=12234&url={url}&utm_content=&params[ho_asub1]=,yes,no,yes,no,no,not working or blocked; missing CARLRI5370; old Saily affiliate URL format; missing rel nofollow sponsored
https://www.carltravels.com/cheap-accommodation-while-traveling.html,cheap-accommodation-while-traveling.html,387,Saily eSIM,👉 Activate your eSIM now,https://go.saily.site/aff_c?offer_id=101&aff_id=12234,403,https://saily.com/special/?utm_source=12234&utm_medium=affiliate&utm_campaign=101&aff_transaction_id=102671cde85b9dc60aa1208c946ed9&aff_sub=&aff_offer_id=101&aff_id=12234&url={url}&utm_content=&params[ho_asub1]=,yes,no,yes,no,no,not working or blocked; missing CARLRI5370; old Saily affiliate URL format; missing rel nofollow sponsored
https://www.carltravels.com/da-nang-to-hanoi-bus-guide/,da-nang-to-hanoi-bus-guide/index.html,367,Saily eSIM,Activate your eSIM now,https://go.saily.site/aff_c?offer_id=101&aff_id=12234,403,https://saily.com/special/?utm_source=12234&utm_medium=affiliate&utm_campaign=101&aff_transaction_id=102671cde85b9dc60aa1208c946ed9&aff_sub=&aff_offer_id=101&aff_id=12234&url={url}&utm_content=&params[ho_asub1]=,yes,no,yes,no,no,not working or blocked; missing CARLRI5370; old Saily affiliate URL format; missing rel nofollow sponsored
https://www.carltravels.com/daily-essential-travel-gear.html,daily-essential-travel-gear.html,239,Amazon Associates,US Link,https://amzn.to/45iZULT,200,"https://www.amazon.com.au/DJI-Controller-Takeoff-Intelligent-Batteries/dp/B0DJ1FKDGP?crid=2R4BEGV4GCOVO&dib=eyJ2IjoiMSJ9.B3ZGiV_NB4CWvaKZC46HHhqNPIONGEffr9hyQ7doXp3AXko2J8XgtkAXDGsuiEAotNNI2PbCB1AYBnn8BEqRKQmDgWoDst39DJE8gasnXCLc-jUhcRDkTU-kNRFzDwVNjg3G3I5emTMygueqNFSxWtlrc8daGW3mi4t632aghZDCMYSRFrI9w-WsipGgN-AlFd9MHv5fvM5SOZdJ3ZRc3S6dP5ZdvaJbD8dpLuwD9xBibVGNVEA8sqdNPUGc1-QA6emRyHoQcDY9W1wK8g5M_GK-2rSHwY-u6nRI0GtXeD4.0l6QuT-oAkSZ2X00AMSTCdok07QQfjyAKzBb_DdWawE&dib_tag=se&keywords=dji%2Bflip&qid=1755253304&sprefix=dji%2B,aps,500&sr=8-1&th=1&linkCode=sl1&tag=sonymoviemast-22&linkId=3f5281eb31b07e511b695e37c70531d8&language=en_AU&ref_=as_li_ss_tl",yes,n/a,no,no,no,missing target=_blank; missing rel nofollow sponsored
https://www.carltravels.com/daily-essential-travel-gear.html,daily-essential-travel-gear.html,241,Amazon Associates,AU Link,https://amzn.to/41zmAVV,200,"https://www.amazon.com.au/DJI-Controller-Takeoff-Intelligent-Batteries/dp/B0DJ1FKDGP?crid=27CLM6RRHHRB4&dib=eyJ2IjoiMSJ9.xHJwj2C5oeF6OHTI195Mdn3sPKEY3lQQtbR1Ffinq4nZrf0vJkhLIitjW3VBJOJxwyVeE4yQAuXGFbWTEwFrlWWsax_d6SMbu6MShKn__FMm0mh-GoBsHRxdET8U2ZnqpxXklLfQqiThEX0uRx_FzYCEWuAVyvXSelhqtv3be5YD_EsWRzMIULJGPJlSUrdUmmEa5c91FR8syo0ZeIfK0g6nYhVRBSfryUO8DyP7t9w0yINa3lmqQbKaTVkAljF0zY95g7ligNcgPIUNDRqXXx8IdElfmIcz-LTDbcXZCVY.BHpsQw5p_iwN_R_6cb79XAe-ZNr3mHBd-DXY4w99rs8&dib_tag=se&keywords=dji%2Bflip&qid=1757034937&sprefix=dji%2Bflip,aps,261&sr=8-1&th=1&linkCode=sl1&tag=carltomich-22&linkId=086f0f4dda5311ea4c0fa2a020c7fc62&language=en_AU&ref_=as_li_ss_tl",yes,n/a,no,no,no,missing target=_blank; missing rel nofollow sponsored
https://www.carltravels.com/daily-essential-travel-gear.html,daily-essential-travel-gear.html,262,Amazon Associates,US Link,https://amzn.to/4mHhQ8H,200,"https://www.amazon.com.au/Alpha-Full-Frame-Interchangeable-Lens-Camera/dp/B0CGTTVYGM?crid=3UFGY3ITUFRIG&dib=eyJ2IjoiMSJ9.ev7c1E-3pbpbmadeh7VdWFcGksbpaD0LcfMpyGiafmIkmo2jGBt5M2E9J5fx_zQvYoa9cwkYx9Ms4314aD_KvlRP7kN7v44y5OVvwCe0hrwu3EmNb_ynMVmokWAEqEhATekuA2inkDK21iarXslKa-cwhVZmzX5YQxtcRmGKFeR772jpYj3HTrPbeI3ZQ4U9pdrLR2LEwE7JqN1U8Zd-BBT_0SJG6AhX8DL4MXBQZGSJ8ZS-_aLCTtitWZHc2pdFMTaRj76KAi4xLj1fzwW26k4n3Tyl4DcnDLsPS0O6csE.M7nmeQ9rGw5lWrk0OStz3sFcXb6hUUBIYxuSm25RGtM&dib_tag=se&keywords=Sony%2BA7CII&qid=1755253330&sprefix=sony%2Ba7ci,aps,339&sr=8-2&th=1&linkCode=sl1&tag=carltomich-22&linkId=e268d46ab451781fa56ff54460f43b36&language=en_AU&ref_=as_li_ss_tl",yes,n/a,no,no,no,missing target=_blank; missing rel nofollow sponsored
https://www.carltravels.com/daily-essential-travel-gear.html,daily-essential-travel-gear.html,264,Amazon Associates,AU Link,https://amzn.to/45Qk2Fw,200,"https://www.amazon.com.au/Sony-Alpha-System-Camera-28-60mm/dp/B0CGFBMNDH?crid=Y4V8WSCJABT6&dib=eyJ2IjoiMSJ9.ev7c1E-3pbpbmadeh7VdWGGGwBPVPgenkV33RBsEipu2uXVpDOT-4N719LE8z5ZZkuiatxECfZOdzpPy6zsWyTaCC9-YjTsjmmcZSgzVbtIhv6nwiqrhip-8XLyFVM8TJI0S9CtfzEuF20mZcy_wovPC1FlRfSxCGu-1DiuOJ6Z2es25G9g5miw4rVwdl2YcxPhn0n3sJchrolpd3esOjIp0QaLGvz7n3uFMc-O48l4pYSj__YDttER8crkPx69f7mSxS8ujQijijWSjmj4h9XUlNdHSaq2KQBm7l6vTkyg.johmDKkudmYJ6Vp3A83ZS0WmLiuItffyIHcQrNpcTpM&dib_tag=se&keywords=sony%2Ba7cii&qid=1757035042&sprefix=sony%2Ba7cii,aps,242&sr=8-7&th=1&linkCode=sl1&tag=carltomich-22&linkId=e6839e00766785a47c09e7449989c441&language=en_AU&ref_=as_li_ss_tl",yes,n/a,no,no,no,missing target=_blank; missing rel nofollow sponsored
https://www.carltravels.com/daily-essential-travel-gear.html,daily-essential-travel-gear.html,285,Amazon Associates,US Link,https://amzn.to/4miS3UJ,200,"https://www.amazon.com.au/DJI-Vlogging-Stabilization-Tracking-Photography/dp/B0CG19FGQ5?crid=1G6X1VC3KQ5EX&dib=eyJ2IjoiMSJ9.OLzTlYtdM2w0TP6xjlSDCa_ccSbGz-LuIU4RgcQOCNGa_FFl2x1iOz2JX6S15ZXETql3rFDOM9ga-vhK36LgBaVMgdsL9DjJ1rGI703o8l2CU7qjqJgJrjk4bbf-Ae7lDW2VKJCOIhx3uSDXuParcMtR2mX2C58Se55j-iXTxZtUyCT_KpmGnxAiC29MDSrLM27fcIM9hNcLt9qfKC4X0H4XYBQK9QDfGIOYCCdiD5lduJ45hKRSb_vcDqRsfUclWisMqQvRUilvFcJNunY7PQEwXIkjphgmLW2BdwCZLnw.kXFrNmjSvoqF8aSCDLEiVO6jy41xldw8QKHmK03PQpg&dib_tag=se&keywords=DJI%2Bpocket%2B3&qid=1755253366&sprefix=dji%2Bpocket%2B34,aps,341&sr=8-5&th=1&linkCode=sl1&tag=carltomich-22&linkId=f574fc6c948e413d7828caf3917f88c7&language=en_AU&ref_=as_li_ss_tl",yes,n/a,no,no,no,missing target=_blank; missing rel nofollow sponsored
https://www.carltravels.com/daily-essential-travel-gear.html,daily-essential-travel-gear.html,287,Amazon Associates,AU Link,https://amzn.to/4gaYLJZ,200,"https://www.amazon.com.au/DJI-Stabilization-Rotatable-Touchscreen-Photography/dp/B0CG19QXWD?crid=3SHCFANSRK2GV&dib=eyJ2IjoiMSJ9.hn-IKcsoi27x5Xtepf1O0xSEJ-Xc0yIsZ5hiLNsRo0_pnL0HwMARDMaGpGot5vRUIoisskZuJLNO1vrHcsMAQPRIRCdFRvFwlfyVPydN5FfkKgbYw0s29BMkgJiljvn0_ugxYU6JZ9cLZJ8Oj30vFVBWWAWBuepYqTkzRyVqmr2ii2X5OCrM6ae484zpYvqQCRiXcJMt0dgPItUfZ0RL6z-y7KTTesad4agjzTRTAcf1lSsm2yEzEH72afh7B2OEGD2c87RWuC02g7fgtlSVS8E50gbD3A0TmSTnzJ8VLKQ.Bx4cRITeVOMwGs0D0DKW1fgGx14CLCMyLTVRjMuItUs&dib_tag=se&keywords=dji%2Bosmo%2Bpocket%2B3&qid=1757035105&sprefix=DJI,aps,491&sr=8-5&th=1&linkCode=sl1&tag=carltomich-22&linkId=6c45d0909c1797b83d49c364f2b311b2&language=en_AU&ref_=as_li_ss_tl",yes,n/a,no,no,no,missing target=_blank; missing rel nofollow sponsored
https://www.carltravels.com/daily-essential-travel-gear.html,daily-essential-travel-gear.html,309,Amazon Associates,US Link,https://amzn.to/4lvd1hI,200,"https://www.amazon.com.au/Tamron-28-200-2-8-5-6-Mirrorless-Mount/dp/B08B34HWKV?crid=1QEN08AGHDA5P&dib=eyJ2IjoiMSJ9.F-1xObnXZ1qvBYq3zqlPY-NONJhLnpZLBqOzJ3HO5tTaMoqBS6y-yCzp9X2gf74AvY9AfeP0NaxoH7DZ9-baBGYipuEDZdeZDPhnjFQLAPKtme5_4_FG3s6XXvOiBciFRCc2uuwqEeNlASTcgcCCZMSMFQeah9VIUe8nfvKw3waCva02_S3xX9d-JyGDBuG_e3MirkHsz23lqve2L2QVLMa5j0OVts-mmsfQ8VCk2Mk21ZgO9UeZSpWiqPf46ib3p97ybHMdj-mSwAvwDGZsUplC0W8j79hDLbEyt4rRRsc.RD-ZusuknzzNJEQwUdBnNUgT4NbgXfMrZD-cLbs7Izg&dib_tag=se&keywords=tamron%2B24-150mm%2Bsony&qid=1755253413&sprefix=tamron%2B24-150mm%2Bson,aps,332&sr=8-8&th=1&linkCode=sl1&tag=carltomich-22&linkId=369f0dc13ba29944c2261e58637d5916&language=en_AU&ref_=as_li_ss_tl",yes,n/a,no,no,no,missing target=_blank; missing rel nofollow sponsored
https://www.carltravels.com/daily-essential-travel-gear.html,daily-essential-travel-gear.html,311,Amazon Associates,AU Link,https://amzn.to/4n73D5P,200,"https://www.amazon.com.au/Tamron-28-200-2-8-5-6-Mirrorless-Mount/dp/B08B34HWKV?crid=2KXUS0I4U82EM&dib=eyJ2IjoiMSJ9.CirVtLEYR7BE9okHzn54invQLY0R2IpCxFbXtvO1NnS3N7bkvewO8f1Yq8HoRp8by7g8fCAGFxwZReQZiHGIleWQhBiyxX6NqLuWc2JcY0SatfWtItHN56up3Chh0D8MWnZx1sZMHuhw7JMF1wW-t-_JV04YdmuFHxRHCAkZE68WtA-D3L-Dzu4PGUjAvPjTp5SldK7-BzyvSBMXmLxJIRehuwg0-GotkfHE9WlIC_4H_U3a4PyQdb9pUPOs3wgOSlpAZtRp5xUnt9EVdnDOoa8N5AFkcblsba8g9gFHmgg.ywMyfDborErcaHwGfqjwuU9BKivzUuvVcowT6gYYSgc&dib_tag=se&keywords=Tamron%2B28%E2%80%93200mm%2B(Full-Frame)&qid=1757035157&sprefix=tamron%2B28%2B200mm%2Bfull-frame%2B,aps,322&sr=8-1&th=1&linkCode=sl1&tag=carltomich-22&linkId=48c5cc0e9d510609bb5d001f6a9afffc&language=en_AU&ref_=as_li_ss_tl",yes,n/a,no,no,no,missing target=_blank; missing rel nofollow sponsored
https://www.carltravels.com/daily-essential-travel-gear.html,daily-essential-travel-gear.html,332,Amazon Associates,US Link,https://amzn.to/4oHMXTy,200,"https://www.amazon.com.au/R%C3%98DE-Microphone-Recording-Microphones-Filmmaking/dp/B0CB2HGR9Q?crid=EGFFU6UZWCLT&dib=eyJ2IjoiMSJ9.DGm925iQklRK-0FmBcE9db-XNNBHUbEQUmSpGwxYevTWsXHx1AB2Ujp56lEEJfYAXcz8f7ItdheKMJJEt3fbcFJwLM0qbJZFbyXmeGeum-sa0VEabMsoDLY8CTncKG_wcQknrVxzofZHSnY2hjgptBqrzbKBtON6CpGKjvZLWJbF12me_IIzxbcIdQ8xyAiv4MZEEmpSth_cBUSNn31q0t3k7bBm6YhlZLAdCOz86vQKfMf3dxTZHnqFsWMWlUF7v0fy7dJRty-80-hdaPlVDfUAYTPOMRmPYrwuoDhkGHE.Jyv_XTXDBOYqJ4Rg5nZ0RKMDurBNR5Nag68iZPXdLmc&dib_tag=se&keywords=rode%2Bwireless%2Bpro&qid=1755253496&sprefix=Rode%2Bwirle,aps,388&sr=8-3&th=1&linkCode=sl1&tag=carltomich-22&linkId=c45e7c55dd1516f0f8708eea1e3df28d&language=en_AU&ref_=as_li_ss_tl",yes,n/a,no,no,no,missing target=_blank; missing rel nofollow sponsored
https://www.carltravels.com/daily-essential-travel-gear.html,daily-essential-travel-gear.html,334,Amazon Associates,AU Link,https://amzn.to/46kv8CG,200,"https://www.amazon.com.au/R%C3%98DE-Microphone-Recording-Microphones-Filmmaking/dp/B0CB2HGR9Q?crid=2CDBT69BZHLYA&dib=eyJ2IjoiMSJ9.Fwy-kxiSUMPxfuFncUDsU_A5ghupefIniz-REQnE6cTWsXHx1AB2Ujp56lEEJfYAXcz8f7ItdheKMJJEt3fbcDMaXA9z2vvl2SUhzXgbV4Ukq3M5KEeOMdSPoj2cooPZeZPhHMSlekWnOVWq4c0QaOzHxx6P7Hyvkb1eAIDVxOLyj1OA_3uyhvfsRMAssRUi_DZnq7KAobBNLtcDs2i8qN-URdgmgdbkNRbQvdaF9rucUW2oiHlnh0JMDv_DLbLkroYoa-fywaWO7QG159ijgMSHpfo0uXgaCvS9UJEj_s0.c_FuiqtAbfwdPKd4F4lJZzRIPwBnxfR6xx2cadHO14I&dib_tag=se&keywords=rode%2Bwireless%2Bpro&qid=1757035251&sprefix=rode%2Bw,aps,347&sr=8-5&th=1&linkCode=sl1&tag=carltomich-22&linkId=5c5361991d8e56b532939c61e269e8be&language=en_AU&ref_=as_li_ss_tl",yes,n/a,no,no,no,missing target=_blank; missing rel nofollow sponsored
https://www.carltravels.com/daily-essential-travel-gear.html,daily-essential-travel-gear.html,355,Amazon Associates,US Link,https://amzn.to/467fEAU,200,"https://www.amazon.com/Think-Tank-Airport-Commuter-Backpack/dp/B0083GQI5Y?crid=2DUIR27E54VFF&dib=eyJ2IjoiMSJ9.9XG5TZXY0VQe_JM4tf_rYqZTZVCpD3yhgWrqqRz7QRe2p5T785DRre0iq_knj0lCgwWu61gX6gQhU1gnkpa0Oy5NL2IJTmQqwU2OgKZOy7CJNXpEWJDXjz5XMOXhk-qfM1nF08sucPDsn0dmURafC38s2OcI8cViV1Q67OF01Sr2OmjeufUSQg0GHKX3twaAL-kI-4oLThlIo3FD4R9r9a-4ZQqUBJQ7iiDS97TIM2g.yGwuqwlPiTaZdkN4hPtMx2ru_ylVkLWkPPgvjFU3Vo4&dib_tag=se&keywords=thinktank+travel+backpack&qid=1757035483&sprefix=thinktank+travel+backpac,aps,316&sr=8-3&linkCode=sl1&tag=carltomichtec-20&linkId=5a1043bdd87861e72327b4d1be2226de&language=en_US&ref_=as_li_ss_tl",yes,n/a,no,no,no,missing target=_blank; missing rel nofollow sponsored
https://www.carltravels.com/daily-essential-travel-gear.html,daily-essential-travel-gear.html,357,Amazon Associates,AU Link,https://amzn.to/3I5mApV,200,"https://www.amazon.com.au/Think-Photo-Airport-Commuter-Backpack/dp/B0083GQI5Y?crid=C0BCCANHIF1P&dib=eyJ2IjoiMSJ9.FP6oWa3JfVz8mPQHHtuj2j56z3fDBCwLggHr6aC_VQkOVxUS8E-jSv8mMw2xvwAwKKp3yS3EAZDahiqzg1lUnJ4OI4bd4xC6w4ixKLoGdQQzlllNF5w7ZnNwMLs2cJUeG6JrDAmhFlIOVrQUbQfDbizfr5yKJOBszOQia6SfusuS4weSmOcfJvJKrX1mPtUZWqSiIfvSDzHdKlE3g8kCUmOJ15MWf_Y1bSIbO8NTex-o5CV-I2CF9MLgeMPW8TqjqtcJhcqbNXq4StxmCGriYFO89wZjALKw2reJs6HtCIw.qhwKjNiiihdX328DrvLyHXcJLf0AWPHeRP_c-KJrh90&dib_tag=se&keywords=thinktank%2Btravel%2Bcommuter&qid=1757035351&sprefix=thinktank%2Btravel%2Bcommuter,aps,269&sr=8-4&th=1&psc=1&linkCode=sl1&tag=carltomich-22&linkId=500149597f5ad39a813be7771a3c54f0&language=en_AU&ref_=as_li_ss_tl",yes,n/a,no,no,no,missing target=_blank; missing rel nofollow sponsored
https://www.carltravels.com/danangtravelguide.html,danangtravelguide.html,582,Wise,Sign up here,https://wise.com/invite/irhc/carlt62,200,https://wise.com/invite/irhc/carlt62,yes,n/a,no,no,no,missing target=_blank; missing rel nofollow sponsored
https://www.carltravels.com/danangtravelguide.html,danangtravelguide.html,588,Dehancer,dehancer.com/subscribe,https://www.dehancer.com/pricing/monthly,200,https://www.dehancer.com/pricing/monthly,no,n/a,no,no,no,missing tracking; missing target=_blank; missing rel nofollow sponsored
https://www.carltravels.com/danangtravelguide.html,danangtravelguide.html,595,Amazon Associates,DJI Flip,https://amzn.to/45iZULT,200,"https://www.amazon.com.au/DJI-Controller-Takeoff-Intelligent-Batteries/dp/B0DJ1FKDGP?crid=2R4BEGV4GCOVO&dib=eyJ2IjoiMSJ9.B3ZGiV_NB4CWvaKZC46HHhqNPIONGEffr9hyQ7doXp3AXko2J8XgtkAXDGsuiEAotNNI2PbCB1AYBnn8BEqRKQmDgWoDst39DJE8gasnXCLc-jUhcRDkTU-kNRFzDwVNjg3G3I5emTMygueqNFSxWtlrc8daGW3mi4t632aghZDCMYSRFrI9w-WsipGgN-AlFd9MHv5fvM5SOZdJ3ZRc3S6dP5ZdvaJbD8dpLuwD9xBibVGNVEA8sqdNPUGc1-QA6emRyHoQcDY9W1wK8g5M_GK-2rSHwY-u6nRI0GtXeD4.0l6QuT-oAkSZ2X00AMSTCdok07QQfjyAKzBb_DdWawE&dib_tag=se&keywords=dji%2Bflip&qid=1755253304&sprefix=dji%2B,aps,500&sr=8-1&th=1&linkCode=sl1&tag=sonymoviemast-22&linkId=3f5281eb31b07e511b695e37c70531d8&language=en_AU&ref_=as_li_ss_tl",yes,n/a,no,no,no,missing target=_blank; missing rel nofollow sponsored
https://www.carltravels.com/danangtravelguide.html,danangtravelguide.html,596,Amazon Associates,Sony A7C II,https://amzn.to/4mHhQ8H,200,"https://www.amazon.com.au/Alpha-Full-Frame-Interchangeable-Lens-Camera/dp/B0CGTTVYGM?crid=3UFGY3ITUFRIG&dib=eyJ2IjoiMSJ9.ev7c1E-3pbpbmadeh7VdWFcGksbpaD0LcfMpyGiafmIkmo2jGBt5M2E9J5fx_zQvYoa9cwkYx9Ms4314aD_KvlRP7kN7v44y5OVvwCe0hrwu3EmNb_ynMVmokWAEqEhATekuA2inkDK21iarXslKa-cwhVZmzX5YQxtcRmGKFeR772jpYj3HTrPbeI3ZQ4U9pdrLR2LEwE7JqN1U8Zd-BBT_0SJG6AhX8DL4MXBQZGSJ8ZS-_aLCTtitWZHc2pdFMTaRj76KAi4xLj1fzwW26k4n3Tyl4DcnDLsPS0O6csE.M7nmeQ9rGw5lWrk0OStz3sFcXb6hUUBIYxuSm25RGtM&dib_tag=se&keywords=Sony%2BA7CII&qid=1755253330&sprefix=sony%2Ba7ci,aps,339&sr=8-2&th=1&linkCode=sl1&tag=carltomich-22&linkId=e268d46ab451781fa56ff54460f43b36&language=en_AU&ref_=as_li_ss_tl",yes,n/a,no,no,no,missing target=_blank; missing rel nofollow sponsored
https://www.carltravels.com/danangtravelguide.html,danangtravelguide.html,597,Amazon Associates,DJI Pocket 3,https://amzn.to/4miS3UJ,200,"https://www.amazon.com.au/DJI-Vlogging-Stabilization-Tracking-Photography/dp/B0CG19FGQ5?crid=1G6X1VC3KQ5EX&dib=eyJ2IjoiMSJ9.OLzTlYtdM2w0TP6xjlSDCa_ccSbGz-LuIU4RgcQOCNGa_FFl2x1iOz2JX6S15ZXETql3rFDOM9ga-vhK36LgBaVMgdsL9DjJ1rGI703o8l2CU7qjqJgJrjk4bbf-Ae7lDW2VKJCOIhx3uSDXuParcMtR2mX2C58Se55j-iXTxZtUyCT_KpmGnxAiC29MDSrLM27fcIM9hNcLt9qfKC4X0H4XYBQK9QDfGIOYCCdiD5lduJ45hKRSb_vcDqRsfUclWisMqQvRUilvFcJNunY7PQEwXIkjphgmLW2BdwCZLnw.kXFrNmjSvoqF8aSCDLEiVO6jy41xldw8QKHmK03PQpg&dib_tag=se&keywords=DJI%2Bpocket%2B3&qid=1755253366&sprefix=dji%2Bpocket%2B34,aps,341&sr=8-5&th=1&linkCode=sl1&tag=carltomich-22&linkId=f574fc6c948e413d7828caf3917f88c7&language=en_AU&ref_=as_li_ss_tl",yes,n/a,no,no,no,missing target=_blank; missing rel nofollow sponsored
https://www.carltravels.com/danangtravelguide.html,danangtravelguide.html,598,Amazon Associates,Tamron 28–200,https://amzn.to/4lvd1hI,200,"https://www.amazon.com.au/Tamron-28-200-2-8-5-6-Mirrorless-Mount/dp/B08B34HWKV?crid=1QEN08AGHDA5P&dib=eyJ2IjoiMSJ9.F-1xObnXZ1qvBYq3zqlPY-NONJhLnpZLBqOzJ3HO5tTaMoqBS6y-yCzp9X2gf74AvY9AfeP0NaxoH7DZ9-baBGYipuEDZdeZDPhnjFQLAPKtme5_4_FG3s6XXvOiBciFRCc2uuwqEeNlASTcgcCCZMSMFQeah9VIUe8nfvKw3waCva02_S3xX9d-JyGDBuG_e3MirkHsz23lqve2L2QVLMa5j0OVts-mmsfQ8VCk2Mk21ZgO9UeZSpWiqPf46ib3p97ybHMdj-mSwAvwDGZsUplC0W8j79hDLbEyt4rRRsc.RD-ZusuknzzNJEQwUdBnNUgT4NbgXfMrZD-cLbs7Izg&dib_tag=se&keywords=tamron%2B24-150mm%2Bsony&qid=1755253413&sprefix=tamron%2B24-150mm%2Bson,aps,332&sr=8-8&th=1&linkCode=sl1&tag=carltomich-22&linkId=369f0dc13ba29944c2261e58637d5916&language=en_AU&ref_=as_li_ss_tl",yes,n/a,no,no,no,missing target=_blank; missing rel nofollow sponsored
https://www.carltravels.com/danangtravelguide.html,danangtravelguide.html,599,Amazon Associates,RØDE Wireless PRO,https://amzn.to/4oHMXTy,200,"https://www.amazon.com.au/R%C3%98DE-Microphone-Recording-Microphones-Filmmaking/dp/B0CB2HGR9Q?crid=EGFFU6UZWCLT&dib=eyJ2IjoiMSJ9.DGm925iQklRK-0FmBcE9db-XNNBHUbEQUmSpGwxYevTWsXHx1AB2Ujp56lEEJfYAXcz8f7ItdheKMJJEt3fbcFJwLM0qbJZFbyXmeGeum-sa0VEabMsoDLY8CTncKG_wcQknrVxzofZHSnY2hjgptBqrzbKBtON6CpGKjvZLWJbF12me_IIzxbcIdQ8xyAiv4MZEEmpSth_cBUSNn31q0t3k7bBm6YhlZLAdCOz86vQKfMf3dxTZHnqFsWMWlUF7v0fy7dJRty-80-hdaPlVDfUAYTPOMRmPYrwuoDhkGHE.Jyv_XTXDBOYqJ4Rg5nZ0RKMDurBNR5Nag68iZPXdLmc&dib_tag=se&keywords=rode%2Bwireless%2Bpro&qid=1755253496&sprefix=Rode%2Bwirle,aps,388&sr=8-3&th=1&linkCode=sl1&tag=carltomich-22&linkId=c45e7c55dd1516f0f8708eea1e3df28d&language=en_AU&ref_=as_li_ss_tl",yes,n/a,no,no,no,missing target=_blank; missing rel nofollow sponsored
https://www.carltravels.com/danangtravelguide.html,danangtravelguide.html,600,Amazon Associates,Think Tank Backpack,https://amzn.to/467fEAU,200,"https://www.amazon.com/Think-Tank-Airport-Commuter-Backpack/dp/B0083GQI5Y?crid=2DUIR27E54VFF&dib=eyJ2IjoiMSJ9.9XG5TZXY0VQe_JM4tf_rYqZTZVCpD3yhgWrqqRz7QRe2p5T785DRre0iq_knj0lCgwWu61gX6gQhU1gnkpa0Oy5NL2IJTmQqwU2OgKZOy7CJNXpEWJDXjz5XMOXhk-qfM1nF08sucPDsn0dmURafC38s2OcI8cViV1Q67OF01Sr2OmjeufUSQg0GHKX3twaAL-kI-4oLThlIo3FD4R9r9a-4ZQqUBJQ7iiDS97TIM2g.yGwuqwlPiTaZdkN4hPtMx2ru_ylVkLWkPPgvjFU3Vo4&dib_tag=se&keywords=thinktank+travel+backpack&qid=1757035483&sprefix=thinktank+travel+backpac,aps,316&sr=8-3&linkCode=sl1&tag=carltomichtec-20&linkId=5a1043bdd87861e72327b4d1be2226de&language=en_US&ref_=as_li_ss_tl",yes,n/a,no,no,no,missing target=_blank; missing rel nofollow sponsored
https://www.carltravels.com/danangtravelguide.html,danangtravelguide.html,606,Amazon Associates,DJI Flip,https://amzn.to/41zmAVV,200,"https://www.amazon.com.au/DJI-Controller-Takeoff-Intelligent-Batteries/dp/B0DJ1FKDGP?crid=27CLM6RRHHRB4&dib=eyJ2IjoiMSJ9.xHJwj2C5oeF6OHTI195Mdn3sPKEY3lQQtbR1Ffinq4nZrf0vJkhLIitjW3VBJOJxwyVeE4yQAuXGFbWTEwFrlWWsax_d6SMbu6MShKn__FMm0mh-GoBsHRxdET8U2ZnqpxXklLfQqiThEX0uRx_FzYCEWuAVyvXSelhqtv3be5YD_EsWRzMIULJGPJlSUrdUmmEa5c91FR8syo0ZeIfK0g6nYhVRBSfryUO8DyP7t9w0yINa3lmqQbKaTVkAljF0zY95g7ligNcgPIUNDRqXXx8IdElfmIcz-LTDbcXZCVY.BHpsQw5p_iwN_R_6cb79XAe-ZNr3mHBd-DXY4w99rs8&dib_tag=se&keywords=dji%2Bflip&qid=1757034937&sprefix=dji%2Bflip,aps,261&sr=8-1&th=1&linkCode=sl1&tag=carltomich-22&linkId=086f0f4dda5311ea4c0fa2a020c7fc62&language=en_AU&ref_=as_li_ss_tl",yes,n/a,no,no,no,missing target=_blank; missing rel nofollow sponsored
https://www.carltravels.com/danangtravelguide.html,danangtravelguide.html,607,Amazon Associates,Sony A7C II,https://amzn.to/45Qk2Fw,200,"https://www.amazon.com.au/Sony-Alpha-System-Camera-28-60mm/dp/B0CGFBMNDH?crid=Y4V8WSCJABT6&dib=eyJ2IjoiMSJ9.ev7c1E-3pbpbmadeh7VdWGGGwBPVPgenkV33RBsEipu2uXVpDOT-4N719LE8z5ZZkuiatxECfZOdzpPy6zsWyTaCC9-YjTsjmmcZSgzVbtIhv6nwiqrhip-8XLyFVM8TJI0S9CtfzEuF20mZcy_wovPC1FlRfSxCGu-1DiuOJ6Z2es25G9g5miw4rVwdl2YcxPhn0n3sJchrolpd3esOjIp0QaLGvz7n3uFMc-O48l4pYSj__YDttER8crkPx69f7mSxS8ujQijijWSjmj4h9XUlNdHSaq2KQBm7l6vTkyg.johmDKkudmYJ6Vp3A83ZS0WmLiuItffyIHcQrNpcTpM&dib_tag=se&keywords=sony%2Ba7cii&qid=1757035042&sprefix=sony%2Ba7cii,aps,242&sr=8-7&th=1&linkCode=sl1&tag=carltomich-22&linkId=e6839e00766785a47c09e7449989c441&language=en_AU&ref_=as_li_ss_tl",yes,n/a,no,no,no,missing target=_blank; missing rel nofollow sponsored
https://www.carltravels.com/danangtravelguide.html,danangtravelguide.html,608,Amazon Associates,DJI Osmo Pocket 3,https://amzn.to/4gaYLJZ,200,"https://www.amazon.com.au/DJI-Stabilization-Rotatable-Touchscreen-Photography/dp/B0CG19QXWD?crid=3SHCFANSRK2GV&dib=eyJ2IjoiMSJ9.hn-IKcsoi27x5Xtepf1O0xSEJ-Xc0yIsZ5hiLNsRo0_pnL0HwMARDMaGpGot5vRUIoisskZuJLNO1vrHcsMAQPRIRCdFRvFwlfyVPydN5FfkKgbYw0s29BMkgJiljvn0_ugxYU6JZ9cLZJ8Oj30vFVBWWAWBuepYqTkzRyVqmr2ii2X5OCrM6ae484zpYvqQCRiXcJMt0dgPItUfZ0RL6z-y7KTTesad4agjzTRTAcf1lSsm2yEzEH72afh7B2OEGD2c87RWuC02g7fgtlSVS8E50gbD3A0TmSTnzJ8VLKQ.Bx4cRITeVOMwGs0D0DKW1fgGx14CLCMyLTVRjMuItUs&dib_tag=se&keywords=dji%2Bosmo%2Bpocket%2B3&qid=1757035105&sprefix=DJI,aps,491&sr=8-5&th=1&linkCode=sl1&tag=carltomich-22&linkId=6c45d0909c1797b83d49c364f2b311b2&language=en_AU&ref_=as_li_ss_tl",yes,n/a,no,no,no,missing target=_blank; missing rel nofollow sponsored
https://www.carltravels.com/danangtravelguide.html,danangtravelguide.html,609,Amazon Associates,Tamron 24–200,https://amzn.to/4n73D5P,200,"https://www.amazon.com.au/Tamron-28-200-2-8-5-6-Mirrorless-Mount/dp/B08B34HWKV?crid=2KXUS0I4U82EM&dib=eyJ2IjoiMSJ9.CirVtLEYR7BE9okHzn54invQLY0R2IpCxFbXtvO1NnS3N7bkvewO8f1Yq8HoRp8by7g8fCAGFxwZReQZiHGIleWQhBiyxX6NqLuWc2JcY0SatfWtItHN56up3Chh0D8MWnZx1sZMHuhw7JMF1wW-t-_JV04YdmuFHxRHCAkZE68WtA-D3L-Dzu4PGUjAvPjTp5SldK7-BzyvSBMXmLxJIRehuwg0-GotkfHE9WlIC_4H_U3a4PyQdb9pUPOs3wgOSlpAZtRp5xUnt9EVdnDOoa8N5AFkcblsba8g9gFHmgg.ywMyfDborErcaHwGfqjwuU9BKivzUuvVcowT6gYYSgc&dib_tag=se&keywords=Tamron%2B28%E2%80%93200mm%2B(Full-Frame)&qid=1757035157&sprefix=tamron%2B28%2B200mm%2Bfull-frame%2B,aps,322&sr=8-1&th=1&linkCode=sl1&tag=carltomich-22&linkId=48c5cc0e9d510609bb5d001f6a9afffc&language=en_AU&ref_=as_li_ss_tl",yes,n/a,no,no,no,missing target=_blank; missing rel nofollow sponsored
https://www.carltravels.com/danangtravelguide.html,danangtravelguide.html,610,Amazon Associates,RØDE Wireless PRO,https://amzn.to/46kv8CG,200,"https://www.amazon.com.au/R%C3%98DE-Microphone-Recording-Microphones-Filmmaking/dp/B0CB2HGR9Q?crid=2CDBT69BZHLYA&dib=eyJ2IjoiMSJ9.Fwy-kxiSUMPxfuFncUDsU_A5ghupefIniz-REQnE6cTWsXHx1AB2Ujp56lEEJfYAXcz8f7ItdheKMJJEt3fbcDMaXA9z2vvl2SUhzXgbV4Ukq3M5KEeOMdSPoj2cooPZeZPhHMSlekWnOVWq4c0QaOzHxx6P7Hyvkb1eAIDVxOLyj1OA_3uyhvfsRMAssRUi_DZnq7KAobBNLtcDs2i8qN-URdgmgdbkNRbQvdaF9rucUW2oiHlnh0JMDv_DLbLkroYoa-fywaWO7QG159ijgMSHpfo0uXgaCvS9UJEj_s0.c_FuiqtAbfwdPKd4F4lJZzRIPwBnxfR6xx2cadHO14I&dib_tag=se&keywords=rode%2Bwireless%2Bpro&qid=1757035251&sprefix=rode%2Bw,aps,347&sr=8-5&th=1&linkCode=sl1&tag=carltomich-22&linkId=5c5361991d8e56b532939c61e269e8be&language=en_AU&ref_=as_li_ss_tl",yes,n/a,no,no,no,missing target=_blank; missing rel nofollow sponsored
https://www.carltravels.com/danangtravelguide.html,danangtravelguide.html,611,Amazon Associates,Think Tank Backpack,https://amzn.to/3I5mApV,200,"https://www.amazon.com.au/Think-Photo-Airport-Commuter-Backpack/dp/B0083GQI5Y?crid=C0BCCANHIF1P&dib=eyJ2IjoiMSJ9.FP6oWa3JfVz8mPQHHtuj2j56z3fDBCwLggHr6aC_VQkOVxUS8E-jSv8mMw2xvwAwKKp3yS3EAZDahiqzg1lUnJ4OI4bd4xC6w4ixKLoGdQQzlllNF5w7ZnNwMLs2cJUeG6JrDAmhFlIOVrQUbQfDbizfr5yKJOBszOQia6SfusuS4weSmOcfJvJKrX1mPtUZWqSiIfvSDzHdKlE3g8kCUmOJ15MWf_Y1bSIbO8NTex-o5CV-I2CF9MLgeMPW8TqjqtcJhcqbNXq4StxmCGriYFO89wZjALKw2reJs6HtCIw.qhwKjNiiihdX328DrvLyHXcJLf0AWPHeRP_c-KJrh90&dib_tag=se&keywords=thinktank%2Btravel%2Bcommuter&qid=1757035351&sprefix=thinktank%2Btravel%2Bcommuter,aps,269&sr=8-4&th=1&psc=1&linkCode=sl1&tag=carltomich-22&linkId=500149597f5ad39a813be7771a3c54f0&language=en_AU&ref_=as_li_ss_tl",yes,n/a,no,no,no,missing target=_blank; missing rel nofollow sponsored
https://www.carltravels.com/danangtravelguide.html,danangtravelguide.html,635,Saily eSIM,👉 Activate your eSIM now,https://go.saily.site/aff_c?offer_id=101&aff_id=12234,403,https://saily.com/special/?utm_source=12234&utm_medium=affiliate&utm_campaign=101&aff_transaction_id=102671cde85b9dc60aa1208c946ed9&aff_sub=&aff_offer_id=101&aff_id=12234&url={url}&utm_content=&params[ho_asub1]=,yes,no,yes,no,no,not working or blocked; missing CARLRI5370; old Saily affiliate URL format; missing rel nofollow sponsored
https://www.carltravels.com/dating-in-vietnam.html,dating-in-vietnam.html,413,Amazon Associates,View on Amazon,https://amzn.to/4miS3UJ,200,"https://www.amazon.com.au/DJI-Vlogging-Stabilization-Tracking-Photography/dp/B0CG19FGQ5?crid=1G6X1VC3KQ5EX&dib=eyJ2IjoiMSJ9.OLzTlYtdM2w0TP6xjlSDCa_ccSbGz-LuIU4RgcQOCNGa_FFl2x1iOz2JX6S15ZXETql3rFDOM9ga-vhK36LgBaVMgdsL9DjJ1rGI703o8l2CU7qjqJgJrjk4bbf-Ae7lDW2VKJCOIhx3uSDXuParcMtR2mX2C58Se55j-iXTxZtUyCT_KpmGnxAiC29MDSrLM27fcIM9hNcLt9qfKC4X0H4XYBQK9QDfGIOYCCdiD5lduJ45hKRSb_vcDqRsfUclWisMqQvRUilvFcJNunY7PQEwXIkjphgmLW2BdwCZLnw.kXFrNmjSvoqF8aSCDLEiVO6jy41xldw8QKHmK03PQpg&dib_tag=se&keywords=DJI%2Bpocket%2B3&qid=1755253366&sprefix=dji%2Bpocket%2B34,aps,341&sr=8-5&th=1&linkCode=sl1&tag=carltomich-22&linkId=f574fc6c948e413d7828caf3917f88c7&language=en_AU&ref_=as_li_ss_tl",yes,n/a,no,no,no,missing target=_blank; missing rel nofollow sponsored
https://www.carltravels.com/dating-in-vietnam.html,dating-in-vietnam.html,447,Saily eSIM,👉 Activate your eSIM now,https://go.saily.site/aff_c?offer_id=101&aff_id=12234,403,https://saily.com/special/?utm_source=12234&utm_medium=affiliate&utm_campaign=101&aff_transaction_id=102671cde85b9dc60aa1208c946ed9&aff_sub=&aff_offer_id=101&aff_id=12234&url={url}&utm_content=&params[ho_asub1]=,yes,no,yes,no,no,not working or blocked; missing CARLRI5370; old Saily affiliate URL format; missing rel nofollow sponsored
https://www.carltravels.com/destinations.html,destinations.html,1595,Wise,Sign up here,https://wise.com/invite/irhc/carlt62,200,https://wise.com/invite/irhc/carlt62,yes,n/a,no,no,no,missing target=_blank; missing rel nofollow sponsored
https://www.carltravels.com/destinations.html,destinations.html,1603,Dehancer,dehancer.com/subscribe,https://www.dehancer.com/pricing/monthly,200,https://www.dehancer.com/pricing/monthly,no,n/a,no,no,no,missing tracking; missing target=_blank; missing rel nofollow sponsored
https://www.carltravels.com/destinations.html,destinations.html,1613,Amazon Associates,DJI Flip,https://amzn.to/45iZULT,200,"https://www.amazon.com.au/DJI-Controller-Takeoff-Intelligent-Batteries/dp/B0DJ1FKDGP?crid=2R4BEGV4GCOVO&dib=eyJ2IjoiMSJ9.B3ZGiV_NB4CWvaKZC46HHhqNPIONGEffr9hyQ7doXp3AXko2J8XgtkAXDGsuiEAotNNI2PbCB1AYBnn8BEqRKQmDgWoDst39DJE8gasnXCLc-jUhcRDkTU-kNRFzDwVNjg3G3I5emTMygueqNFSxWtlrc8daGW3mi4t632aghZDCMYSRFrI9w-WsipGgN-AlFd9MHv5fvM5SOZdJ3ZRc3S6dP5ZdvaJbD8dpLuwD9xBibVGNVEA8sqdNPUGc1-QA6emRyHoQcDY9W1wK8g5M_GK-2rSHwY-u6nRI0GtXeD4.0l6QuT-oAkSZ2X00AMSTCdok07QQfjyAKzBb_DdWawE&dib_tag=se&keywords=dji%2Bflip&qid=1755253304&sprefix=dji%2B,aps,500&sr=8-1&th=1&linkCode=sl1&tag=sonymoviemast-22&linkId=3f5281eb31b07e511b695e37c70531d8&language=en_AU&ref_=as_li_ss_tl",yes,n/a,no,no,no,missing target=_blank; missing rel nofollow sponsored
https://www.carltravels.com/destinations.html,destinations.html,1615,Amazon Associates,Sony A7C II,https://amzn.to/4mHhQ8H,200,"https://www.amazon.com.au/Alpha-Full-Frame-Interchangeable-Lens-Camera/dp/B0CGTTVYGM?crid=3UFGY3ITUFRIG&dib=eyJ2IjoiMSJ9.ev7c1E-3pbpbmadeh7VdWFcGksbpaD0LcfMpyGiafmIkmo2jGBt5M2E9J5fx_zQvYoa9cwkYx9Ms4314aD_KvlRP7kN7v44y5OVvwCe0hrwu3EmNb_ynMVmokWAEqEhATekuA2inkDK21iarXslKa-cwhVZmzX5YQxtcRmGKFeR772jpYj3HTrPbeI3ZQ4U9pdrLR2LEwE7JqN1U8Zd-BBT_0SJG6AhX8DL4MXBQZGSJ8ZS-_aLCTtitWZHc2pdFMTaRj76KAi4xLj1fzwW26k4n3Tyl4DcnDLsPS0O6csE.M7nmeQ9rGw5lWrk0OStz3sFcXb6hUUBIYxuSm25RGtM&dib_tag=se&keywords=Sony%2BA7CII&qid=1755253330&sprefix=sony%2Ba7ci,aps,339&sr=8-2&th=1&linkCode=sl1&tag=carltomich-22&linkId=e268d46ab451781fa56ff54460f43b36&language=en_AU&ref_=as_li_ss_tl",yes,n/a,no,no,no,missing target=_blank; missing rel nofollow sponsored
https://www.carltravels.com/destinations.html,destinations.html,1617,Amazon Associates,DJI Pocket 3,https://amzn.to/4miS3UJ,200,"https://www.amazon.com.au/DJI-Vlogging-Stabilization-Tracking-Photography/dp/B0CG19FGQ5?crid=1G6X1VC3KQ5EX&dib=eyJ2IjoiMSJ9.OLzTlYtdM2w0TP6xjlSDCa_ccSbGz-LuIU4RgcQOCNGa_FFl2x1iOz2JX6S15ZXETql3rFDOM9ga-vhK36LgBaVMgdsL9DjJ1rGI703o8l2CU7qjqJgJrjk4bbf-Ae7lDW2VKJCOIhx3uSDXuParcMtR2mX2C58Se55j-iXTxZtUyCT_KpmGnxAiC29MDSrLM27fcIM9hNcLt9qfKC4X0H4XYBQK9QDfGIOYCCdiD5lduJ45hKRSb_vcDqRsfUclWisMqQvRUilvFcJNunY7PQEwXIkjphgmLW2BdwCZLnw.kXFrNmjSvoqF8aSCDLEiVO6jy41xldw8QKHmK03PQpg&dib_tag=se&keywords=DJI%2Bpocket%2B3&qid=1755253366&sprefix=dji%2Bpocket%2B34,aps,341&sr=8-5&th=1&linkCode=sl1&tag=carltomich-22&linkId=f574fc6c948e413d7828caf3917f88c7&language=en_AU&ref_=as_li_ss_tl",yes,n/a,no,no,no,missing target=_blank; missing rel nofollow sponsored
https://www.carltravels.com/destinations.html,destinations.html,1619,Amazon Associates,Tamron 28–200,https://amzn.to/4lvd1hI,200,"https://www.amazon.com.au/Tamron-28-200-2-8-5-6-Mirrorless-Mount/dp/B08B34HWKV?crid=1QEN08AGHDA5P&dib=eyJ2IjoiMSJ9.F-1xObnXZ1qvBYq3zqlPY-NONJhLnpZLBqOzJ3HO5tTaMoqBS6y-yCzp9X2gf74AvY9AfeP0NaxoH7DZ9-baBGYipuEDZdeZDPhnjFQLAPKtme5_4_FG3s6XXvOiBciFRCc2uuwqEeNlASTcgcCCZMSMFQeah9VIUe8nfvKw3waCva02_S3xX9d-JyGDBuG_e3MirkHsz23lqve2L2QVLMa5j0OVts-mmsfQ8VCk2Mk21ZgO9UeZSpWiqPf46ib3p97ybHMdj-mSwAvwDGZsUplC0W8j79hDLbEyt4rRRsc.RD-ZusuknzzNJEQwUdBnNUgT4NbgXfMrZD-cLbs7Izg&dib_tag=se&keywords=tamron%2B24-150mm%2Bsony&qid=1755253413&sprefix=tamron%2B24-150mm%2Bson,aps,332&sr=8-8&th=1&linkCode=sl1&tag=carltomich-22&linkId=369f0dc13ba29944c2261e58637d5916&language=en_AU&ref_=as_li_ss_tl",yes,n/a,no,no,no,missing target=_blank; missing rel nofollow sponsored
https://www.carltravels.com/destinations.html,destinations.html,1621,Amazon Associates,RØDE Wireless PRO,https://amzn.to/4oHMXTy,200,"https://www.amazon.com.au/R%C3%98DE-Microphone-Recording-Microphones-Filmmaking/dp/B0CB2HGR9Q?crid=EGFFU6UZWCLT&dib=eyJ2IjoiMSJ9.DGm925iQklRK-0FmBcE9db-XNNBHUbEQUmSpGwxYevTWsXHx1AB2Ujp56lEEJfYAXcz8f7ItdheKMJJEt3fbcFJwLM0qbJZFbyXmeGeum-sa0VEabMsoDLY8CTncKG_wcQknrVxzofZHSnY2hjgptBqrzbKBtON6CpGKjvZLWJbF12me_IIzxbcIdQ8xyAiv4MZEEmpSth_cBUSNn31q0t3k7bBm6YhlZLAdCOz86vQKfMf3dxTZHnqFsWMWlUF7v0fy7dJRty-80-hdaPlVDfUAYTPOMRmPYrwuoDhkGHE.Jyv_XTXDBOYqJ4Rg5nZ0RKMDurBNR5Nag68iZPXdLmc&dib_tag=se&keywords=rode%2Bwireless%2Bpro&qid=1755253496&sprefix=Rode%2Bwirle,aps,388&sr=8-3&th=1&linkCode=sl1&tag=carltomich-22&linkId=c45e7c55dd1516f0f8708eea1e3df28d&language=en_AU&ref_=as_li_ss_tl",yes,n/a,no,no,no,missing target=_blank; missing rel nofollow sponsored
https://www.carltravels.com/destinations.html,destinations.html,1623,Amazon Associates,Think Tank Backpack,https://amzn.to/467fEAU,200,"https://www.amazon.com/Think-Tank-Airport-Commuter-Backpack/dp/B0083GQI5Y?crid=2DUIR27E54VFF&dib=eyJ2IjoiMSJ9.9XG5TZXY0VQe_JM4tf_rYqZTZVCpD3yhgWrqqRz7QRe2p5T785DRre0iq_knj0lCgwWu61gX6gQhU1gnkpa0Oy5NL2IJTmQqwU2OgKZOy7CJNXpEWJDXjz5XMOXhk-qfM1nF08sucPDsn0dmURafC38s2OcI8cViV1Q67OF01Sr2OmjeufUSQg0GHKX3twaAL-kI-4oLThlIo3FD4R9r9a-4ZQqUBJQ7iiDS97TIM2g.yGwuqwlPiTaZdkN4hPtMx2ru_ylVkLWkPPgvjFU3Vo4&dib_tag=se&keywords=thinktank+travel+backpack&qid=1757035483&sprefix=thinktank+travel+backpac,aps,316&sr=8-3&linkCode=sl1&tag=carltomichtec-20&linkId=5a1043bdd87861e72327b4d1be2226de&language=en_US&ref_=as_li_ss_tl",yes,n/a,no,no,no,missing target=_blank; missing rel nofollow sponsored
https://www.carltravels.com/destinations.html,destinations.html,1630,Amazon Associates,DJI Flip,https://amzn.to/41zmAVV,200,"https://www.amazon.com.au/DJI-Controller-Takeoff-Intelligent-Batteries/dp/B0DJ1FKDGP?crid=27CLM6RRHHRB4&dib=eyJ2IjoiMSJ9.xHJwj2C5oeF6OHTI195Mdn3sPKEY3lQQtbR1Ffinq4nZrf0vJkhLIitjW3VBJOJxwyVeE4yQAuXGFbWTEwFrlWWsax_d6SMbu6MShKn__FMm0mh-GoBsHRxdET8U2ZnqpxXklLfQqiThEX0uRx_FzYCEWuAVyvXSelhqtv3be5YD_EsWRzMIULJGPJlSUrdUmmEa5c91FR8syo0ZeIfK0g6nYhVRBSfryUO8DyP7t9w0yINa3lmqQbKaTVkAljF0zY95g7ligNcgPIUNDRqXXx8IdElfmIcz-LTDbcXZCVY.BHpsQw5p_iwN_R_6cb79XAe-ZNr3mHBd-DXY4w99rs8&dib_tag=se&keywords=dji%2Bflip&qid=1757034937&sprefix=dji%2Bflip,aps,261&sr=8-1&th=1&linkCode=sl1&tag=carltomich-22&linkId=086f0f4dda5311ea4c0fa2a020c7fc62&language=en_AU&ref_=as_li_ss_tl",yes,n/a,no,no,no,missing target=_blank; missing rel nofollow sponsored
https://www.carltravels.com/destinations.html,destinations.html,1632,Amazon Associates,Sony A7C II,https://amzn.to/45Qk2Fw,200,"https://www.amazon.com.au/Sony-Alpha-System-Camera-28-60mm/dp/B0CGFBMNDH?crid=Y4V8WSCJABT6&dib=eyJ2IjoiMSJ9.ev7c1E-3pbpbmadeh7VdWGGGwBPVPgenkV33RBsEipu2uXVpDOT-4N719LE8z5ZZkuiatxECfZOdzpPy6zsWyTaCC9-YjTsjmmcZSgzVbtIhv6nwiqrhip-8XLyFVM8TJI0S9CtfzEuF20mZcy_wovPC1FlRfSxCGu-1DiuOJ6Z2es25G9g5miw4rVwdl2YcxPhn0n3sJchrolpd3esOjIp0QaLGvz7n3uFMc-O48l4pYSj__YDttER8crkPx69f7mSxS8ujQijijWSjmj4h9XUlNdHSaq2KQBm7l6vTkyg.johmDKkudmYJ6Vp3A83ZS0WmLiuItffyIHcQrNpcTpM&dib_tag=se&keywords=sony%2Ba7cii&qid=1757035042&sprefix=sony%2Ba7cii,aps,242&sr=8-7&th=1&linkCode=sl1&tag=carltomich-22&linkId=e6839e00766785a47c09e7449989c441&language=en_AU&ref_=as_li_ss_tl",yes,n/a,no,no,no,missing target=_blank; missing rel nofollow sponsored
https://www.carltravels.com/destinations.html,destinations.html,1634,Amazon Associates,DJI Osmo Pocket 3,https://amzn.to/4gaYLJZ,200,"https://www.amazon.com.au/DJI-Stabilization-Rotatable-Touchscreen-Photography/dp/B0CG19QXWD?crid=3SHCFANSRK2GV&dib=eyJ2IjoiMSJ9.hn-IKcsoi27x5Xtepf1O0xSEJ-Xc0yIsZ5hiLNsRo0_pnL0HwMARDMaGpGot5vRUIoisskZuJLNO1vrHcsMAQPRIRCdFRvFwlfyVPydN5FfkKgbYw0s29BMkgJiljvn0_ugxYU6JZ9cLZJ8Oj30vFVBWWAWBuepYqTkzRyVqmr2ii2X5OCrM6ae484zpYvqQCRiXcJMt0dgPItUfZ0RL6z-y7KTTesad4agjzTRTAcf1lSsm2yEzEH72afh7B2OEGD2c87RWuC02g7fgtlSVS8E50gbD3A0TmSTnzJ8VLKQ.Bx4cRITeVOMwGs0D0DKW1fgGx14CLCMyLTVRjMuItUs&dib_tag=se&keywords=dji%2Bosmo%2Bpocket%2B3&qid=1757035105&sprefix=DJI,aps,491&sr=8-5&th=1&linkCode=sl1&tag=carltomich-22&linkId=6c45d0909c1797b83d49c364f2b311b2&language=en_AU&ref_=as_li_ss_tl",yes,n/a,no,no,no,missing target=_blank; missing rel nofollow sponsored
https://www.carltravels.com/destinations.html,destinations.html,1636,Amazon Associates,Tamron 24–200,https://amzn.to/4n73D5P,200,"https://www.amazon.com.au/Tamron-28-200-2-8-5-6-Mirrorless-Mount/dp/B08B34HWKV?crid=2KXUS0I4U82EM&dib=eyJ2IjoiMSJ9.CirVtLEYR7BE9okHzn54invQLY0R2IpCxFbXtvO1NnS3N7bkvewO8f1Yq8HoRp8by7g8fCAGFxwZReQZiHGIleWQhBiyxX6NqLuWc2JcY0SatfWtItHN56up3Chh0D8MWnZx1sZMHuhw7JMF1wW-t-_JV04YdmuFHxRHCAkZE68WtA-D3L-Dzu4PGUjAvPjTp5SldK7-BzyvSBMXmLxJIRehuwg0-GotkfHE9WlIC_4H_U3a4PyQdb9pUPOs3wgOSlpAZtRp5xUnt9EVdnDOoa8N5AFkcblsba8g9gFHmgg.ywMyfDborErcaHwGfqjwuU9BKivzUuvVcowT6gYYSgc&dib_tag=se&keywords=Tamron%2B28%E2%80%93200mm%2B(Full-Frame)&qid=1757035157&sprefix=tamron%2B28%2B200mm%2Bfull-frame%2B,aps,322&sr=8-1&th=1&linkCode=sl1&tag=carltomich-22&linkId=48c5cc0e9d510609bb5d001f6a9afffc&language=en_AU&ref_=as_li_ss_tl",yes,n/a,no,no,no,missing target=_blank; missing rel nofollow sponsored
https://www.carltravels.com/destinations.html,destinations.html,1638,Amazon Associates,RØDE Wireless PRO,https://amzn.to/46kv8CG,200,"https://www.amazon.com.au/R%C3%98DE-Microphone-Recording-Microphones-Filmmaking/dp/B0CB2HGR9Q?crid=2CDBT69BZHLYA&dib=eyJ2IjoiMSJ9.Fwy-kxiSUMPxfuFncUDsU_A5ghupefIniz-REQnE6cTWsXHx1AB2Ujp56lEEJfYAXcz8f7ItdheKMJJEt3fbcDMaXA9z2vvl2SUhzXgbV4Ukq3M5KEeOMdSPoj2cooPZeZPhHMSlekWnOVWq4c0QaOzHxx6P7Hyvkb1eAIDVxOLyj1OA_3uyhvfsRMAssRUi_DZnq7KAobBNLtcDs2i8qN-URdgmgdbkNRbQvdaF9rucUW2oiHlnh0JMDv_DLbLkroYoa-fywaWO7QG159ijgMSHpfo0uXgaCvS9UJEj_s0.c_FuiqtAbfwdPKd4F4lJZzRIPwBnxfR6xx2cadHO14I&dib_tag=se&keywords=rode%2Bwireless%2Bpro&qid=1757035251&sprefix=rode%2Bw,aps,347&sr=8-5&th=1&linkCode=sl1&tag=carltomich-22&linkId=5c5361991d8e56b532939c61e269e8be&language=en_AU&ref_=as_li_ss_tl",yes,n/a,no,no,no,missing target=_blank; missing rel nofollow sponsored
https://www.carltravels.com/destinations.html,destinations.html,1640,Amazon Associates,Think Tank Backpack,https://amzn.to/3I5mApV,200,"https://www.amazon.com.au/Think-Photo-Airport-Commuter-Backpack/dp/B0083GQI5Y?crid=C0BCCANHIF1P&dib=eyJ2IjoiMSJ9.FP6oWa3JfVz8mPQHHtuj2j56z3fDBCwLggHr6aC_VQkOVxUS8E-jSv8mMw2xvwAwKKp3yS3EAZDahiqzg1lUnJ4OI4bd4xC6w4ixKLoGdQQzlllNF5w7ZnNwMLs2cJUeG6JrDAmhFlIOVrQUbQfDbizfr5yKJOBszOQia6SfusuS4weSmOcfJvJKrX1mPtUZWqSiIfvSDzHdKlE3g8kCUmOJ15MWf_Y1bSIbO8NTex-o5CV-I2CF9MLgeMPW8TqjqtcJhcqbNXq4StxmCGriYFO89wZjALKw2reJs6HtCIw.qhwKjNiiihdX328DrvLyHXcJLf0AWPHeRP_c-KJrh90&dib_tag=se&keywords=thinktank%2Btravel%2Bcommuter&qid=1757035351&sprefix=thinktank%2Btravel%2Bcommuter,aps,269&sr=8-4&th=1&psc=1&linkCode=sl1&tag=carltomich-22&linkId=500149597f5ad39a813be7771a3c54f0&language=en_AU&ref_=as_li_ss_tl",yes,n/a,no,no,no,missing target=_blank; missing rel nofollow sponsored
https://www.carltravels.com/dji-mini-3-pro-review.html,dji-mini-3-pro-review.html,400,Amazon Associates,DJI Mini 3 Pro (or newer models),https://amzn.to/3EcRLNM,200,"https://www.amazon.com/Bose-Powered-Portable-Bluetooth-Wireless/dp/B0BZWT5FRR?crid=36K62NE3AOSU3&dib=eyJ2IjoiMSJ9.CWKILr-gz7sqiYEChmxNgXQdmo8t47Jqf7hIv4bYa7TrPXWtLNa8BjfZlKjZv0T7vvWEKl27iXG0ol2e_FXcUlpjchDFawfzgXRRKijp4M2203setBXMcww7P2kcBctnSwb1mMhk8g1c4DCmx9GwL8DKhi6TCEHpUfexs0sWXgZUKTuFiHomyjfuGZGWonlznjxf8nLCbEX3qg1Td9GzhNGv92K-4ub92-SuEqB9DRgY-Lihps4yh_zjR3NbIP4a1mofoSQCW53cwhHvCuXybEkj0tFPqpDlEGXzWhHGYftclPmF2HoTO8k7c0ySt1oc1G--f6_Fj14FeDreiw0tRrxditmiDG38aO86yLjrzbQnd7YryhMm7RztNf3eOhHHKzU-wKpFHn49vGZoNDARRmFxXhCJsqGr7n4fOMpvLPWudpHHZgn8hdgfA4iNq178.LRWT7O7g7W-f-CEtou9-z1rag8GN9hz6HP4O6CqZLbg&dib_tag=se&keywords=bose%2Bs1%2Bpro%2Bplus&qid=1738179955&sprefix=bose%2Bs1%2Bpro%2Bpl,aps,458&sr=8-1&th=1&linkCode=sl1&tag=carltomichtec-20&linkId=7a3a06839e7c8e35382581762bcd6f05&language=en_US&ref_=as_li_ss_tl",yes,n/a,no,no,no,missing target=_blank; missing rel nofollow sponsored
https://www.carltravels.com/dji-mini-3-pro-review.html,dji-mini-3-pro-review.html,401,Amazon Associates,Main Camera (Sony A7CII),https://amzn.to/4c41Mde,200,"https://www.amazon.com/Sony-Alpha-Full-Frame-Interchangeable-Camera/dp/B0CGTWZGWB?crid=3DUG7SYRD189G&dib=eyJ2IjoiMSJ9.ev7c1E-3pbpbmadeh7VdWIIAsLsepdNz-6K9_6D2DSeTW11NZLtBvIeGzEtgdeSbSIU-yFEfg--hVoQ0gJdmur2uvTLiE4wv5o-g_pdJWYOSE2L5jH1T4eCL5Fv9L3oRdh8DZ3BQNA5MatuZlATG0NHDeaUWPKuYS44eTiJPmcx_JwpRWUePkfVLm-eozbikzOevCUORBpIL11bZP_81R0V5xVWCog5IWaweyun-jF0.w_GvGnaQfZCLFu3gPhqFueFEAC4YHi7VRTEN8lBWi64&dib_tag=se&keywords=sony%2Ba7cii&qid=1742790115&sprefix=sony%2Ba7cii,aps,278&sr=8-1&th=1&linkCode=sl1&tag=carltomichtec-20&linkId=3d786ab6fb1b568679469bd7f57a3f9a&language=en_US&ref_=as_li_ss_tl",yes,n/a,no,no,no,missing target=_blank; missing rel nofollow sponsored
https://www.carltravels.com/dji-mini-3-pro-review.html,dji-mini-3-pro-review.html,402,Amazon Associates,DJI Pocket 3,https://amzn.to/4hFqguz,200,"https://www.amazon.com/DJI-Vlogging-Stabilization-Tracking-Photography/dp/B0CG19FGQ5?crid=TMCX6ZWEUHKI&dib=eyJ2IjoiMSJ9.vE4X0ycndfdhEt6K2DdFm_V0WOSkq9RirfmX-EujyxRmLwvdqPGuQIYryoJlnKVTkTnakbBwfrrvEx3EHPMNKKkpVI0XSem8oIAcqdAAFhTqVyWjnmg5t0s7vvb5q4kdX7AwWm0qIMGz8lw4pr2Qf0ShnqfL9AIG2YeiURd6hzpmTfI2w5Ihly6yue-y14Ut_ig94A3ajl04c05PXbhHNZqukiLh-Y7cSwwQt11pjGQ.UaxoAQVPxZ0jkM8pmWbCSSFdXT4NRtjnSphMAU_gQ54&dib_tag=se&keywords=Pocket+3&qid=1742790159&sprefix=pocket+3,aps,311&sr=8-3&linkCode=sl1&tag=carltomichtec-20&linkId=1c340c23ea35821e7a7082d36279178c&language=en_US&ref_=as_li_ss_tl",yes,n/a,no,no,no,missing target=_blank; missing rel nofollow sponsored
https://www.carltravels.com/dji-mini-3-pro-review.html,dji-mini-3-pro-review.html,403,Amazon Associates,Camera Backpack,https://amzn.to/4c0rCPk,200,"https://www.amazon.com/Think-Tank-Airport-Essentials-Backpack/dp/B0083GRJDE?crid=3EZ3TM1TXXYRO&dib=eyJ2IjoiMSJ9.M6E5sk_m1xxIBvupj3tZGIZhbsYtgetkkp_o8UQf3YGOFKQoM1rk_4odILzZJg1ijxZIx-9-KOTDYG6OGdUzscZgTPKyrcXU71nm7rt3T4PeQhdMtORMW97mTHwiKsCz8TPl8Iayxk6JdJRuPZihOzjnUiq3U_5ZiDxMnjzeowTuBUxL3mMU6i93I3j89idFzBcbcq5BJ2H_-l0MkFkc5ZkIHIAvL8VASR6T-Sj1aR4.0aI-C10hGw6FeIQtLmhQrvGkv3VIReAJFLGPStqm5n8&dib_tag=se&keywords=think+tank+airport+commuter+backpack&qid=1742790274&sprefix=airport+commu,aps,315&sr=8-1&linkCode=sl1&tag=carltomichtec-20&linkId=3660ce0a633e8356b217b5c706e076cd&language=en_US&ref_=as_li_ss_tl",yes,n/a,no,no,no,missing target=_blank; missing rel nofollow sponsored
https://www.carltravels.com/dji-mini-3-pro-review.html,dji-mini-3-pro-review.html,404,Amazon Associates,Ray-Ban Meta Smart Glasses,https://amzn.to/4kTchUG,200,"https://www.amazon.com/Meta-Square-Sunglasses-Graphite-Transitions/dp/B0DDCLXN5H?crid=37WPHK22PHAST&dib=eyJ2IjoiMSJ9.4BTP_Bj_z8F3-NMH6c6trk4BQpoFx7wi7RezuVRybuWoFaWRrFwc0JNkKSDBWd7lRzvMP9FRWnuCBdwng60wrR5dLz9S6j7TzUm91ZEF-hVCeGpCHaDcKfKiQ8q_NWO5zX3pbZmGC23JuLLSY6Gpavz44TyzBU1m-YflemqxwA1W7w_LLDE_2LQQugGZvpo2nElTaD_TV6rCT2Q-Ncb_f9-0VSb1eYWgMyF5VvmvCrY.qapXTTkCBLGEMLGh3Ydn8vyaaX0ZQaTaEqyIVxeijJA&dib_tag=se&keywords=rayban+meta+glasses&qid=1742790378&sprefix=rayban+meta,aps,358&sr=8-1&linkCode=sl1&tag=carltomichtec-20&linkId=6a59a069128081c3547b4ff5c4f1a9d1&language=en_US&ref_=as_li_ss_tl",yes,n/a,no,no,no,missing target=_blank; missing rel nofollow sponsored
https://www.carltravels.com/dji-mini-3-pro-review.html,dji-mini-3-pro-review.html,405,Amazon Associates,Tamron 24–200mm Lens,https://amzn.to/4hy5EUQ,200,"https://www.amazon.com/Tamron-28-200-2-8-5-6-Mirrorless-Mount/dp/B08B34HWKV?crid=2GX8MUI8KKWMQ&dib=eyJ2IjoiMSJ9.-TVtaZpdcou7J5BiRywWV2vlcLYEkD1iNn_TTPuUetTLqCIrCiUv4uHwmmvVkbHWk1Jd62tVr_SZkTpwZgT9fJLLofGJpVZ6uGHJ3ZpY0jPO63qcyOQh4d9arPehqaq-oIse6ePGPqigYfCgLDeuoKflqLlXKhgppC9j42ewf4_FhZjvRrhHOoO9Xf158MviEIGmlttJQgvdY6vqKaGZeUUaZElKyFKWyRpaMK0p3bA.NpodXnpHgvdSd8c2XIKRZhhbdXyXUAuqsqAGHXcfypw&dib_tag=se&keywords=tamron+24-200+f2.8+sony+e+mount&qid=1742790454&sprefix=tamron+24-200,aps,266&sr=8-1&linkCode=sl1&tag=carltomichtec-20&linkId=870b5db590d77bad5523f1c854f6c6cc&language=en_US&ref_=as_li_ss_tl",yes,n/a,no,no,no,missing target=_blank; missing rel nofollow sponsored
https://www.carltravels.com/dji-mini-3-pro-review.html,dji-mini-3-pro-review.html,406,Amazon Associates,Tripod,https://amzn.to/4bVozrA,200,"https://www.amazon.com/Manfrotto-Aluminum-Closure-Mirrorless-Accessories/dp/B077J11CCW?crid=2QFRN3UGJABXJ&dib=eyJ2IjoiMSJ9.RQ3EnBc0YumsDtnhw7w9tEQJF2N5mu0qTpVxo4CSNQUBAhopptlfIsrNOPvnDSZgsJ8ccj7EyAKDc4p5bepPEuXYJGxnSZxIDKgXsdPyCtnh1HaPKPHbEui-6mrn_t1Ezn7EYA4xJG7DtgEFzJVHo3kH-2VA3bnLQhvcOB4WjxeyO85SOWUgZqE9Km3tb1wbQujFys7OpuCFJ2ESn4IxVpI5-KqCjDQ5mimede7uzvg.EU31U_IfvfLhjXMiStIZMF_ciBuoTo6XOnpzGCk7Fyg&dib_tag=se&keywords=manfrotto%2Btripod%2Btravel%2Bbe%2Bfree&qid=1742790581&sprefix=manfrotto%2Btripod%2Btravel%2Bbe%2Bfr,aps,253&sr=8-3&th=1&linkCode=sl1&tag=carltomichtec-20&linkId=a5763536c7bd62dd0f09d33260be0a9c&language=en_US&ref_=as_li_ss_tl",yes,n/a,no,no,no,missing target=_blank; missing rel nofollow sponsored
https://www.carltravels.com/dji-mini-3-pro-review.html,dji-mini-3-pro-review.html,407,Amazon Associates,Lighting Setup,https://amzn.to/421eJjs,200,"https://www.amazon.com/Aputure-Pixel-Mappable-10000K-Pixels-Built/dp/B0B6V5CGP3?crid=3EVHRGNBJU3MS&dib=eyJ2IjoiMSJ9.AAY7eGoxJSODGZjjcDedD3Bd0og29CMqD2VfY-ldd-GKc7pNaD7LcIrw_1PJ2kSCDWJ7jemwb_X74Rpr74bsvKm6qLzu4IfbU3p2qdZAY4S8FKlsJ1bcSNZWjmW1_XA6CPUFhYrTf4rrxmuaVO5vs8K5jqXDM6smZ-M1byVou3iw8nyNg3t6BQqOTy-GWgxmTyVqu2M5dHh_J7ZJn-XDhCpkTQbiboHM0WORoKJc4Y0.YW5Mo5xj2F5thDM7ftyUy5CJRsf_XOq2GD9wXpiUzhY&dib_tag=se&keywords=aputure+mt+pro&qid=1742790630&sprefix=apature+mt+,aps,274&sr=8-1-spons&sp_csd=d2lkZ2V0TmFtZT1zcF9hdGY&psc=1&linkCode=sl1&tag=carltomichtec-20&linkId=a9e0dd7a531d775bbe21322fe12b9370&language=en_US&ref_=as_li_ss_tl",yes,n/a,no,no,no,missing target=_blank; missing rel nofollow sponsored
https://www.carltravels.com/dji-mini-3-pro-review.html,dji-mini-3-pro-review.html,503,Saily eSIM,👉 Activate your eSIM now,https://go.saily.site/aff_c?offer_id=101&aff_id=12234,403,https://saily.com/special/?utm_source=12234&utm_medium=affiliate&utm_campaign=101&aff_transaction_id=102671cde85b9dc60aa1208c946ed9&aff_sub=&aff_offer_id=101&aff_id=12234&url={url}&utm_content=&params[ho_asub1]=,yes,no,yes,no,no,not working or blocked; missing CARLRI5370; old Saily affiliate URL format; missing rel nofollow sponsored
https://www.carltravels.com/donate.html,donate.html,178,Saily eSIM,Travel Data Saily eSIM Instant data worldwide. Use code CARLRI5370 for $5 off.,https://saily.com,403,https://saily.com,yes,yes,no,no,no,not working or blocked; missing target=_blank; missing rel nofollow sponsored
https://www.carltravels.com/donate.html,donate.html,189,Yesim eSIM,Travel Data YESIM Flexible data plans for international travel. Reliable coverage globally.,https://yesim.app/,202,https://yesim.app/,no,n/a,no,no,no,missing tracking; missing target=_blank; missing rel nofollow sponsored
https://www.carltravels.com/donate.html,donate.html,201,Wise,Money Wise Card The best way to spend money abroad with real exchange rates.,https://wise.com/invite/irhc/carlt62,200,https://wise.com/invite/irhc/carlt62,yes,n/a,no,no,no,missing target=_blank; missing rel nofollow sponsored
https://www.carltravels.com/donate.html,donate.html,213,Dehancer,Editing Dehancer Film emulation plugin. Code CARLTRAVELS for 10% off.,https://www.dehancer.com/pricing/monthly,200,https://www.dehancer.com/pricing/monthly,no,n/a,no,no,no,missing tracking; missing target=_blank; missing rel nofollow sponsored
https://www.carltravels.com/electro-voice-everse-8-review.html,electro-voice-everse-8-review.html,181,Saily eSIM,👉 Activate your eSIM now,https://go.saily.site/aff_c?offer_id=101&aff_id=12234,403,https://saily.com/special/?utm_source=12234&utm_medium=affiliate&utm_campaign=101&aff_transaction_id=102671cde85b9dc60aa1208c946ed9&aff_sub=&aff_offer_id=101&aff_id=12234&url={url}&utm_content=&params[ho_asub1]=,yes,no,yes,no,no,not working or blocked; missing CARLRI5370; old Saily affiliate URL format; missing rel nofollow sponsored
https://www.carltravels.com/farnorthqueenslandtravelguide.html,farnorthqueenslandtravelguide.html,563,Saily eSIM,👉 Activate your eSIM now,https://go.saily.site/aff_c?offer_id=101&aff_id=12234,403,https://saily.com/special/?utm_source=12234&utm_medium=affiliate&utm_campaign=101&aff_transaction_id=102671cde85b9dc60aa1208c946ed9&aff_sub=&aff_offer_id=101&aff_id=12234&url={url}&utm_content=&params[ho_asub1]=,yes,no,yes,no,no,not working or blocked; missing CARLRI5370; old Saily affiliate URL format; missing rel nofollow sponsored
https://www.carltravels.com/finedininginhanoi.html,finedininginhanoi.html,283,Amazon Associates,DJI Flip,https://amzn.to/45iZULT,200,"https://www.amazon.com.au/DJI-Controller-Takeoff-Intelligent-Batteries/dp/B0DJ1FKDGP?crid=2R4BEGV4GCOVO&dib=eyJ2IjoiMSJ9.B3ZGiV_NB4CWvaKZC46HHhqNPIONGEffr9hyQ7doXp3AXko2J8XgtkAXDGsuiEAotNNI2PbCB1AYBnn8BEqRKQmDgWoDst39DJE8gasnXCLc-jUhcRDkTU-kNRFzDwVNjg3G3I5emTMygueqNFSxWtlrc8daGW3mi4t632aghZDCMYSRFrI9w-WsipGgN-AlFd9MHv5fvM5SOZdJ3ZRc3S6dP5ZdvaJbD8dpLuwD9xBibVGNVEA8sqdNPUGc1-QA6emRyHoQcDY9W1wK8g5M_GK-2rSHwY-u6nRI0GtXeD4.0l6QuT-oAkSZ2X00AMSTCdok07QQfjyAKzBb_DdWawE&dib_tag=se&keywords=dji%2Bflip&qid=1755253304&sprefix=dji%2B,aps,500&sr=8-1&th=1&linkCode=sl1&tag=sonymoviemast-22&linkId=3f5281eb31b07e511b695e37c70531d8&language=en_AU&ref_=as_li_ss_tl",yes,n/a,yes,no,no,missing rel nofollow sponsored
https://www.carltravels.com/finedininginhanoi.html,finedininginhanoi.html,284,Amazon Associates,Sony A7C II,https://amzn.to/4mHhQ8H,200,"https://www.amazon.com.au/Alpha-Full-Frame-Interchangeable-Lens-Camera/dp/B0CGTTVYGM?crid=3UFGY3ITUFRIG&dib=eyJ2IjoiMSJ9.ev7c1E-3pbpbmadeh7VdWFcGksbpaD0LcfMpyGiafmIkmo2jGBt5M2E9J5fx_zQvYoa9cwkYx9Ms4314aD_KvlRP7kN7v44y5OVvwCe0hrwu3EmNb_ynMVmokWAEqEhATekuA2inkDK21iarXslKa-cwhVZmzX5YQxtcRmGKFeR772jpYj3HTrPbeI3ZQ4U9pdrLR2LEwE7JqN1U8Zd-BBT_0SJG6AhX8DL4MXBQZGSJ8ZS-_aLCTtitWZHc2pdFMTaRj76KAi4xLj1fzwW26k4n3Tyl4DcnDLsPS0O6csE.M7nmeQ9rGw5lWrk0OStz3sFcXb6hUUBIYxuSm25RGtM&dib_tag=se&keywords=Sony%2BA7CII&qid=1755253330&sprefix=sony%2Ba7ci,aps,339&sr=8-2&th=1&linkCode=sl1&tag=carltomich-22&linkId=e268d46ab451781fa56ff54460f43b36&language=en_AU&ref_=as_li_ss_tl",yes,n/a,yes,no,no,missing rel nofollow sponsored
https://www.carltravels.com/finedininginhanoi.html,finedininginhanoi.html,285,Amazon Associates,DJI Pocket 3 (Creator Combo),https://amzn.to/4miS3UJ,200,"https://www.amazon.com.au/DJI-Vlogging-Stabilization-Tracking-Photography/dp/B0CG19FGQ5?crid=1G6X1VC3KQ5EX&dib=eyJ2IjoiMSJ9.OLzTlYtdM2w0TP6xjlSDCa_ccSbGz-LuIU4RgcQOCNGa_FFl2x1iOz2JX6S15ZXETql3rFDOM9ga-vhK36LgBaVMgdsL9DjJ1rGI703o8l2CU7qjqJgJrjk4bbf-Ae7lDW2VKJCOIhx3uSDXuParcMtR2mX2C58Se55j-iXTxZtUyCT_KpmGnxAiC29MDSrLM27fcIM9hNcLt9qfKC4X0H4XYBQK9QDfGIOYCCdiD5lduJ45hKRSb_vcDqRsfUclWisMqQvRUilvFcJNunY7PQEwXIkjphgmLW2BdwCZLnw.kXFrNmjSvoqF8aSCDLEiVO6jy41xldw8QKHmK03PQpg&dib_tag=se&keywords=DJI%2Bpocket%2B3&qid=1755253366&sprefix=dji%2Bpocket%2B34,aps,341&sr=8-5&th=1&linkCode=sl1&tag=carltomich-22&linkId=f574fc6c948e413d7828caf3917f88c7&language=en_AU&ref_=as_li_ss_tl",yes,n/a,yes,no,no,missing rel nofollow sponsored
https://www.carltravels.com/finedininginhanoi.html,finedininginhanoi.html,286,Amazon Associates,Tamron 28–200mm (Full-Frame),https://amzn.to/4lvd1hI,200,"https://www.amazon.com.au/Tamron-28-200-2-8-5-6-Mirrorless-Mount/dp/B08B34HWKV?crid=1QEN08AGHDA5P&dib=eyJ2IjoiMSJ9.F-1xObnXZ1qvBYq3zqlPY-NONJhLnpZLBqOzJ3HO5tTaMoqBS6y-yCzp9X2gf74AvY9AfeP0NaxoH7DZ9-baBGYipuEDZdeZDPhnjFQLAPKtme5_4_FG3s6XXvOiBciFRCc2uuwqEeNlASTcgcCCZMSMFQeah9VIUe8nfvKw3waCva02_S3xX9d-JyGDBuG_e3MirkHsz23lqve2L2QVLMa5j0OVts-mmsfQ8VCk2Mk21ZgO9UeZSpWiqPf46ib3p97ybHMdj-mSwAvwDGZsUplC0W8j79hDLbEyt4rRRsc.RD-ZusuknzzNJEQwUdBnNUgT4NbgXfMrZD-cLbs7Izg&dib_tag=se&keywords=tamron%2B24-150mm%2Bsony&qid=1755253413&sprefix=tamron%2B24-150mm%2Bson,aps,332&sr=8-8&th=1&linkCode=sl1&tag=carltomich-22&linkId=369f0dc13ba29944c2261e58637d5916&language=en_AU&ref_=as_li_ss_tl",yes,n/a,yes,no,no,missing rel nofollow sponsored
https://www.carltravels.com/finedininginhanoi.html,finedininginhanoi.html,287,Amazon Associates,Rode Wireless PRO (Mics),https://amzn.to/4oHMXTy,200,"https://www.amazon.com.au/R%C3%98DE-Microphone-Recording-Microphones-Filmmaking/dp/B0CB2HGR9Q?crid=EGFFU6UZWCLT&dib=eyJ2IjoiMSJ9.DGm925iQklRK-0FmBcE9db-XNNBHUbEQUmSpGwxYevTWsXHx1AB2Ujp56lEEJfYAXcz8f7ItdheKMJJEt3fbcFJwLM0qbJZFbyXmeGeum-sa0VEabMsoDLY8CTncKG_wcQknrVxzofZHSnY2hjgptBqrzbKBtON6CpGKjvZLWJbF12me_IIzxbcIdQ8xyAiv4MZEEmpSth_cBUSNn31q0t3k7bBm6YhlZLAdCOz86vQKfMf3dxTZHnqFsWMWlUF7v0fy7dJRty-80-hdaPlVDfUAYTPOMRmPYrwuoDhkGHE.Jyv_XTXDBOYqJ4Rg5nZ0RKMDurBNR5Nag68iZPXdLmc&dib_tag=se&keywords=rode%2Bwireless%2Bpro&qid=1755253496&sprefix=Rode%2Bwirle,aps,388&sr=8-3&th=1&linkCode=sl1&tag=carltomich-22&linkId=c45e7c55dd1516f0f8708eea1e3df28d&language=en_AU&ref_=as_li_ss_tl",yes,n/a,yes,no,no,missing rel nofollow sponsored
https://www.carltravels.com/finedininginhanoi.html,finedininginhanoi.html,288,Amazon Associates,Thinktank Travel Commuter Backpack,https://amzn.to/467fEAU,200,"https://www.amazon.com/Think-Tank-Airport-Commuter-Backpack/dp/B0083GQI5Y?crid=2DUIR27E54VFF&dib=eyJ2IjoiMSJ9.9XG5TZXY0VQe_JM4tf_rYqZTZVCpD3yhgWrqqRz7QRe2p5T785DRre0iq_knj0lCgwWu61gX6gQhU1gnkpa0Oy5NL2IJTmQqwU2OgKZOy7CJNXpEWJDXjz5XMOXhk-qfM1nF08sucPDsn0dmURafC38s2OcI8cViV1Q67OF01Sr2OmjeufUSQg0GHKX3twaAL-kI-4oLThlIo3FD4R9r9a-4ZQqUBJQ7iiDS97TIM2g.yGwuqwlPiTaZdkN4hPtMx2ru_ylVkLWkPPgvjFU3Vo4&dib_tag=se&keywords=thinktank+travel+backpack&qid=1757035483&sprefix=thinktank+travel+backpac,aps,316&sr=8-3&linkCode=sl1&tag=carltomichtec-20&linkId=5a1043bdd87861e72327b4d1be2226de&language=en_US&ref_=as_li_ss_tl",yes,n/a,yes,no,no,missing rel nofollow sponsored
https://www.carltravels.com/finedininginhanoi.html,finedininginhanoi.html,294,Amazon Associates,DJI Flip,https://amzn.to/41zmAVV,200,"https://www.amazon.com.au/DJI-Controller-Takeoff-Intelligent-Batteries/dp/B0DJ1FKDGP?crid=27CLM6RRHHRB4&dib=eyJ2IjoiMSJ9.xHJwj2C5oeF6OHTI195Mdn3sPKEY3lQQtbR1Ffinq4nZrf0vJkhLIitjW3VBJOJxwyVeE4yQAuXGFbWTEwFrlWWsax_d6SMbu6MShKn__FMm0mh-GoBsHRxdET8U2ZnqpxXklLfQqiThEX0uRx_FzYCEWuAVyvXSelhqtv3be5YD_EsWRzMIULJGPJlSUrdUmmEa5c91FR8syo0ZeIfK0g6nYhVRBSfryUO8DyP7t9w0yINa3lmqQbKaTVkAljF0zY95g7ligNcgPIUNDRqXXx8IdElfmIcz-LTDbcXZCVY.BHpsQw5p_iwN_R_6cb79XAe-ZNr3mHBd-DXY4w99rs8&dib_tag=se&keywords=dji%2Bflip&qid=1757034937&sprefix=dji%2Bflip,aps,261&sr=8-1&th=1&linkCode=sl1&tag=carltomich-22&linkId=086f0f4dda5311ea4c0fa2a020c7fc62&language=en_AU&ref_=as_li_ss_tl",yes,n/a,yes,no,no,missing rel nofollow sponsored
https://www.carltravels.com/finedininginhanoi.html,finedininginhanoi.html,295,Amazon Associates,Sony A7C II,https://amzn.to/45Qk2Fw,200,"https://www.amazon.com.au/Sony-Alpha-System-Camera-28-60mm/dp/B0CGFBMNDH?crid=Y4V8WSCJABT6&dib=eyJ2IjoiMSJ9.ev7c1E-3pbpbmadeh7VdWGGGwBPVPgenkV33RBsEipu2uXVpDOT-4N719LE8z5ZZkuiatxECfZOdzpPy6zsWyTaCC9-YjTsjmmcZSgzVbtIhv6nwiqrhip-8XLyFVM8TJI0S9CtfzEuF20mZcy_wovPC1FlRfSxCGu-1DiuOJ6Z2es25G9g5miw4rVwdl2YcxPhn0n3sJchrolpd3esOjIp0QaLGvz7n3uFMc-O48l4pYSj__YDttER8crkPx69f7mSxS8ujQijijWSjmj4h9XUlNdHSaq2KQBm7l6vTkyg.johmDKkudmYJ6Vp3A83ZS0WmLiuItffyIHcQrNpcTpM&dib_tag=se&keywords=sony%2Ba7cii&qid=1757035042&sprefix=sony%2Ba7cii,aps,242&sr=8-7&th=1&linkCode=sl1&tag=carltomich-22&linkId=e6839e00766785a47c09e7449989c441&language=en_AU&ref_=as_li_ss_tl",yes,n/a,yes,no,no,missing rel nofollow sponsored
https://www.carltravels.com/finedininginhanoi.html,finedininginhanoi.html,296,Amazon Associates,DJI Osmo Pocket 3,https://amzn.to/4gaYLJZ,200,"https://www.amazon.com.au/DJI-Stabilization-Rotatable-Touchscreen-Photography/dp/B0CG19QXWD?crid=3SHCFANSRK2GV&dib=eyJ2IjoiMSJ9.hn-IKcsoi27x5Xtepf1O0xSEJ-Xc0yIsZ5hiLNsRo0_pnL0HwMARDMaGpGot5vRUIoisskZuJLNO1vrHcsMAQPRIRCdFRvFwlfyVPydN5FfkKgbYw0s29BMkgJiljvn0_ugxYU6JZ9cLZJ8Oj30vFVBWWAWBuepYqTkzRyVqmr2ii2X5OCrM6ae484zpYvqQCRiXcJMt0dgPItUfZ0RL6z-y7KTTesad4agjzTRTAcf1lSsm2yEzEH72afh7B2OEGD2c87RWuC02g7fgtlSVS8E50gbD3A0TmSTnzJ8VLKQ.Bx4cRITeVOMwGs0D0DKW1fgGx14CLCMyLTVRjMuItUs&dib_tag=se&keywords=dji%2Bosmo%2Bpocket%2B3&qid=1757035105&sprefix=DJI,aps,491&sr=8-5&th=1&linkCode=sl1&tag=carltomich-22&linkId=6c45d0909c1797b83d49c364f2b311b2&language=en_AU&ref_=as_li_ss_tl",yes,n/a,yes,no,no,missing rel nofollow sponsored
https://www.carltravels.com/finedininginhanoi.html,finedininginhanoi.html,297,Amazon Associates,Tamron 24–200mm Lens for Sony,https://amzn.to/4n73D5P,200,"https://www.amazon.com.au/Tamron-28-200-2-8-5-6-Mirrorless-Mount/dp/B08B34HWKV?crid=2KXUS0I4U82EM&dib=eyJ2IjoiMSJ9.CirVtLEYR7BE9okHzn54invQLY0R2IpCxFbXtvO1NnS3N7bkvewO8f1Yq8HoRp8by7g8fCAGFxwZReQZiHGIleWQhBiyxX6NqLuWc2JcY0SatfWtItHN56up3Chh0D8MWnZx1sZMHuhw7JMF1wW-t-_JV04YdmuFHxRHCAkZE68WtA-D3L-Dzu4PGUjAvPjTp5SldK7-BzyvSBMXmLxJIRehuwg0-GotkfHE9WlIC_4H_U3a4PyQdb9pUPOs3wgOSlpAZtRp5xUnt9EVdnDOoa8N5AFkcblsba8g9gFHmgg.ywMyfDborErcaHwGfqjwuU9BKivzUuvVcowT6gYYSgc&dib_tag=se&keywords=Tamron%2B28%E2%80%93200mm%2B(Full-Frame)&qid=1757035157&sprefix=tamron%2B28%2B200mm%2Bfull-frame%2B,aps,322&sr=8-1&th=1&linkCode=sl1&tag=carltomich-22&linkId=48c5cc0e9d510609bb5d001f6a9afffc&language=en_AU&ref_=as_li_ss_tl",yes,n/a,yes,no,no,missing rel nofollow sponsored
https://www.carltravels.com/finedininginhanoi.html,finedininginhanoi.html,298,Amazon Associates,Rode Wireless PRO,https://amzn.to/46kv8CG,200,"https://www.amazon.com.au/R%C3%98DE-Microphone-Recording-Microphones-Filmmaking/dp/B0CB2HGR9Q?crid=2CDBT69BZHLYA&dib=eyJ2IjoiMSJ9.Fwy-kxiSUMPxfuFncUDsU_A5ghupefIniz-REQnE6cTWsXHx1AB2Ujp56lEEJfYAXcz8f7ItdheKMJJEt3fbcDMaXA9z2vvl2SUhzXgbV4Ukq3M5KEeOMdSPoj2cooPZeZPhHMSlekWnOVWq4c0QaOzHxx6P7Hyvkb1eAIDVxOLyj1OA_3uyhvfsRMAssRUi_DZnq7KAobBNLtcDs2i8qN-URdgmgdbkNRbQvdaF9rucUW2oiHlnh0JMDv_DLbLkroYoa-fywaWO7QG159ijgMSHpfo0uXgaCvS9UJEj_s0.c_FuiqtAbfwdPKd4F4lJZzRIPwBnxfR6xx2cadHO14I&dib_tag=se&keywords=rode%2Bwireless%2Bpro&qid=1757035251&sprefix=rode%2Bw,aps,347&sr=8-5&th=1&linkCode=sl1&tag=carltomich-22&linkId=5c5361991d8e56b532939c61e269e8be&language=en_AU&ref_=as_li_ss_tl",yes,n/a,yes,no,no,missing rel nofollow sponsored
https://www.carltravels.com/finedininginhanoi.html,finedininginhanoi.html,299,Amazon Associates,Thinktank Travel Commuter Backpack,https://amzn.to/3I5mApV,200,"https://www.amazon.com.au/Think-Photo-Airport-Commuter-Backpack/dp/B0083GQI5Y?crid=C0BCCANHIF1P&dib=eyJ2IjoiMSJ9.FP6oWa3JfVz8mPQHHtuj2j56z3fDBCwLggHr6aC_VQkOVxUS8E-jSv8mMw2xvwAwKKp3yS3EAZDahiqzg1lUnJ4OI4bd4xC6w4ixKLoGdQQzlllNF5w7ZnNwMLs2cJUeG6JrDAmhFlIOVrQUbQfDbizfr5yKJOBszOQia6SfusuS4weSmOcfJvJKrX1mPtUZWqSiIfvSDzHdKlE3g8kCUmOJ15MWf_Y1bSIbO8NTex-o5CV-I2CF9MLgeMPW8TqjqtcJhcqbNXq4StxmCGriYFO89wZjALKw2reJs6HtCIw.qhwKjNiiihdX328DrvLyHXcJLf0AWPHeRP_c-KJrh90&dib_tag=se&keywords=thinktank%2Btravel%2Bcommuter&qid=1757035351&sprefix=thinktank%2Btravel%2Bcommuter,aps,269&sr=8-4&th=1&psc=1&linkCode=sl1&tag=carltomich-22&linkId=500149597f5ad39a813be7771a3c54f0&language=en_AU&ref_=as_li_ss_tl",yes,n/a,yes,no,no,missing rel nofollow sponsored
https://www.carltravels.com/finedininginhanoi.html,finedininginhanoi.html,335,Saily eSIM,👉 Activate your eSIM now,https://go.saily.site/aff_c?offer_id=101&aff_id=12234,403,https://saily.com/special/?utm_source=12234&utm_medium=affiliate&utm_campaign=101&aff_transaction_id=102671cde85b9dc60aa1208c946ed9&aff_sub=&aff_offer_id=101&aff_id=12234&url={url}&utm_content=&params[ho_asub1]=,yes,no,yes,no,no,not working or blocked; missing CARLRI5370; old Saily affiliate URL format; missing rel nofollow sponsored
https://www.carltravels.com/gear.html,gear.html,691,Wise,Sign up here,https://wise.com/invite/irhc/carlt62,200,https://wise.com/invite/irhc/carlt62,yes,n/a,no,no,no,missing target=_blank; missing rel nofollow sponsored
https://www.carltravels.com/gear.html,gear.html,699,Dehancer,dehancer.com/subscribe,https://www.dehancer.com/pricing/monthly,200,https://www.dehancer.com/pricing/monthly,no,n/a,no,no,no,missing tracking; missing target=_blank; missing rel nofollow sponsored
https://www.carltravels.com/gear.html,gear.html,709,Amazon Associates,DJI Flip,https://amzn.to/45iZULT,200,"https://www.amazon.com.au/DJI-Controller-Takeoff-Intelligent-Batteries/dp/B0DJ1FKDGP?crid=2R4BEGV4GCOVO&dib=eyJ2IjoiMSJ9.B3ZGiV_NB4CWvaKZC46HHhqNPIONGEffr9hyQ7doXp3AXko2J8XgtkAXDGsuiEAotNNI2PbCB1AYBnn8BEqRKQmDgWoDst39DJE8gasnXCLc-jUhcRDkTU-kNRFzDwVNjg3G3I5emTMygueqNFSxWtlrc8daGW3mi4t632aghZDCMYSRFrI9w-WsipGgN-AlFd9MHv5fvM5SOZdJ3ZRc3S6dP5ZdvaJbD8dpLuwD9xBibVGNVEA8sqdNPUGc1-QA6emRyHoQcDY9W1wK8g5M_GK-2rSHwY-u6nRI0GtXeD4.0l6QuT-oAkSZ2X00AMSTCdok07QQfjyAKzBb_DdWawE&dib_tag=se&keywords=dji%2Bflip&qid=1755253304&sprefix=dji%2B,aps,500&sr=8-1&th=1&linkCode=sl1&tag=sonymoviemast-22&linkId=3f5281eb31b07e511b695e37c70531d8&language=en_AU&ref_=as_li_ss_tl",yes,n/a,no,no,no,missing target=_blank; missing rel nofollow sponsored
https://www.carltravels.com/gear.html,gear.html,711,Amazon Associates,Sony A7C II,https://amzn.to/4mHhQ8H,200,"https://www.amazon.com.au/Alpha-Full-Frame-Interchangeable-Lens-Camera/dp/B0CGTTVYGM?crid=3UFGY3ITUFRIG&dib=eyJ2IjoiMSJ9.ev7c1E-3pbpbmadeh7VdWFcGksbpaD0LcfMpyGiafmIkmo2jGBt5M2E9J5fx_zQvYoa9cwkYx9Ms4314aD_KvlRP7kN7v44y5OVvwCe0hrwu3EmNb_ynMVmokWAEqEhATekuA2inkDK21iarXslKa-cwhVZmzX5YQxtcRmGKFeR772jpYj3HTrPbeI3ZQ4U9pdrLR2LEwE7JqN1U8Zd-BBT_0SJG6AhX8DL4MXBQZGSJ8ZS-_aLCTtitWZHc2pdFMTaRj76KAi4xLj1fzwW26k4n3Tyl4DcnDLsPS0O6csE.M7nmeQ9rGw5lWrk0OStz3sFcXb6hUUBIYxuSm25RGtM&dib_tag=se&keywords=Sony%2BA7CII&qid=1755253330&sprefix=sony%2Ba7ci,aps,339&sr=8-2&th=1&linkCode=sl1&tag=carltomich-22&linkId=e268d46ab451781fa56ff54460f43b36&language=en_AU&ref_=as_li_ss_tl",yes,n/a,no,no,no,missing target=_blank; missing rel nofollow sponsored
https://www.carltravels.com/gear.html,gear.html,713,Amazon Associates,DJI Pocket 3,https://amzn.to/4miS3UJ,200,"https://www.amazon.com.au/DJI-Vlogging-Stabilization-Tracking-Photography/dp/B0CG19FGQ5?crid=1G6X1VC3KQ5EX&dib=eyJ2IjoiMSJ9.OLzTlYtdM2w0TP6xjlSDCa_ccSbGz-LuIU4RgcQOCNGa_FFl2x1iOz2JX6S15ZXETql3rFDOM9ga-vhK36LgBaVMgdsL9DjJ1rGI703o8l2CU7qjqJgJrjk4bbf-Ae7lDW2VKJCOIhx3uSDXuParcMtR2mX2C58Se55j-iXTxZtUyCT_KpmGnxAiC29MDSrLM27fcIM9hNcLt9qfKC4X0H4XYBQK9QDfGIOYCCdiD5lduJ45hKRSb_vcDqRsfUclWisMqQvRUilvFcJNunY7PQEwXIkjphgmLW2BdwCZLnw.kXFrNmjSvoqF8aSCDLEiVO6jy41xldw8QKHmK03PQpg&dib_tag=se&keywords=DJI%2Bpocket%2B3&qid=1755253366&sprefix=dji%2Bpocket%2B34,aps,341&sr=8-5&th=1&linkCode=sl1&tag=carltomich-22&linkId=f574fc6c948e413d7828caf3917f88c7&language=en_AU&ref_=as_li_ss_tl",yes,n/a,no,no,no,missing target=_blank; missing rel nofollow sponsored
https://www.carltravels.com/gear.html,gear.html,715,Amazon Associates,Tamron 28–200,https://amzn.to/4lvd1hI,200,"https://www.amazon.com.au/Tamron-28-200-2-8-5-6-Mirrorless-Mount/dp/B08B34HWKV?crid=1QEN08AGHDA5P&dib=eyJ2IjoiMSJ9.F-1xObnXZ1qvBYq3zqlPY-NONJhLnpZLBqOzJ3HO5tTaMoqBS6y-yCzp9X2gf74AvY9AfeP0NaxoH7DZ9-baBGYipuEDZdeZDPhnjFQLAPKtme5_4_FG3s6XXvOiBciFRCc2uuwqEeNlASTcgcCCZMSMFQeah9VIUe8nfvKw3waCva02_S3xX9d-JyGDBuG_e3MirkHsz23lqve2L2QVLMa5j0OVts-mmsfQ8VCk2Mk21ZgO9UeZSpWiqPf46ib3p97ybHMdj-mSwAvwDGZsUplC0W8j79hDLbEyt4rRRsc.RD-ZusuknzzNJEQwUdBnNUgT4NbgXfMrZD-cLbs7Izg&dib_tag=se&keywords=tamron%2B24-150mm%2Bsony&qid=1755253413&sprefix=tamron%2B24-150mm%2Bson,aps,332&sr=8-8&th=1&linkCode=sl1&tag=carltomich-22&linkId=369f0dc13ba29944c2261e58637d5916&language=en_AU&ref_=as_li_ss_tl",yes,n/a,no,no,no,missing target=_blank; missing rel nofollow sponsored
https://www.carltravels.com/gear.html,gear.html,717,Amazon Associates,RØDE Wireless PRO,https://amzn.to/4oHMXTy,200,"https://www.amazon.com.au/R%C3%98DE-Microphone-Recording-Microphones-Filmmaking/dp/B0CB2HGR9Q?crid=EGFFU6UZWCLT&dib=eyJ2IjoiMSJ9.DGm925iQklRK-0FmBcE9db-XNNBHUbEQUmSpGwxYevTWsXHx1AB2Ujp56lEEJfYAXcz8f7ItdheKMJJEt3fbcFJwLM0qbJZFbyXmeGeum-sa0VEabMsoDLY8CTncKG_wcQknrVxzofZHSnY2hjgptBqrzbKBtON6CpGKjvZLWJbF12me_IIzxbcIdQ8xyAiv4MZEEmpSth_cBUSNn31q0t3k7bBm6YhlZLAdCOz86vQKfMf3dxTZHnqFsWMWlUF7v0fy7dJRty-80-hdaPlVDfUAYTPOMRmPYrwuoDhkGHE.Jyv_XTXDBOYqJ4Rg5nZ0RKMDurBNR5Nag68iZPXdLmc&dib_tag=se&keywords=rode%2Bwireless%2Bpro&qid=1755253496&sprefix=Rode%2Bwirle,aps,388&sr=8-3&th=1&linkCode=sl1&tag=carltomich-22&linkId=c45e7c55dd1516f0f8708eea1e3df28d&language=en_AU&ref_=as_li_ss_tl",yes,n/a,no,no,no,missing target=_blank; missing rel nofollow sponsored
https://www.carltravels.com/gear.html,gear.html,719,Amazon Associates,Think Tank Backpack,https://amzn.to/467fEAU,200,"https://www.amazon.com/Think-Tank-Airport-Commuter-Backpack/dp/B0083GQI5Y?crid=2DUIR27E54VFF&dib=eyJ2IjoiMSJ9.9XG5TZXY0VQe_JM4tf_rYqZTZVCpD3yhgWrqqRz7QRe2p5T785DRre0iq_knj0lCgwWu61gX6gQhU1gnkpa0Oy5NL2IJTmQqwU2OgKZOy7CJNXpEWJDXjz5XMOXhk-qfM1nF08sucPDsn0dmURafC38s2OcI8cViV1Q67OF01Sr2OmjeufUSQg0GHKX3twaAL-kI-4oLThlIo3FD4R9r9a-4ZQqUBJQ7iiDS97TIM2g.yGwuqwlPiTaZdkN4hPtMx2ru_ylVkLWkPPgvjFU3Vo4&dib_tag=se&keywords=thinktank+travel+backpack&qid=1757035483&sprefix=thinktank+travel+backpac,aps,316&sr=8-3&linkCode=sl1&tag=carltomichtec-20&linkId=5a1043bdd87861e72327b4d1be2226de&language=en_US&ref_=as_li_ss_tl",yes,n/a,no,no,no,missing target=_blank; missing rel nofollow sponsored
https://www.carltravels.com/gear.html,gear.html,726,Amazon Associates,DJI Flip,https://amzn.to/41zmAVV,200,"https://www.amazon.com.au/DJI-Controller-Takeoff-Intelligent-Batteries/dp/B0DJ1FKDGP?crid=27CLM6RRHHRB4&dib=eyJ2IjoiMSJ9.xHJwj2C5oeF6OHTI195Mdn3sPKEY3lQQtbR1Ffinq4nZrf0vJkhLIitjW3VBJOJxwyVeE4yQAuXGFbWTEwFrlWWsax_d6SMbu6MShKn__FMm0mh-GoBsHRxdET8U2ZnqpxXklLfQqiThEX0uRx_FzYCEWuAVyvXSelhqtv3be5YD_EsWRzMIULJGPJlSUrdUmmEa5c91FR8syo0ZeIfK0g6nYhVRBSfryUO8DyP7t9w0yINa3lmqQbKaTVkAljF0zY95g7ligNcgPIUNDRqXXx8IdElfmIcz-LTDbcXZCVY.BHpsQw5p_iwN_R_6cb79XAe-ZNr3mHBd-DXY4w99rs8&dib_tag=se&keywords=dji%2Bflip&qid=1757034937&sprefix=dji%2Bflip,aps,261&sr=8-1&th=1&linkCode=sl1&tag=carltomich-22&linkId=086f0f4dda5311ea4c0fa2a020c7fc62&language=en_AU&ref_=as_li_ss_tl",yes,n/a,no,no,no,missing target=_blank; missing rel nofollow sponsored
https://www.carltravels.com/gear.html,gear.html,728,Amazon Associates,Sony A7C II,https://amzn.to/45Qk2Fw,200,"https://www.amazon.com.au/Sony-Alpha-System-Camera-28-60mm/dp/B0CGFBMNDH?crid=Y4V8WSCJABT6&dib=eyJ2IjoiMSJ9.ev7c1E-3pbpbmadeh7VdWGGGwBPVPgenkV33RBsEipu2uXVpDOT-4N719LE8z5ZZkuiatxECfZOdzpPy6zsWyTaCC9-YjTsjmmcZSgzVbtIhv6nwiqrhip-8XLyFVM8TJI0S9CtfzEuF20mZcy_wovPC1FlRfSxCGu-1DiuOJ6Z2es25G9g5miw4rVwdl2YcxPhn0n3sJchrolpd3esOjIp0QaLGvz7n3uFMc-O48l4pYSj__YDttER8crkPx69f7mSxS8ujQijijWSjmj4h9XUlNdHSaq2KQBm7l6vTkyg.johmDKkudmYJ6Vp3A83ZS0WmLiuItffyIHcQrNpcTpM&dib_tag=se&keywords=sony%2Ba7cii&qid=1757035042&sprefix=sony%2Ba7cii,aps,242&sr=8-7&th=1&linkCode=sl1&tag=carltomich-22&linkId=e6839e00766785a47c09e7449989c441&language=en_AU&ref_=as_li_ss_tl",yes,n/a,no,no,no,missing target=_blank; missing rel nofollow sponsored
https://www.carltravels.com/gear.html,gear.html,730,Amazon Associates,DJI Osmo Pocket 3,https://amzn.to/4gaYLJZ,200,"https://www.amazon.com.au/DJI-Stabilization-Rotatable-Touchscreen-Photography/dp/B0CG19QXWD?crid=3SHCFANSRK2GV&dib=eyJ2IjoiMSJ9.hn-IKcsoi27x5Xtepf1O0xSEJ-Xc0yIsZ5hiLNsRo0_pnL0HwMARDMaGpGot5vRUIoisskZuJLNO1vrHcsMAQPRIRCdFRvFwlfyVPydN5FfkKgbYw0s29BMkgJiljvn0_ugxYU6JZ9cLZJ8Oj30vFVBWWAWBuepYqTkzRyVqmr2ii2X5OCrM6ae484zpYvqQCRiXcJMt0dgPItUfZ0RL6z-y7KTTesad4agjzTRTAcf1lSsm2yEzEH72afh7B2OEGD2c87RWuC02g7fgtlSVS8E50gbD3A0TmSTnzJ8VLKQ.Bx4cRITeVOMwGs0D0DKW1fgGx14CLCMyLTVRjMuItUs&dib_tag=se&keywords=dji%2Bosmo%2Bpocket%2B3&qid=1757035105&sprefix=DJI,aps,491&sr=8-5&th=1&linkCode=sl1&tag=carltomich-22&linkId=6c45d0909c1797b83d49c364f2b311b2&language=en_AU&ref_=as_li_ss_tl",yes,n/a,no,no,no,missing target=_blank; missing rel nofollow sponsored
https://www.carltravels.com/gear.html,gear.html,732,Amazon Associates,Tamron 24–200,https://amzn.to/4n73D5P,200,"https://www.amazon.com.au/Tamron-28-200-2-8-5-6-Mirrorless-Mount/dp/B08B34HWKV?crid=2KXUS0I4U82EM&dib=eyJ2IjoiMSJ9.CirVtLEYR7BE9okHzn54invQLY0R2IpCxFbXtvO1NnS3N7bkvewO8f1Yq8HoRp8by7g8fCAGFxwZReQZiHGIleWQhBiyxX6NqLuWc2JcY0SatfWtItHN56up3Chh0D8MWnZx1sZMHuhw7JMF1wW-t-_JV04YdmuFHxRHCAkZE68WtA-D3L-Dzu4PGUjAvPjTp5SldK7-BzyvSBMXmLxJIRehuwg0-GotkfHE9WlIC_4H_U3a4PyQdb9pUPOs3wgOSlpAZtRp5xUnt9EVdnDOoa8N5AFkcblsba8g9gFHmgg.ywMyfDborErcaHwGfqjwuU9BKivzUuvVcowT6gYYSgc&dib_tag=se&keywords=Tamron%2B28%E2%80%93200mm%2B(Full-Frame)&qid=1757035157&sprefix=tamron%2B28%2B200mm%2Bfull-frame%2B,aps,322&sr=8-1&th=1&linkCode=sl1&tag=carltomich-22&linkId=48c5cc0e9d510609bb5d001f6a9afffc&language=en_AU&ref_=as_li_ss_tl",yes,n/a,no,no,no,missing target=_blank; missing rel nofollow sponsored
https://www.carltravels.com/gear.html,gear.html,734,Amazon Associates,RØDE Wireless PRO,https://amzn.to/46kv8CG,200,"https://www.amazon.com.au/R%C3%98DE-Microphone-Recording-Microphones-Filmmaking/dp/B0CB2HGR9Q?crid=2CDBT69BZHLYA&dib=eyJ2IjoiMSJ9.Fwy-kxiSUMPxfuFncUDsU_A5ghupefIniz-REQnE6cTWsXHx1AB2Ujp56lEEJfYAXcz8f7ItdheKMJJEt3fbcDMaXA9z2vvl2SUhzXgbV4Ukq3M5KEeOMdSPoj2cooPZeZPhHMSlekWnOVWq4c0QaOzHxx6P7Hyvkb1eAIDVxOLyj1OA_3uyhvfsRMAssRUi_DZnq7KAobBNLtcDs2i8qN-URdgmgdbkNRbQvdaF9rucUW2oiHlnh0JMDv_DLbLkroYoa-fywaWO7QG159ijgMSHpfo0uXgaCvS9UJEj_s0.c_FuiqtAbfwdPKd4F4lJZzRIPwBnxfR6xx2cadHO14I&dib_tag=se&keywords=rode%2Bwireless%2Bpro&qid=1757035251&sprefix=rode%2Bw,aps,347&sr=8-5&th=1&linkCode=sl1&tag=carltomich-22&linkId=5c5361991d8e56b532939c61e269e8be&language=en_AU&ref_=as_li_ss_tl",yes,n/a,no,no,no,missing target=_blank; missing rel nofollow sponsored
https://www.carltravels.com/gear.html,gear.html,736,Amazon Associates,Think Tank Backpack,https://amzn.to/3I5mApV,200,"https://www.amazon.com.au/Think-Photo-Airport-Commuter-Backpack/dp/B0083GQI5Y?crid=C0BCCANHIF1P&dib=eyJ2IjoiMSJ9.FP6oWa3JfVz8mPQHHtuj2j56z3fDBCwLggHr6aC_VQkOVxUS8E-jSv8mMw2xvwAwKKp3yS3EAZDahiqzg1lUnJ4OI4bd4xC6w4ixKLoGdQQzlllNF5w7ZnNwMLs2cJUeG6JrDAmhFlIOVrQUbQfDbizfr5yKJOBszOQia6SfusuS4weSmOcfJvJKrX1mPtUZWqSiIfvSDzHdKlE3g8kCUmOJ15MWf_Y1bSIbO8NTex-o5CV-I2CF9MLgeMPW8TqjqtcJhcqbNXq4StxmCGriYFO89wZjALKw2reJs6HtCIw.qhwKjNiiihdX328DrvLyHXcJLf0AWPHeRP_c-KJrh90&dib_tag=se&keywords=thinktank%2Btravel%2Bcommuter&qid=1757035351&sprefix=thinktank%2Btravel%2Bcommuter,aps,269&sr=8-4&th=1&psc=1&linkCode=sl1&tag=carltomich-22&linkId=500149597f5ad39a813be7771a3c54f0&language=en_AU&ref_=as_li_ss_tl",yes,n/a,no,no,no,missing target=_blank; missing rel nofollow sponsored
https://www.carltravels.com/getyourwisecard.html,getyourwisecard.html,263,Wise,Get Your Wise Card,https://wise.com/invite/irhc/carlt62,200,https://wise.com/invite/irhc/carlt62,yes,n/a,yes,no,no,missing rel nofollow sponsored
https://www.carltravels.com/getyourwisecard.html,getyourwisecard.html,263,Wise,Wise card,https://wise.com/invite/irhc/carlt62,200,https://wise.com/invite/irhc/carlt62,yes,n/a,yes,no,no,missing rel nofollow sponsored
https://www.carltravels.com/getyourwisecard.html,getyourwisecard.html,263,Wise,Get your Wise card using my link here,https://wise.com/invite/irhc/carlt62,200,https://wise.com/invite/irhc/carlt62,yes,n/a,yes,no,no,missing rel nofollow sponsored
https://www.carltravels.com/getyourwisecard.html,getyourwisecard.html,263,Wise,Get Your Wise Card Now,https://wise.com/invite/irhc/carlt62,200,https://wise.com/invite/irhc/carlt62,yes,n/a,yes,no,no,missing rel nofollow sponsored
https://www.carltravels.com/getyourwisecard.html,getyourwisecard.html,263,Wise,Get Your Wise Card,https://wise.com/invite/irhc/carlt62,200,https://wise.com/invite/irhc/carlt62,yes,n/a,yes,no,no,missing rel nofollow sponsored
https://www.carltravels.com/getyourwisecard.html,getyourwisecard.html,263,Wise,Wise card,https://wise.com/invite/irhc/carlt62,200,https://wise.com/invite/irhc/carlt62,yes,n/a,yes,no,no,missing rel nofollow sponsored
https://www.carltravels.com/grand-world-hanoi-guide.html,grand-world-hanoi-guide.html,345,Saily eSIM,👉 Activate your eSIM now,https://go.saily.site/aff_c?offer_id=101&aff_id=12234,403,https://saily.com/special/?utm_source=12234&utm_medium=affiliate&utm_campaign=101&aff_transaction_id=102671cde85b9dc60aa1208c946ed9&aff_sub=&aff_offer_id=101&aff_id=12234&url={url}&utm_content=&params[ho_asub1]=,yes,no,yes,no,no,not working or blocked; missing CARLRI5370; old Saily affiliate URL format; missing rel nofollow sponsored
https://www.carltravels.com/ha-long-bay-travel-guide/,ha-long-bay-travel-guide/index.html,521,Wise,Sign up here,https://wise.com/invite/irhc/carlt62,200,https://wise.com/invite/irhc/carlt62,yes,n/a,no,no,no,missing target=_blank; missing rel nofollow sponsored
https://www.carltravels.com/ha-long-bay-travel-guide/,ha-long-bay-travel-guide/index.html,527,Dehancer,dehancer.com/subscribe,https://www.dehancer.com/pricing/monthly,200,https://www.dehancer.com/pricing/monthly,no,n/a,no,no,no,missing tracking; missing target=_blank; missing rel nofollow sponsored
https://www.carltravels.com/ha-long-bay-travel-guide/,ha-long-bay-travel-guide/index.html,534,Amazon Associates,DJI Flip,https://amzn.to/45iZULT,200,"https://www.amazon.com.au/DJI-Controller-Takeoff-Intelligent-Batteries/dp/B0DJ1FKDGP?crid=2R4BEGV4GCOVO&dib=eyJ2IjoiMSJ9.B3ZGiV_NB4CWvaKZC46HHhqNPIONGEffr9hyQ7doXp3AXko2J8XgtkAXDGsuiEAotNNI2PbCB1AYBnn8BEqRKQmDgWoDst39DJE8gasnXCLc-jUhcRDkTU-kNRFzDwVNjg3G3I5emTMygueqNFSxWtlrc8daGW3mi4t632aghZDCMYSRFrI9w-WsipGgN-AlFd9MHv5fvM5SOZdJ3ZRc3S6dP5ZdvaJbD8dpLuwD9xBibVGNVEA8sqdNPUGc1-QA6emRyHoQcDY9W1wK8g5M_GK-2rSHwY-u6nRI0GtXeD4.0l6QuT-oAkSZ2X00AMSTCdok07QQfjyAKzBb_DdWawE&dib_tag=se&keywords=dji%2Bflip&qid=1755253304&sprefix=dji%2B,aps,500&sr=8-1&th=1&linkCode=sl1&tag=sonymoviemast-22&linkId=3f5281eb31b07e511b695e37c70531d8&language=en_AU&ref_=as_li_ss_tl",yes,n/a,no,no,no,missing target=_blank; missing rel nofollow sponsored
https://www.carltravels.com/ha-long-bay-travel-guide/,ha-long-bay-travel-guide/index.html,535,Amazon Associates,Sony A7C II,https://amzn.to/4mHhQ8H,200,"https://www.amazon.com.au/Alpha-Full-Frame-Interchangeable-Lens-Camera/dp/B0CGTTVYGM?crid=3UFGY3ITUFRIG&dib=eyJ2IjoiMSJ9.ev7c1E-3pbpbmadeh7VdWFcGksbpaD0LcfMpyGiafmIkmo2jGBt5M2E9J5fx_zQvYoa9cwkYx9Ms4314aD_KvlRP7kN7v44y5OVvwCe0hrwu3EmNb_ynMVmokWAEqEhATekuA2inkDK21iarXslKa-cwhVZmzX5YQxtcRmGKFeR772jpYj3HTrPbeI3ZQ4U9pdrLR2LEwE7JqN1U8Zd-BBT_0SJG6AhX8DL4MXBQZGSJ8ZS-_aLCTtitWZHc2pdFMTaRj76KAi4xLj1fzwW26k4n3Tyl4DcnDLsPS0O6csE.M7nmeQ9rGw5lWrk0OStz3sFcXb6hUUBIYxuSm25RGtM&dib_tag=se&keywords=Sony%2BA7CII&qid=1755253330&sprefix=sony%2Ba7ci,aps,339&sr=8-2&th=1&linkCode=sl1&tag=carltomich-22&linkId=e268d46ab451781fa56ff54460f43b36&language=en_AU&ref_=as_li_ss_tl",yes,n/a,no,no,no,missing target=_blank; missing rel nofollow sponsored
https://www.carltravels.com/ha-long-bay-travel-guide/,ha-long-bay-travel-guide/index.html,536,Amazon Associates,DJI Pocket 3,https://amzn.to/4miS3UJ,200,"https://www.amazon.com.au/DJI-Vlogging-Stabilization-Tracking-Photography/dp/B0CG19FGQ5?crid=1G6X1VC3KQ5EX&dib=eyJ2IjoiMSJ9.OLzTlYtdM2w0TP6xjlSDCa_ccSbGz-LuIU4RgcQOCNGa_FFl2x1iOz2JX6S15ZXETql3rFDOM9ga-vhK36LgBaVMgdsL9DjJ1rGI703o8l2CU7qjqJgJrjk4bbf-Ae7lDW2VKJCOIhx3uSDXuParcMtR2mX2C58Se55j-iXTxZtUyCT_KpmGnxAiC29MDSrLM27fcIM9hNcLt9qfKC4X0H4XYBQK9QDfGIOYCCdiD5lduJ45hKRSb_vcDqRsfUclWisMqQvRUilvFcJNunY7PQEwXIkjphgmLW2BdwCZLnw.kXFrNmjSvoqF8aSCDLEiVO6jy41xldw8QKHmK03PQpg&dib_tag=se&keywords=DJI%2Bpocket%2B3&qid=1755253366&sprefix=dji%2Bpocket%2B34,aps,341&sr=8-5&th=1&linkCode=sl1&tag=carltomich-22&linkId=f574fc6c948e413d7828caf3917f88c7&language=en_AU&ref_=as_li_ss_tl",yes,n/a,no,no,no,missing target=_blank; missing rel nofollow sponsored
https://www.carltravels.com/ha-long-bay-travel-guide/,ha-long-bay-travel-guide/index.html,537,Amazon Associates,Tamron 28–200,https://amzn.to/4lvd1hI,200,"https://www.amazon.com.au/Tamron-28-200-2-8-5-6-Mirrorless-Mount/dp/B08B34HWKV?crid=1QEN08AGHDA5P&dib=eyJ2IjoiMSJ9.F-1xObnXZ1qvBYq3zqlPY-NONJhLnpZLBqOzJ3HO5tTaMoqBS6y-yCzp9X2gf74AvY9AfeP0NaxoH7DZ9-baBGYipuEDZdeZDPhnjFQLAPKtme5_4_FG3s6XXvOiBciFRCc2uuwqEeNlASTcgcCCZMSMFQeah9VIUe8nfvKw3waCva02_S3xX9d-JyGDBuG_e3MirkHsz23lqve2L2QVLMa5j0OVts-mmsfQ8VCk2Mk21ZgO9UeZSpWiqPf46ib3p97ybHMdj-mSwAvwDGZsUplC0W8j79hDLbEyt4rRRsc.RD-ZusuknzzNJEQwUdBnNUgT4NbgXfMrZD-cLbs7Izg&dib_tag=se&keywords=tamron%2B24-150mm%2Bsony&qid=1755253413&sprefix=tamron%2B24-150mm%2Bson,aps,332&sr=8-8&th=1&linkCode=sl1&tag=carltomich-22&linkId=369f0dc13ba29944c2261e58637d5916&language=en_AU&ref_=as_li_ss_tl",yes,n/a,no,no,no,missing target=_blank; missing rel nofollow sponsored
https://www.carltravels.com/ha-long-bay-travel-guide/,ha-long-bay-travel-guide/index.html,538,Amazon Associates,RØDE Wireless PRO,https://amzn.to/4oHMXTy,200,"https://www.amazon.com.au/R%C3%98DE-Microphone-Recording-Microphones-Filmmaking/dp/B0CB2HGR9Q?crid=EGFFU6UZWCLT&dib=eyJ2IjoiMSJ9.DGm925iQklRK-0FmBcE9db-XNNBHUbEQUmSpGwxYevTWsXHx1AB2Ujp56lEEJfYAXcz8f7ItdheKMJJEt3fbcFJwLM0qbJZFbyXmeGeum-sa0VEabMsoDLY8CTncKG_wcQknrVxzofZHSnY2hjgptBqrzbKBtON6CpGKjvZLWJbF12me_IIzxbcIdQ8xyAiv4MZEEmpSth_cBUSNn31q0t3k7bBm6YhlZLAdCOz86vQKfMf3dxTZHnqFsWMWlUF7v0fy7dJRty-80-hdaPlVDfUAYTPOMRmPYrwuoDhkGHE.Jyv_XTXDBOYqJ4Rg5nZ0RKMDurBNR5Nag68iZPXdLmc&dib_tag=se&keywords=rode%2Bwireless%2Bpro&qid=1755253496&sprefix=Rode%2Bwirle,aps,388&sr=8-3&th=1&linkCode=sl1&tag=carltomich-22&linkId=c45e7c55dd1516f0f8708eea1e3df28d&language=en_AU&ref_=as_li_ss_tl",yes,n/a,no,no,no,missing target=_blank; missing rel nofollow sponsored
https://www.carltravels.com/ha-long-bay-travel-guide/,ha-long-bay-travel-guide/index.html,539,Amazon Associates,Think Tank Backpack,https://amzn.to/467fEAU,200,"https://www.amazon.com/Think-Tank-Airport-Commuter-Backpack/dp/B0083GQI5Y?crid=2DUIR27E54VFF&dib=eyJ2IjoiMSJ9.9XG5TZXY0VQe_JM4tf_rYqZTZVCpD3yhgWrqqRz7QRe2p5T785DRre0iq_knj0lCgwWu61gX6gQhU1gnkpa0Oy5NL2IJTmQqwU2OgKZOy7CJNXpEWJDXjz5XMOXhk-qfM1nF08sucPDsn0dmURafC38s2OcI8cViV1Q67OF01Sr2OmjeufUSQg0GHKX3twaAL-kI-4oLThlIo3FD4R9r9a-4ZQqUBJQ7iiDS97TIM2g.yGwuqwlPiTaZdkN4hPtMx2ru_ylVkLWkPPgvjFU3Vo4&dib_tag=se&keywords=thinktank+travel+backpack&qid=1757035483&sprefix=thinktank+travel+backpac,aps,316&sr=8-3&linkCode=sl1&tag=carltomichtec-20&linkId=5a1043bdd87861e72327b4d1be2226de&language=en_US&ref_=as_li_ss_tl",yes,n/a,no,no,no,missing target=_blank; missing rel nofollow sponsored
https://www.carltravels.com/ha-long-bay-travel-guide/,ha-long-bay-travel-guide/index.html,545,Amazon Associates,DJI Flip,https://amzn.to/41zmAVV,200,"https://www.amazon.com.au/DJI-Controller-Takeoff-Intelligent-Batteries/dp/B0DJ1FKDGP?crid=27CLM6RRHHRB4&dib=eyJ2IjoiMSJ9.xHJwj2C5oeF6OHTI195Mdn3sPKEY3lQQtbR1Ffinq4nZrf0vJkhLIitjW3VBJOJxwyVeE4yQAuXGFbWTEwFrlWWsax_d6SMbu6MShKn__FMm0mh-GoBsHRxdET8U2ZnqpxXklLfQqiThEX0uRx_FzYCEWuAVyvXSelhqtv3be5YD_EsWRzMIULJGPJlSUrdUmmEa5c91FR8syo0ZeIfK0g6nYhVRBSfryUO8DyP7t9w0yINa3lmqQbKaTVkAljF0zY95g7ligNcgPIUNDRqXXx8IdElfmIcz-LTDbcXZCVY.BHpsQw5p_iwN_R_6cb79XAe-ZNr3mHBd-DXY4w99rs8&dib_tag=se&keywords=dji%2Bflip&qid=1757034937&sprefix=dji%2Bflip,aps,261&sr=8-1&th=1&linkCode=sl1&tag=carltomich-22&linkId=086f0f4dda5311ea4c0fa2a020c7fc62&language=en_AU&ref_=as_li_ss_tl",yes,n/a,no,no,no,missing target=_blank; missing rel nofollow sponsored
https://www.carltravels.com/ha-long-bay-travel-guide/,ha-long-bay-travel-guide/index.html,546,Amazon Associates,Sony A7C II,https://amzn.to/45Qk2Fw,200,"https://www.amazon.com.au/Sony-Alpha-System-Camera-28-60mm/dp/B0CGFBMNDH?crid=Y4V8WSCJABT6&dib=eyJ2IjoiMSJ9.ev7c1E-3pbpbmadeh7VdWGGGwBPVPgenkV33RBsEipu2uXVpDOT-4N719LE8z5ZZkuiatxECfZOdzpPy6zsWyTaCC9-YjTsjmmcZSgzVbtIhv6nwiqrhip-8XLyFVM8TJI0S9CtfzEuF20mZcy_wovPC1FlRfSxCGu-1DiuOJ6Z2es25G9g5miw4rVwdl2YcxPhn0n3sJchrolpd3esOjIp0QaLGvz7n3uFMc-O48l4pYSj__YDttER8crkPx69f7mSxS8ujQijijWSjmj4h9XUlNdHSaq2KQBm7l6vTkyg.johmDKkudmYJ6Vp3A83ZS0WmLiuItffyIHcQrNpcTpM&dib_tag=se&keywords=sony%2Ba7cii&qid=1757035042&sprefix=sony%2Ba7cii,aps,242&sr=8-7&th=1&linkCode=sl1&tag=carltomich-22&linkId=e6839e00766785a47c09e7449989c441&language=en_AU&ref_=as_li_ss_tl",yes,n/a,no,no,no,missing target=_blank; missing rel nofollow sponsored
https://www.carltravels.com/ha-long-bay-travel-guide/,ha-long-bay-travel-guide/index.html,547,Amazon Associates,DJI Osmo Pocket 3,https://amzn.to/4gaYLJZ,200,"https://www.amazon.com.au/DJI-Stabilization-Rotatable-Touchscreen-Photography/dp/B0CG19QXWD?crid=3SHCFANSRK2GV&dib=eyJ2IjoiMSJ9.hn-IKcsoi27x5Xtepf1O0xSEJ-Xc0yIsZ5hiLNsRo0_pnL0HwMARDMaGpGot5vRUIoisskZuJLNO1vrHcsMAQPRIRCdFRvFwlfyVPydN5FfkKgbYw0s29BMkgJiljvn0_ugxYU6JZ9cLZJ8Oj30vFVBWWAWBuepYqTkzRyVqmr2ii2X5OCrM6ae484zpYvqQCRiXcJMt0dgPItUfZ0RL6z-y7KTTesad4agjzTRTAcf1lSsm2yEzEH72afh7B2OEGD2c87RWuC02g7fgtlSVS8E50gbD3A0TmSTnzJ8VLKQ.Bx4cRITeVOMwGs0D0DKW1fgGx14CLCMyLTVRjMuItUs&dib_tag=se&keywords=dji%2Bosmo%2Bpocket%2B3&qid=1757035105&sprefix=DJI,aps,491&sr=8-5&th=1&linkCode=sl1&tag=carltomich-22&linkId=6c45d0909c1797b83d49c364f2b311b2&language=en_AU&ref_=as_li_ss_tl",yes,n/a,no,no,no,missing target=_blank; missing rel nofollow sponsored
https://www.carltravels.com/ha-long-bay-travel-guide/,ha-long-bay-travel-guide/index.html,548,Amazon Associates,Tamron 24–200,https://amzn.to/4n73D5P,200,"https://www.amazon.com.au/Tamron-28-200-2-8-5-6-Mirrorless-Mount/dp/B08B34HWKV?crid=2KXUS0I4U82EM&dib=eyJ2IjoiMSJ9.CirVtLEYR7BE9okHzn54invQLY0R2IpCxFbXtvO1NnS3N7bkvewO8f1Yq8HoRp8by7g8fCAGFxwZReQZiHGIleWQhBiyxX6NqLuWc2JcY0SatfWtItHN56up3Chh0D8MWnZx1sZMHuhw7JMF1wW-t-_JV04YdmuFHxRHCAkZE68WtA-D3L-Dzu4PGUjAvPjTp5SldK7-BzyvSBMXmLxJIRehuwg0-GotkfHE9WlIC_4H_U3a4PyQdb9pUPOs3wgOSlpAZtRp5xUnt9EVdnDOoa8N5AFkcblsba8g9gFHmgg.ywMyfDborErcaHwGfqjwuU9BKivzUuvVcowT6gYYSgc&dib_tag=se&keywords=Tamron%2B28%E2%80%93200mm%2B(Full-Frame)&qid=1757035157&sprefix=tamron%2B28%2B200mm%2Bfull-frame%2B,aps,322&sr=8-1&th=1&linkCode=sl1&tag=carltomich-22&linkId=48c5cc0e9d510609bb5d001f6a9afffc&language=en_AU&ref_=as_li_ss_tl",yes,n/a,no,no,no,missing target=_blank; missing rel nofollow sponsored
https://www.carltravels.com/ha-long-bay-travel-guide/,ha-long-bay-travel-guide/index.html,549,Amazon Associates,RØDE Wireless PRO,https://amzn.to/46kv8CG,200,"https://www.amazon.com.au/R%C3%98DE-Microphone-Recording-Microphones-Filmmaking/dp/B0CB2HGR9Q?crid=2CDBT69BZHLYA&dib=eyJ2IjoiMSJ9.Fwy-kxiSUMPxfuFncUDsU_A5ghupefIniz-REQnE6cTWsXHx1AB2Ujp56lEEJfYAXcz8f7ItdheKMJJEt3fbcDMaXA9z2vvl2SUhzXgbV4Ukq3M5KEeOMdSPoj2cooPZeZPhHMSlekWnOVWq4c0QaOzHxx6P7Hyvkb1eAIDVxOLyj1OA_3uyhvfsRMAssRUi_DZnq7KAobBNLtcDs2i8qN-URdgmgdbkNRbQvdaF9rucUW2oiHlnh0JMDv_DLbLkroYoa-fywaWO7QG159ijgMSHpfo0uXgaCvS9UJEj_s0.c_FuiqtAbfwdPKd4F4lJZzRIPwBnxfR6xx2cadHO14I&dib_tag=se&keywords=rode%2Bwireless%2Bpro&qid=1757035251&sprefix=rode%2Bw,aps,347&sr=8-5&th=1&linkCode=sl1&tag=carltomich-22&linkId=5c5361991d8e56b532939c61e269e8be&language=en_AU&ref_=as_li_ss_tl",yes,n/a,no,no,no,missing target=_blank; missing rel nofollow sponsored
https://www.carltravels.com/ha-long-bay-travel-guide/,ha-long-bay-travel-guide/index.html,550,Amazon Associates,Think Tank Backpack,https://amzn.to/3I5mApV,200,"https://www.amazon.com.au/Think-Photo-Airport-Commuter-Backpack/dp/B0083GQI5Y?crid=C0BCCANHIF1P&dib=eyJ2IjoiMSJ9.FP6oWa3JfVz8mPQHHtuj2j56z3fDBCwLggHr6aC_VQkOVxUS8E-jSv8mMw2xvwAwKKp3yS3EAZDahiqzg1lUnJ4OI4bd4xC6w4ixKLoGdQQzlllNF5w7ZnNwMLs2cJUeG6JrDAmhFlIOVrQUbQfDbizfr5yKJOBszOQia6SfusuS4weSmOcfJvJKrX1mPtUZWqSiIfvSDzHdKlE3g8kCUmOJ15MWf_Y1bSIbO8NTex-o5CV-I2CF9MLgeMPW8TqjqtcJhcqbNXq4StxmCGriYFO89wZjALKw2reJs6HtCIw.qhwKjNiiihdX328DrvLyHXcJLf0AWPHeRP_c-KJrh90&dib_tag=se&keywords=thinktank%2Btravel%2Bcommuter&qid=1757035351&sprefix=thinktank%2Btravel%2Bcommuter,aps,269&sr=8-4&th=1&psc=1&linkCode=sl1&tag=carltomich-22&linkId=500149597f5ad39a813be7771a3c54f0&language=en_AU&ref_=as_li_ss_tl",yes,n/a,no,no,no,missing target=_blank; missing rel nofollow sponsored
https://www.carltravels.com/ha-long-bay-travel-guide/,ha-long-bay-travel-guide/index.html,572,Saily eSIM,👉 Activate your eSIM now,https://go.saily.site/aff_c?offer_id=101&aff_id=12234,403,https://saily.com/special/?utm_source=12234&utm_medium=affiliate&utm_campaign=101&aff_transaction_id=102671cde85b9dc60aa1208c946ed9&aff_sub=&aff_offer_id=101&aff_id=12234&url={url}&utm_content=&params[ho_asub1]=,yes,no,yes,no,no,not working or blocked; missing CARLRI5370; old Saily affiliate URL format; missing rel nofollow sponsored
https://www.carltravels.com/hanoi-by-night.html,hanoi-by-night.html,275,Amazon Associates,DJI Flip,https://amzn.to/45iZULT,200,"https://www.amazon.com.au/DJI-Controller-Takeoff-Intelligent-Batteries/dp/B0DJ1FKDGP?crid=2R4BEGV4GCOVO&dib=eyJ2IjoiMSJ9.B3ZGiV_NB4CWvaKZC46HHhqNPIONGEffr9hyQ7doXp3AXko2J8XgtkAXDGsuiEAotNNI2PbCB1AYBnn8BEqRKQmDgWoDst39DJE8gasnXCLc-jUhcRDkTU-kNRFzDwVNjg3G3I5emTMygueqNFSxWtlrc8daGW3mi4t632aghZDCMYSRFrI9w-WsipGgN-AlFd9MHv5fvM5SOZdJ3ZRc3S6dP5ZdvaJbD8dpLuwD9xBibVGNVEA8sqdNPUGc1-QA6emRyHoQcDY9W1wK8g5M_GK-2rSHwY-u6nRI0GtXeD4.0l6QuT-oAkSZ2X00AMSTCdok07QQfjyAKzBb_DdWawE&dib_tag=se&keywords=dji%2Bflip&qid=1755253304&sprefix=dji%2B,aps,500&sr=8-1&th=1&linkCode=sl1&tag=sonymoviemast-22&linkId=3f5281eb31b07e511b695e37c70531d8&language=en_AU&ref_=as_li_ss_tl",yes,n/a,yes,no,no,missing rel nofollow sponsored
https://www.carltravels.com/hanoi-by-night.html,hanoi-by-night.html,276,Amazon Associates,Sony A7C II,https://amzn.to/4mHhQ8H,200,"https://www.amazon.com.au/Alpha-Full-Frame-Interchangeable-Lens-Camera/dp/B0CGTTVYGM?crid=3UFGY3ITUFRIG&dib=eyJ2IjoiMSJ9.ev7c1E-3pbpbmadeh7VdWFcGksbpaD0LcfMpyGiafmIkmo2jGBt5M2E9J5fx_zQvYoa9cwkYx9Ms4314aD_KvlRP7kN7v44y5OVvwCe0hrwu3EmNb_ynMVmokWAEqEhATekuA2inkDK21iarXslKa-cwhVZmzX5YQxtcRmGKFeR772jpYj3HTrPbeI3ZQ4U9pdrLR2LEwE7JqN1U8Zd-BBT_0SJG6AhX8DL4MXBQZGSJ8ZS-_aLCTtitWZHc2pdFMTaRj76KAi4xLj1fzwW26k4n3Tyl4DcnDLsPS0O6csE.M7nmeQ9rGw5lWrk0OStz3sFcXb6hUUBIYxuSm25RGtM&dib_tag=se&keywords=Sony%2BA7CII&qid=1755253330&sprefix=sony%2Ba7ci,aps,339&sr=8-2&th=1&linkCode=sl1&tag=carltomich-22&linkId=e268d46ab451781fa56ff54460f43b36&language=en_AU&ref_=as_li_ss_tl",yes,n/a,yes,no,no,missing rel nofollow sponsored
https://www.carltravels.com/hanoi-by-night.html,hanoi-by-night.html,277,Amazon Associates,DJI Pocket 3 (Creator Combo),https://amzn.to/4miS3UJ,200,"https://www.amazon.com.au/DJI-Vlogging-Stabilization-Tracking-Photography/dp/B0CG19FGQ5?crid=1G6X1VC3KQ5EX&dib=eyJ2IjoiMSJ9.OLzTlYtdM2w0TP6xjlSDCa_ccSbGz-LuIU4RgcQOCNGa_FFl2x1iOz2JX6S15ZXETql3rFDOM9ga-vhK36LgBaVMgdsL9DjJ1rGI703o8l2CU7qjqJgJrjk4bbf-Ae7lDW2VKJCOIhx3uSDXuParcMtR2mX2C58Se55j-iXTxZtUyCT_KpmGnxAiC29MDSrLM27fcIM9hNcLt9qfKC4X0H4XYBQK9QDfGIOYCCdiD5lduJ45hKRSb_vcDqRsfUclWisMqQvRUilvFcJNunY7PQEwXIkjphgmLW2BdwCZLnw.kXFrNmjSvoqF8aSCDLEiVO6jy41xldw8QKHmK03PQpg&dib_tag=se&keywords=DJI%2Bpocket%2B3&qid=1755253366&sprefix=dji%2Bpocket%2B34,aps,341&sr=8-5&th=1&linkCode=sl1&tag=carltomich-22&linkId=f574fc6c948e413d7828caf3917f88c7&language=en_AU&ref_=as_li_ss_tl",yes,n/a,yes,no,no,missing rel nofollow sponsored
https://www.carltravels.com/hanoi-by-night.html,hanoi-by-night.html,278,Amazon Associates,Tamron 28–200mm (Full-Frame),https://amzn.to/4lvd1hI,200,"https://www.amazon.com.au/Tamron-28-200-2-8-5-6-Mirrorless-Mount/dp/B08B34HWKV?crid=1QEN08AGHDA5P&dib=eyJ2IjoiMSJ9.F-1xObnXZ1qvBYq3zqlPY-NONJhLnpZLBqOzJ3HO5tTaMoqBS6y-yCzp9X2gf74AvY9AfeP0NaxoH7DZ9-baBGYipuEDZdeZDPhnjFQLAPKtme5_4_FG3s6XXvOiBciFRCc2uuwqEeNlASTcgcCCZMSMFQeah9VIUe8nfvKw3waCva02_S3xX9d-JyGDBuG_e3MirkHsz23lqve2L2QVLMa5j0OVts-mmsfQ8VCk2Mk21ZgO9UeZSpWiqPf46ib3p97ybHMdj-mSwAvwDGZsUplC0W8j79hDLbEyt4rRRsc.RD-ZusuknzzNJEQwUdBnNUgT4NbgXfMrZD-cLbs7Izg&dib_tag=se&keywords=tamron%2B24-150mm%2Bsony&qid=1755253413&sprefix=tamron%2B24-150mm%2Bson,aps,332&sr=8-8&th=1&linkCode=sl1&tag=carltomich-22&linkId=369f0dc13ba29944c2261e58637d5916&language=en_AU&ref_=as_li_ss_tl",yes,n/a,yes,no,no,missing rel nofollow sponsored
https://www.carltravels.com/hanoi-by-night.html,hanoi-by-night.html,279,Amazon Associates,Rode Wireless PRO,https://amzn.to/4oHMXTy,200,"https://www.amazon.com.au/R%C3%98DE-Microphone-Recording-Microphones-Filmmaking/dp/B0CB2HGR9Q?crid=EGFFU6UZWCLT&dib=eyJ2IjoiMSJ9.DGm925iQklRK-0FmBcE9db-XNNBHUbEQUmSpGwxYevTWsXHx1AB2Ujp56lEEJfYAXcz8f7ItdheKMJJEt3fbcFJwLM0qbJZFbyXmeGeum-sa0VEabMsoDLY8CTncKG_wcQknrVxzofZHSnY2hjgptBqrzbKBtON6CpGKjvZLWJbF12me_IIzxbcIdQ8xyAiv4MZEEmpSth_cBUSNn31q0t3k7bBm6YhlZLAdCOz86vQKfMf3dxTZHnqFsWMWlUF7v0fy7dJRty-80-hdaPlVDfUAYTPOMRmPYrwuoDhkGHE.Jyv_XTXDBOYqJ4Rg5nZ0RKMDurBNR5Nag68iZPXdLmc&dib_tag=se&keywords=rode%2Bwireless%2Bpro&qid=1755253496&sprefix=Rode%2Bwirle,aps,388&sr=8-3&th=1&linkCode=sl1&tag=carltomich-22&linkId=c45e7c55dd1516f0f8708eea1e3df28d&language=en_AU&ref_=as_li_ss_tl",yes,n/a,yes,no,no,missing rel nofollow sponsored
https://www.carltravels.com/hanoi-by-night.html,hanoi-by-night.html,280,Amazon Associates,Thinktank Travel Commuter Backpack,https://amzn.to/467fEAU,200,"https://www.amazon.com/Think-Tank-Airport-Commuter-Backpack/dp/B0083GQI5Y?crid=2DUIR27E54VFF&dib=eyJ2IjoiMSJ9.9XG5TZXY0VQe_JM4tf_rYqZTZVCpD3yhgWrqqRz7QRe2p5T785DRre0iq_knj0lCgwWu61gX6gQhU1gnkpa0Oy5NL2IJTmQqwU2OgKZOy7CJNXpEWJDXjz5XMOXhk-qfM1nF08sucPDsn0dmURafC38s2OcI8cViV1Q67OF01Sr2OmjeufUSQg0GHKX3twaAL-kI-4oLThlIo3FD4R9r9a-4ZQqUBJQ7iiDS97TIM2g.yGwuqwlPiTaZdkN4hPtMx2ru_ylVkLWkPPgvjFU3Vo4&dib_tag=se&keywords=thinktank+travel+backpack&qid=1757035483&sprefix=thinktank+travel+backpac,aps,316&sr=8-3&linkCode=sl1&tag=carltomichtec-20&linkId=5a1043bdd87861e72327b4d1be2226de&language=en_US&ref_=as_li_ss_tl",yes,n/a,yes,no,no,missing rel nofollow sponsored
https://www.carltravels.com/hanoi-by-night.html,hanoi-by-night.html,286,Amazon Associates,DJI Flip,https://amzn.to/41zmAVV,200,"https://www.amazon.com.au/DJI-Controller-Takeoff-Intelligent-Batteries/dp/B0DJ1FKDGP?crid=27CLM6RRHHRB4&dib=eyJ2IjoiMSJ9.xHJwj2C5oeF6OHTI195Mdn3sPKEY3lQQtbR1Ffinq4nZrf0vJkhLIitjW3VBJOJxwyVeE4yQAuXGFbWTEwFrlWWsax_d6SMbu6MShKn__FMm0mh-GoBsHRxdET8U2ZnqpxXklLfQqiThEX0uRx_FzYCEWuAVyvXSelhqtv3be5YD_EsWRzMIULJGPJlSUrdUmmEa5c91FR8syo0ZeIfK0g6nYhVRBSfryUO8DyP7t9w0yINa3lmqQbKaTVkAljF0zY95g7ligNcgPIUNDRqXXx8IdElfmIcz-LTDbcXZCVY.BHpsQw5p_iwN_R_6cb79XAe-ZNr3mHBd-DXY4w99rs8&dib_tag=se&keywords=dji%2Bflip&qid=1757034937&sprefix=dji%2Bflip,aps,261&sr=8-1&th=1&linkCode=sl1&tag=carltomich-22&linkId=086f0f4dda5311ea4c0fa2a020c7fc62&language=en_AU&ref_=as_li_ss_tl",yes,n/a,yes,no,no,missing rel nofollow sponsored
https://www.carltravels.com/hanoi-by-night.html,hanoi-by-night.html,287,Amazon Associates,Sony 7CII,https://amzn.to/45Qk2Fw,200,"https://www.amazon.com.au/Sony-Alpha-System-Camera-28-60mm/dp/B0CGFBMNDH?crid=Y4V8WSCJABT6&dib=eyJ2IjoiMSJ9.ev7c1E-3pbpbmadeh7VdWGGGwBPVPgenkV33RBsEipu2uXVpDOT-4N719LE8z5ZZkuiatxECfZOdzpPy6zsWyTaCC9-YjTsjmmcZSgzVbtIhv6nwiqrhip-8XLyFVM8TJI0S9CtfzEuF20mZcy_wovPC1FlRfSxCGu-1DiuOJ6Z2es25G9g5miw4rVwdl2YcxPhn0n3sJchrolpd3esOjIp0QaLGvz7n3uFMc-O48l4pYSj__YDttER8crkPx69f7mSxS8ujQijijWSjmj4h9XUlNdHSaq2KQBm7l6vTkyg.johmDKkudmYJ6Vp3A83ZS0WmLiuItffyIHcQrNpcTpM&dib_tag=se&keywords=sony%2Ba7cii&qid=1757035042&sprefix=sony%2Ba7cii,aps,242&sr=8-7&th=1&linkCode=sl1&tag=carltomich-22&linkId=e6839e00766785a47c09e7449989c441&language=en_AU&ref_=as_li_ss_tl",yes,n/a,yes,no,no,missing rel nofollow sponsored
https://www.carltravels.com/hanoi-by-night.html,hanoi-by-night.html,288,Amazon Associates,DJI Osmo Pocket 3,https://amzn.to/4gaYLJZ,200,"https://www.amazon.com.au/DJI-Stabilization-Rotatable-Touchscreen-Photography/dp/B0CG19QXWD?crid=3SHCFANSRK2GV&dib=eyJ2IjoiMSJ9.hn-IKcsoi27x5Xtepf1O0xSEJ-Xc0yIsZ5hiLNsRo0_pnL0HwMARDMaGpGot5vRUIoisskZuJLNO1vrHcsMAQPRIRCdFRvFwlfyVPydN5FfkKgbYw0s29BMkgJiljvn0_ugxYU6JZ9cLZJ8Oj30vFVBWWAWBuepYqTkzRyVqmr2ii2X5OCrM6ae484zpYvqQCRiXcJMt0dgPItUfZ0RL6z-y7KTTesad4agjzTRTAcf1lSsm2yEzEH72afh7B2OEGD2c87RWuC02g7fgtlSVS8E50gbD3A0TmSTnzJ8VLKQ.Bx4cRITeVOMwGs0D0DKW1fgGx14CLCMyLTVRjMuItUs&dib_tag=se&keywords=dji%2Bosmo%2Bpocket%2B3&qid=1757035105&sprefix=DJI,aps,491&sr=8-5&th=1&linkCode=sl1&tag=carltomich-22&linkId=6c45d0909c1797b83d49c364f2b311b2&language=en_AU&ref_=as_li_ss_tl",yes,n/a,yes,no,no,missing rel nofollow sponsored
https://www.carltravels.com/hanoi-by-night.html,hanoi-by-night.html,289,Amazon Associates,Tamron 24–200 Lens for Sony,https://amzn.to/4n73D5P,200,"https://www.amazon.com.au/Tamron-28-200-2-8-5-6-Mirrorless-Mount/dp/B08B34HWKV?crid=2KXUS0I4U82EM&dib=eyJ2IjoiMSJ9.CirVtLEYR7BE9okHzn54invQLY0R2IpCxFbXtvO1NnS3N7bkvewO8f1Yq8HoRp8by7g8fCAGFxwZReQZiHGIleWQhBiyxX6NqLuWc2JcY0SatfWtItHN56up3Chh0D8MWnZx1sZMHuhw7JMF1wW-t-_JV04YdmuFHxRHCAkZE68WtA-D3L-Dzu4PGUjAvPjTp5SldK7-BzyvSBMXmLxJIRehuwg0-GotkfHE9WlIC_4H_U3a4PyQdb9pUPOs3wgOSlpAZtRp5xUnt9EVdnDOoa8N5AFkcblsba8g9gFHmgg.ywMyfDborErcaHwGfqjwuU9BKivzUuvVcowT6gYYSgc&dib_tag=se&keywords=Tamron%2B28%E2%80%93200mm%2B(Full-Frame)&qid=1757035157&sprefix=tamron%2B28%2B200mm%2Bfull-frame%2B,aps,322&sr=8-1&th=1&linkCode=sl1&tag=carltomich-22&linkId=48c5cc0e9d510609bb5d001f6a9afffc&language=en_AU&ref_=as_li_ss_tl",yes,n/a,yes,no,no,missing rel nofollow sponsored
https://www.carltravels.com/hanoi-by-night.html,hanoi-by-night.html,290,Amazon Associates,Rode Wireless Pro,https://amzn.to/46kv8CG,200,"https://www.amazon.com.au/R%C3%98DE-Microphone-Recording-Microphones-Filmmaking/dp/B0CB2HGR9Q?crid=2CDBT69BZHLYA&dib=eyJ2IjoiMSJ9.Fwy-kxiSUMPxfuFncUDsU_A5ghupefIniz-REQnE6cTWsXHx1AB2Ujp56lEEJfYAXcz8f7ItdheKMJJEt3fbcDMaXA9z2vvl2SUhzXgbV4Ukq3M5KEeOMdSPoj2cooPZeZPhHMSlekWnOVWq4c0QaOzHxx6P7Hyvkb1eAIDVxOLyj1OA_3uyhvfsRMAssRUi_DZnq7KAobBNLtcDs2i8qN-URdgmgdbkNRbQvdaF9rucUW2oiHlnh0JMDv_DLbLkroYoa-fywaWO7QG159ijgMSHpfo0uXgaCvS9UJEj_s0.c_FuiqtAbfwdPKd4F4lJZzRIPwBnxfR6xx2cadHO14I&dib_tag=se&keywords=rode%2Bwireless%2Bpro&qid=1757035251&sprefix=rode%2Bw,aps,347&sr=8-5&th=1&linkCode=sl1&tag=carltomich-22&linkId=5c5361991d8e56b532939c61e269e8be&language=en_AU&ref_=as_li_ss_tl",yes,n/a,yes,no,no,missing rel nofollow sponsored
https://www.carltravels.com/hanoi-by-night.html,hanoi-by-night.html,291,Amazon Associates,Thinktank Travel Commuter Backpack,https://amzn.to/3I5mApV,200,"https://www.amazon.com.au/Think-Photo-Airport-Commuter-Backpack/dp/B0083GQI5Y?crid=C0BCCANHIF1P&dib=eyJ2IjoiMSJ9.FP6oWa3JfVz8mPQHHtuj2j56z3fDBCwLggHr6aC_VQkOVxUS8E-jSv8mMw2xvwAwKKp3yS3EAZDahiqzg1lUnJ4OI4bd4xC6w4ixKLoGdQQzlllNF5w7ZnNwMLs2cJUeG6JrDAmhFlIOVrQUbQfDbizfr5yKJOBszOQia6SfusuS4weSmOcfJvJKrX1mPtUZWqSiIfvSDzHdKlE3g8kCUmOJ15MWf_Y1bSIbO8NTex-o5CV-I2CF9MLgeMPW8TqjqtcJhcqbNXq4StxmCGriYFO89wZjALKw2reJs6HtCIw.qhwKjNiiihdX328DrvLyHXcJLf0AWPHeRP_c-KJrh90&dib_tag=se&keywords=thinktank%2Btravel%2Bcommuter&qid=1757035351&sprefix=thinktank%2Btravel%2Bcommuter,aps,269&sr=8-4&th=1&psc=1&linkCode=sl1&tag=carltomich-22&linkId=500149597f5ad39a813be7771a3c54f0&language=en_AU&ref_=as_li_ss_tl",yes,n/a,yes,no,no,missing rel nofollow sponsored
https://www.carltravels.com/hanoi-by-night.html,hanoi-by-night.html,315,Saily eSIM,👉 Activate your eSIM now,https://go.saily.site/aff_c?offer_id=101&aff_id=12234,403,https://saily.com/special/?utm_source=12234&utm_medium=affiliate&utm_campaign=101&aff_transaction_id=102671cde85b9dc60aa1208c946ed9&aff_sub=&aff_offer_id=101&aff_id=12234&url={url}&utm_content=&params[ho_asub1]=,yes,no,yes,no,no,not working or blocked; missing CARLRI5370; old Saily affiliate URL format; missing rel nofollow sponsored
https://www.carltravels.com/hanoi-heatwave-best-pools-tay-ho-quang-an/,hanoi-heatwave-best-pools-tay-ho-quang-an/index.html,393,Saily eSIM,Activate your eSIM now,https://go.saily.site/aff_c?offer_id=101&aff_id=12234,403,https://saily.com/special/?utm_source=12234&utm_medium=affiliate&utm_campaign=101&aff_transaction_id=102671cde85b9dc60aa1208c946ed9&aff_sub=&aff_offer_id=101&aff_id=12234&url={url}&utm_content=&params[ho_asub1]=,yes,no,yes,no,no,not working or blocked; missing CARLRI5370; old Saily affiliate URL format; missing rel nofollow sponsored
https://www.carltravels.com/hanoitravelguide.html,hanoitravelguide.html,651,Wise,Sign up here,https://wise.com/invite/irhc/carlt62,200,https://wise.com/invite/irhc/carlt62,yes,n/a,no,no,no,missing target=_blank; missing rel nofollow sponsored
https://www.carltravels.com/hanoitravelguide.html,hanoitravelguide.html,657,Dehancer,dehancer.com/subscribe,https://www.dehancer.com/pricing/monthly,200,https://www.dehancer.com/pricing/monthly,no,n/a,no,no,no,missing tracking; missing target=_blank; missing rel nofollow sponsored
https://www.carltravels.com/hanoitravelguide.html,hanoitravelguide.html,664,Amazon Associates,DJI Flip,https://amzn.to/45iZULT,200,"https://www.amazon.com.au/DJI-Controller-Takeoff-Intelligent-Batteries/dp/B0DJ1FKDGP?crid=2R4BEGV4GCOVO&dib=eyJ2IjoiMSJ9.B3ZGiV_NB4CWvaKZC46HHhqNPIONGEffr9hyQ7doXp3AXko2J8XgtkAXDGsuiEAotNNI2PbCB1AYBnn8BEqRKQmDgWoDst39DJE8gasnXCLc-jUhcRDkTU-kNRFzDwVNjg3G3I5emTMygueqNFSxWtlrc8daGW3mi4t632aghZDCMYSRFrI9w-WsipGgN-AlFd9MHv5fvM5SOZdJ3ZRc3S6dP5ZdvaJbD8dpLuwD9xBibVGNVEA8sqdNPUGc1-QA6emRyHoQcDY9W1wK8g5M_GK-2rSHwY-u6nRI0GtXeD4.0l6QuT-oAkSZ2X00AMSTCdok07QQfjyAKzBb_DdWawE&dib_tag=se&keywords=dji%2Bflip&qid=1755253304&sprefix=dji%2B,aps,500&sr=8-1&th=1&linkCode=sl1&tag=sonymoviemast-22&linkId=3f5281eb31b07e511b695e37c70531d8&language=en_AU&ref_=as_li_ss_tl",yes,n/a,no,no,no,missing target=_blank; missing rel nofollow sponsored
https://www.carltravels.com/hanoitravelguide.html,hanoitravelguide.html,665,Amazon Associates,Sony A7C II,https://amzn.to/4mHhQ8H,200,"https://www.amazon.com.au/Alpha-Full-Frame-Interchangeable-Lens-Camera/dp/B0CGTTVYGM?crid=3UFGY3ITUFRIG&dib=eyJ2IjoiMSJ9.ev7c1E-3pbpbmadeh7VdWFcGksbpaD0LcfMpyGiafmIkmo2jGBt5M2E9J5fx_zQvYoa9cwkYx9Ms4314aD_KvlRP7kN7v44y5OVvwCe0hrwu3EmNb_ynMVmokWAEqEhATekuA2inkDK21iarXslKa-cwhVZmzX5YQxtcRmGKFeR772jpYj3HTrPbeI3ZQ4U9pdrLR2LEwE7JqN1U8Zd-BBT_0SJG6AhX8DL4MXBQZGSJ8ZS-_aLCTtitWZHc2pdFMTaRj76KAi4xLj1fzwW26k4n3Tyl4DcnDLsPS0O6csE.M7nmeQ9rGw5lWrk0OStz3sFcXb6hUUBIYxuSm25RGtM&dib_tag=se&keywords=Sony%2BA7CII&qid=1755253330&sprefix=sony%2Ba7ci,aps,339&sr=8-2&th=1&linkCode=sl1&tag=carltomich-22&linkId=e268d46ab451781fa56ff54460f43b36&language=en_AU&ref_=as_li_ss_tl",yes,n/a,no,no,no,missing target=_blank; missing rel nofollow sponsored
https://www.carltravels.com/hanoitravelguide.html,hanoitravelguide.html,666,Amazon Associates,DJI Pocket 3,https://amzn.to/4miS3UJ,200,"https://www.amazon.com.au/DJI-Vlogging-Stabilization-Tracking-Photography/dp/B0CG19FGQ5?crid=1G6X1VC3KQ5EX&dib=eyJ2IjoiMSJ9.OLzTlYtdM2w0TP6xjlSDCa_ccSbGz-LuIU4RgcQOCNGa_FFl2x1iOz2JX6S15ZXETql3rFDOM9ga-vhK36LgBaVMgdsL9DjJ1rGI703o8l2CU7qjqJgJrjk4bbf-Ae7lDW2VKJCOIhx3uSDXuParcMtR2mX2C58Se55j-iXTxZtUyCT_KpmGnxAiC29MDSrLM27fcIM9hNcLt9qfKC4X0H4XYBQK9QDfGIOYCCdiD5lduJ45hKRSb_vcDqRsfUclWisMqQvRUilvFcJNunY7PQEwXIkjphgmLW2BdwCZLnw.kXFrNmjSvoqF8aSCDLEiVO6jy41xldw8QKHmK03PQpg&dib_tag=se&keywords=DJI%2Bpocket%2B3&qid=1755253366&sprefix=dji%2Bpocket%2B34,aps,341&sr=8-5&th=1&linkCode=sl1&tag=carltomich-22&linkId=f574fc6c948e413d7828caf3917f88c7&language=en_AU&ref_=as_li_ss_tl",yes,n/a,no,no,no,missing target=_blank; missing rel nofollow sponsored
https://www.carltravels.com/hanoitravelguide.html,hanoitravelguide.html,667,Amazon Associates,Tamron 28–200,https://amzn.to/4lvd1hI,200,"https://www.amazon.com.au/Tamron-28-200-2-8-5-6-Mirrorless-Mount/dp/B08B34HWKV?crid=1QEN08AGHDA5P&dib=eyJ2IjoiMSJ9.F-1xObnXZ1qvBYq3zqlPY-NONJhLnpZLBqOzJ3HO5tTaMoqBS6y-yCzp9X2gf74AvY9AfeP0NaxoH7DZ9-baBGYipuEDZdeZDPhnjFQLAPKtme5_4_FG3s6XXvOiBciFRCc2uuwqEeNlASTcgcCCZMSMFQeah9VIUe8nfvKw3waCva02_S3xX9d-JyGDBuG_e3MirkHsz23lqve2L2QVLMa5j0OVts-mmsfQ8VCk2Mk21ZgO9UeZSpWiqPf46ib3p97ybHMdj-mSwAvwDGZsUplC0W8j79hDLbEyt4rRRsc.RD-ZusuknzzNJEQwUdBnNUgT4NbgXfMrZD-cLbs7Izg&dib_tag=se&keywords=tamron%2B24-150mm%2Bsony&qid=1755253413&sprefix=tamron%2B24-150mm%2Bson,aps,332&sr=8-8&th=1&linkCode=sl1&tag=carltomich-22&linkId=369f0dc13ba29944c2261e58637d5916&language=en_AU&ref_=as_li_ss_tl",yes,n/a,no,no,no,missing target=_blank; missing rel nofollow sponsored
https://www.carltravels.com/hanoitravelguide.html,hanoitravelguide.html,668,Amazon Associates,RØDE Wireless PRO,https://amzn.to/4oHMXTy,200,"https://www.amazon.com.au/R%C3%98DE-Microphone-Recording-Microphones-Filmmaking/dp/B0CB2HGR9Q?crid=EGFFU6UZWCLT&dib=eyJ2IjoiMSJ9.DGm925iQklRK-0FmBcE9db-XNNBHUbEQUmSpGwxYevTWsXHx1AB2Ujp56lEEJfYAXcz8f7ItdheKMJJEt3fbcFJwLM0qbJZFbyXmeGeum-sa0VEabMsoDLY8CTncKG_wcQknrVxzofZHSnY2hjgptBqrzbKBtON6CpGKjvZLWJbF12me_IIzxbcIdQ8xyAiv4MZEEmpSth_cBUSNn31q0t3k7bBm6YhlZLAdCOz86vQKfMf3dxTZHnqFsWMWlUF7v0fy7dJRty-80-hdaPlVDfUAYTPOMRmPYrwuoDhkGHE.Jyv_XTXDBOYqJ4Rg5nZ0RKMDurBNR5Nag68iZPXdLmc&dib_tag=se&keywords=rode%2Bwireless%2Bpro&qid=1755253496&sprefix=Rode%2Bwirle,aps,388&sr=8-3&th=1&linkCode=sl1&tag=carltomich-22&linkId=c45e7c55dd1516f0f8708eea1e3df28d&language=en_AU&ref_=as_li_ss_tl",yes,n/a,no,no,no,missing target=_blank; missing rel nofollow sponsored
https://www.carltravels.com/hanoitravelguide.html,hanoitravelguide.html,669,Amazon Associates,Think Tank Backpack,https://amzn.to/467fEAU,200,"https://www.amazon.com/Think-Tank-Airport-Commuter-Backpack/dp/B0083GQI5Y?crid=2DUIR27E54VFF&dib=eyJ2IjoiMSJ9.9XG5TZXY0VQe_JM4tf_rYqZTZVCpD3yhgWrqqRz7QRe2p5T785DRre0iq_knj0lCgwWu61gX6gQhU1gnkpa0Oy5NL2IJTmQqwU2OgKZOy7CJNXpEWJDXjz5XMOXhk-qfM1nF08sucPDsn0dmURafC38s2OcI8cViV1Q67OF01Sr2OmjeufUSQg0GHKX3twaAL-kI-4oLThlIo3FD4R9r9a-4ZQqUBJQ7iiDS97TIM2g.yGwuqwlPiTaZdkN4hPtMx2ru_ylVkLWkPPgvjFU3Vo4&dib_tag=se&keywords=thinktank+travel+backpack&qid=1757035483&sprefix=thinktank+travel+backpac,aps,316&sr=8-3&linkCode=sl1&tag=carltomichtec-20&linkId=5a1043bdd87861e72327b4d1be2226de&language=en_US&ref_=as_li_ss_tl",yes,n/a,no,no,no,missing target=_blank; missing rel nofollow sponsored
https://www.carltravels.com/hanoitravelguide.html,hanoitravelguide.html,675,Amazon Associates,DJI Flip,https://amzn.to/41zmAVV,200,"https://www.amazon.com.au/DJI-Controller-Takeoff-Intelligent-Batteries/dp/B0DJ1FKDGP?crid=27CLM6RRHHRB4&dib=eyJ2IjoiMSJ9.xHJwj2C5oeF6OHTI195Mdn3sPKEY3lQQtbR1Ffinq4nZrf0vJkhLIitjW3VBJOJxwyVeE4yQAuXGFbWTEwFrlWWsax_d6SMbu6MShKn__FMm0mh-GoBsHRxdET8U2ZnqpxXklLfQqiThEX0uRx_FzYCEWuAVyvXSelhqtv3be5YD_EsWRzMIULJGPJlSUrdUmmEa5c91FR8syo0ZeIfK0g6nYhVRBSfryUO8DyP7t9w0yINa3lmqQbKaTVkAljF0zY95g7ligNcgPIUNDRqXXx8IdElfmIcz-LTDbcXZCVY.BHpsQw5p_iwN_R_6cb79XAe-ZNr3mHBd-DXY4w99rs8&dib_tag=se&keywords=dji%2Bflip&qid=1757034937&sprefix=dji%2Bflip,aps,261&sr=8-1&th=1&linkCode=sl1&tag=carltomich-22&linkId=086f0f4dda5311ea4c0fa2a020c7fc62&language=en_AU&ref_=as_li_ss_tl",yes,n/a,no,no,no,missing target=_blank; missing rel nofollow sponsored
https://www.carltravels.com/hanoitravelguide.html,hanoitravelguide.html,676,Amazon Associates,Sony A7C II,https://amzn.to/45Qk2Fw,200,"https://www.amazon.com.au/Sony-Alpha-System-Camera-28-60mm/dp/B0CGFBMNDH?crid=Y4V8WSCJABT6&dib=eyJ2IjoiMSJ9.ev7c1E-3pbpbmadeh7VdWGGGwBPVPgenkV33RBsEipu2uXVpDOT-4N719LE8z5ZZkuiatxECfZOdzpPy6zsWyTaCC9-YjTsjmmcZSgzVbtIhv6nwiqrhip-8XLyFVM8TJI0S9CtfzEuF20mZcy_wovPC1FlRfSxCGu-1DiuOJ6Z2es25G9g5miw4rVwdl2YcxPhn0n3sJchrolpd3esOjIp0QaLGvz7n3uFMc-O48l4pYSj__YDttER8crkPx69f7mSxS8ujQijijWSjmj4h9XUlNdHSaq2KQBm7l6vTkyg.johmDKkudmYJ6Vp3A83ZS0WmLiuItffyIHcQrNpcTpM&dib_tag=se&keywords=sony%2Ba7cii&qid=1757035042&sprefix=sony%2Ba7cii,aps,242&sr=8-7&th=1&linkCode=sl1&tag=carltomich-22&linkId=e6839e00766785a47c09e7449989c441&language=en_AU&ref_=as_li_ss_tl",yes,n/a,no,no,no,missing target=_blank; missing rel nofollow sponsored
https://www.carltravels.com/hanoitravelguide.html,hanoitravelguide.html,677,Amazon Associates,DJI Osmo Pocket 3,https://amzn.to/4gaYLJZ,200,"https://www.amazon.com.au/DJI-Stabilization-Rotatable-Touchscreen-Photography/dp/B0CG19QXWD?crid=3SHCFANSRK2GV&dib=eyJ2IjoiMSJ9.hn-IKcsoi27x5Xtepf1O0xSEJ-Xc0yIsZ5hiLNsRo0_pnL0HwMARDMaGpGot5vRUIoisskZuJLNO1vrHcsMAQPRIRCdFRvFwlfyVPydN5FfkKgbYw0s29BMkgJiljvn0_ugxYU6JZ9cLZJ8Oj30vFVBWWAWBuepYqTkzRyVqmr2ii2X5OCrM6ae484zpYvqQCRiXcJMt0dgPItUfZ0RL6z-y7KTTesad4agjzTRTAcf1lSsm2yEzEH72afh7B2OEGD2c87RWuC02g7fgtlSVS8E50gbD3A0TmSTnzJ8VLKQ.Bx4cRITeVOMwGs0D0DKW1fgGx14CLCMyLTVRjMuItUs&dib_tag=se&keywords=dji%2Bosmo%2Bpocket%2B3&qid=1757035105&sprefix=DJI,aps,491&sr=8-5&th=1&linkCode=sl1&tag=carltomich-22&linkId=6c45d0909c1797b83d49c364f2b311b2&language=en_AU&ref_=as_li_ss_tl",yes,n/a,no,no,no,missing target=_blank; missing rel nofollow sponsored
https://www.carltravels.com/hanoitravelguide.html,hanoitravelguide.html,678,Amazon Associates,Tamron 24–200,https://amzn.to/4n73D5P,200,"https://www.amazon.com.au/Tamron-28-200-2-8-5-6-Mirrorless-Mount/dp/B08B34HWKV?crid=2KXUS0I4U82EM&dib=eyJ2IjoiMSJ9.CirVtLEYR7BE9okHzn54invQLY0R2IpCxFbXtvO1NnS3N7bkvewO8f1Yq8HoRp8by7g8fCAGFxwZReQZiHGIleWQhBiyxX6NqLuWc2JcY0SatfWtItHN56up3Chh0D8MWnZx1sZMHuhw7JMF1wW-t-_JV04YdmuFHxRHCAkZE68WtA-D3L-Dzu4PGUjAvPjTp5SldK7-BzyvSBMXmLxJIRehuwg0-GotkfHE9WlIC_4H_U3a4PyQdb9pUPOs3wgOSlpAZtRp5xUnt9EVdnDOoa8N5AFkcblsba8g9gFHmgg.ywMyfDborErcaHwGfqjwuU9BKivzUuvVcowT6gYYSgc&dib_tag=se&keywords=Tamron%2B28%E2%80%93200mm%2B(Full-Frame)&qid=1757035157&sprefix=tamron%2B28%2B200mm%2Bfull-frame%2B,aps,322&sr=8-1&th=1&linkCode=sl1&tag=carltomich-22&linkId=48c5cc0e9d510609bb5d001f6a9afffc&language=en_AU&ref_=as_li_ss_tl",yes,n/a,no,no,no,missing target=_blank; missing rel nofollow sponsored
https://www.carltravels.com/hanoitravelguide.html,hanoitravelguide.html,679,Amazon Associates,RØDE Wireless PRO,https://amzn.to/46kv8CG,200,"https://www.amazon.com.au/R%C3%98DE-Microphone-Recording-Microphones-Filmmaking/dp/B0CB2HGR9Q?crid=2CDBT69BZHLYA&dib=eyJ2IjoiMSJ9.Fwy-kxiSUMPxfuFncUDsU_A5ghupefIniz-REQnE6cTWsXHx1AB2Ujp56lEEJfYAXcz8f7ItdheKMJJEt3fbcDMaXA9z2vvl2SUhzXgbV4Ukq3M5KEeOMdSPoj2cooPZeZPhHMSlekWnOVWq4c0QaOzHxx6P7Hyvkb1eAIDVxOLyj1OA_3uyhvfsRMAssRUi_DZnq7KAobBNLtcDs2i8qN-URdgmgdbkNRbQvdaF9rucUW2oiHlnh0JMDv_DLbLkroYoa-fywaWO7QG159ijgMSHpfo0uXgaCvS9UJEj_s0.c_FuiqtAbfwdPKd4F4lJZzRIPwBnxfR6xx2cadHO14I&dib_tag=se&keywords=rode%2Bwireless%2Bpro&qid=1757035251&sprefix=rode%2Bw,aps,347&sr=8-5&th=1&linkCode=sl1&tag=carltomich-22&linkId=5c5361991d8e56b532939c61e269e8be&language=en_AU&ref_=as_li_ss_tl",yes,n/a,no,no,no,missing target=_blank; missing rel nofollow sponsored
https://www.carltravels.com/hanoitravelguide.html,hanoitravelguide.html,680,Amazon Associates,Think Tank Backpack,https://amzn.to/3I5mApV,200,"https://www.amazon.com.au/Think-Photo-Airport-Commuter-Backpack/dp/B0083GQI5Y?crid=C0BCCANHIF1P&dib=eyJ2IjoiMSJ9.FP6oWa3JfVz8mPQHHtuj2j56z3fDBCwLggHr6aC_VQkOVxUS8E-jSv8mMw2xvwAwKKp3yS3EAZDahiqzg1lUnJ4OI4bd4xC6w4ixKLoGdQQzlllNF5w7ZnNwMLs2cJUeG6JrDAmhFlIOVrQUbQfDbizfr5yKJOBszOQia6SfusuS4weSmOcfJvJKrX1mPtUZWqSiIfvSDzHdKlE3g8kCUmOJ15MWf_Y1bSIbO8NTex-o5CV-I2CF9MLgeMPW8TqjqtcJhcqbNXq4StxmCGriYFO89wZjALKw2reJs6HtCIw.qhwKjNiiihdX328DrvLyHXcJLf0AWPHeRP_c-KJrh90&dib_tag=se&keywords=thinktank%2Btravel%2Bcommuter&qid=1757035351&sprefix=thinktank%2Btravel%2Bcommuter,aps,269&sr=8-4&th=1&psc=1&linkCode=sl1&tag=carltomich-22&linkId=500149597f5ad39a813be7771a3c54f0&language=en_AU&ref_=as_li_ss_tl",yes,n/a,no,no,no,missing target=_blank; missing rel nofollow sponsored
https://www.carltravels.com/hanoitravelguide.html,hanoitravelguide.html,704,Saily eSIM,👉 Activate your eSIM now,https://go.saily.site/aff_c?offer_id=101&aff_id=12234,403,https://saily.com/special/?utm_source=12234&utm_medium=affiliate&utm_campaign=101&aff_transaction_id=102671cde85b9dc60aa1208c946ed9&aff_sub=&aff_offer_id=101&aff_id=12234&url={url}&utm_content=&params[ho_asub1]=,yes,no,yes,no,no,not working or blocked; missing CARLRI5370; old Saily affiliate URL format; missing rel nofollow sponsored
https://www.carltravels.com/hiroshima-travel-guide.html,hiroshima-travel-guide.html,400,Wise,Sign up here,https://wise.com/invite/irhc/carlt62,200,https://wise.com/invite/irhc/carlt62,yes,n/a,no,no,no,missing target=_blank; missing rel nofollow sponsored
https://www.carltravels.com/hiroshima-travel-guide.html,hiroshima-travel-guide.html,406,Dehancer,dehancer.com/subscribe,https://www.dehancer.com/pricing/monthly,200,https://www.dehancer.com/pricing/monthly,no,n/a,no,no,no,missing tracking; missing target=_blank; missing rel nofollow sponsored
https://www.carltravels.com/hiroshima-travel-guide.html,hiroshima-travel-guide.html,413,Amazon Associates,DJI Flip,https://amzn.to/45iZULT,200,"https://www.amazon.com.au/DJI-Controller-Takeoff-Intelligent-Batteries/dp/B0DJ1FKDGP?crid=2R4BEGV4GCOVO&dib=eyJ2IjoiMSJ9.B3ZGiV_NB4CWvaKZC46HHhqNPIONGEffr9hyQ7doXp3AXko2J8XgtkAXDGsuiEAotNNI2PbCB1AYBnn8BEqRKQmDgWoDst39DJE8gasnXCLc-jUhcRDkTU-kNRFzDwVNjg3G3I5emTMygueqNFSxWtlrc8daGW3mi4t632aghZDCMYSRFrI9w-WsipGgN-AlFd9MHv5fvM5SOZdJ3ZRc3S6dP5ZdvaJbD8dpLuwD9xBibVGNVEA8sqdNPUGc1-QA6emRyHoQcDY9W1wK8g5M_GK-2rSHwY-u6nRI0GtXeD4.0l6QuT-oAkSZ2X00AMSTCdok07QQfjyAKzBb_DdWawE&dib_tag=se&keywords=dji%2Bflip&qid=1755253304&sprefix=dji%2B,aps,500&sr=8-1&th=1&linkCode=sl1&tag=sonymoviemast-22&linkId=3f5281eb31b07e511b695e37c70531d8&language=en_AU&ref_=as_li_ss_tl",yes,n/a,no,no,no,missing target=_blank; missing rel nofollow sponsored
https://www.carltravels.com/hiroshima-travel-guide.html,hiroshima-travel-guide.html,414,Amazon Associates,Sony A7C II,https://amzn.to/4mHhQ8H,200,"https://www.amazon.com.au/Alpha-Full-Frame-Interchangeable-Lens-Camera/dp/B0CGTTVYGM?crid=3UFGY3ITUFRIG&dib=eyJ2IjoiMSJ9.ev7c1E-3pbpbmadeh7VdWFcGksbpaD0LcfMpyGiafmIkmo2jGBt5M2E9J5fx_zQvYoa9cwkYx9Ms4314aD_KvlRP7kN7v44y5OVvwCe0hrwu3EmNb_ynMVmokWAEqEhATekuA2inkDK21iarXslKa-cwhVZmzX5YQxtcRmGKFeR772jpYj3HTrPbeI3ZQ4U9pdrLR2LEwE7JqN1U8Zd-BBT_0SJG6AhX8DL4MXBQZGSJ8ZS-_aLCTtitWZHc2pdFMTaRj76KAi4xLj1fzwW26k4n3Tyl4DcnDLsPS0O6csE.M7nmeQ9rGw5lWrk0OStz3sFcXb6hUUBIYxuSm25RGtM&dib_tag=se&keywords=Sony%2BA7CII&qid=1755253330&sprefix=sony%2Ba7ci,aps,339&sr=8-2&th=1&linkCode=sl1&tag=carltomich-22&linkId=e268d46ab451781fa56ff54460f43b36&language=en_AU&ref_=as_li_ss_tl",yes,n/a,no,no,no,missing target=_blank; missing rel nofollow sponsored
https://www.carltravels.com/hiroshima-travel-guide.html,hiroshima-travel-guide.html,415,Amazon Associates,DJI Pocket 3,https://amzn.to/4miS3UJ,200,"https://www.amazon.com.au/DJI-Vlogging-Stabilization-Tracking-Photography/dp/B0CG19FGQ5?crid=1G6X1VC3KQ5EX&dib=eyJ2IjoiMSJ9.OLzTlYtdM2w0TP6xjlSDCa_ccSbGz-LuIU4RgcQOCNGa_FFl2x1iOz2JX6S15ZXETql3rFDOM9ga-vhK36LgBaVMgdsL9DjJ1rGI703o8l2CU7qjqJgJrjk4bbf-Ae7lDW2VKJCOIhx3uSDXuParcMtR2mX2C58Se55j-iXTxZtUyCT_KpmGnxAiC29MDSrLM27fcIM9hNcLt9qfKC4X0H4XYBQK9QDfGIOYCCdiD5lduJ45hKRSb_vcDqRsfUclWisMqQvRUilvFcJNunY7PQEwXIkjphgmLW2BdwCZLnw.kXFrNmjSvoqF8aSCDLEiVO6jy41xldw8QKHmK03PQpg&dib_tag=se&keywords=DJI%2Bpocket%2B3&qid=1755253366&sprefix=dji%2Bpocket%2B34,aps,341&sr=8-5&th=1&linkCode=sl1&tag=carltomich-22&linkId=f574fc6c948e413d7828caf3917f88c7&language=en_AU&ref_=as_li_ss_tl",yes,n/a,no,no,no,missing target=_blank; missing rel nofollow sponsored
https://www.carltravels.com/hiroshima-travel-guide.html,hiroshima-travel-guide.html,416,Amazon Associates,Tamron 28–200,https://amzn.to/4lvd1hI,200,"https://www.amazon.com.au/Tamron-28-200-2-8-5-6-Mirrorless-Mount/dp/B08B34HWKV?crid=1QEN08AGHDA5P&dib=eyJ2IjoiMSJ9.F-1xObnXZ1qvBYq3zqlPY-NONJhLnpZLBqOzJ3HO5tTaMoqBS6y-yCzp9X2gf74AvY9AfeP0NaxoH7DZ9-baBGYipuEDZdeZDPhnjFQLAPKtme5_4_FG3s6XXvOiBciFRCc2uuwqEeNlASTcgcCCZMSMFQeah9VIUe8nfvKw3waCva02_S3xX9d-JyGDBuG_e3MirkHsz23lqve2L2QVLMa5j0OVts-mmsfQ8VCk2Mk21ZgO9UeZSpWiqPf46ib3p97ybHMdj-mSwAvwDGZsUplC0W8j79hDLbEyt4rRRsc.RD-ZusuknzzNJEQwUdBnNUgT4NbgXfMrZD-cLbs7Izg&dib_tag=se&keywords=tamron%2B24-150mm%2Bsony&qid=1755253413&sprefix=tamron%2B24-150mm%2Bson,aps,332&sr=8-8&th=1&linkCode=sl1&tag=carltomich-22&linkId=369f0dc13ba29944c2261e58637d5916&language=en_AU&ref_=as_li_ss_tl",yes,n/a,no,no,no,missing target=_blank; missing rel nofollow sponsored
https://www.carltravels.com/hiroshima-travel-guide.html,hiroshima-travel-guide.html,417,Amazon Associates,RØDE Wireless PRO,https://amzn.to/4oHMXTy,200,"https://www.amazon.com.au/R%C3%98DE-Microphone-Recording-Microphones-Filmmaking/dp/B0CB2HGR9Q?crid=EGFFU6UZWCLT&dib=eyJ2IjoiMSJ9.DGm925iQklRK-0FmBcE9db-XNNBHUbEQUmSpGwxYevTWsXHx1AB2Ujp56lEEJfYAXcz8f7ItdheKMJJEt3fbcFJwLM0qbJZFbyXmeGeum-sa0VEabMsoDLY8CTncKG_wcQknrVxzofZHSnY2hjgptBqrzbKBtON6CpGKjvZLWJbF12me_IIzxbcIdQ8xyAiv4MZEEmpSth_cBUSNn31q0t3k7bBm6YhlZLAdCOz86vQKfMf3dxTZHnqFsWMWlUF7v0fy7dJRty-80-hdaPlVDfUAYTPOMRmPYrwuoDhkGHE.Jyv_XTXDBOYqJ4Rg5nZ0RKMDurBNR5Nag68iZPXdLmc&dib_tag=se&keywords=rode%2Bwireless%2Bpro&qid=1755253496&sprefix=Rode%2Bwirle,aps,388&sr=8-3&th=1&linkCode=sl1&tag=carltomich-22&linkId=c45e7c55dd1516f0f8708eea1e3df28d&language=en_AU&ref_=as_li_ss_tl",yes,n/a,no,no,no,missing target=_blank; missing rel nofollow sponsored
https://www.carltravels.com/hiroshima-travel-guide.html,hiroshima-travel-guide.html,418,Amazon Associates,Think Tank Backpack,https://amzn.to/467fEAU,200,"https://www.amazon.com/Think-Tank-Airport-Commuter-Backpack/dp/B0083GQI5Y?crid=2DUIR27E54VFF&dib=eyJ2IjoiMSJ9.9XG5TZXY0VQe_JM4tf_rYqZTZVCpD3yhgWrqqRz7QRe2p5T785DRre0iq_knj0lCgwWu61gX6gQhU1gnkpa0Oy5NL2IJTmQqwU2OgKZOy7CJNXpEWJDXjz5XMOXhk-qfM1nF08sucPDsn0dmURafC38s2OcI8cViV1Q67OF01Sr2OmjeufUSQg0GHKX3twaAL-kI-4oLThlIo3FD4R9r9a-4ZQqUBJQ7iiDS97TIM2g.yGwuqwlPiTaZdkN4hPtMx2ru_ylVkLWkPPgvjFU3Vo4&dib_tag=se&keywords=thinktank+travel+backpack&qid=1757035483&sprefix=thinktank+travel+backpac,aps,316&sr=8-3&linkCode=sl1&tag=carltomichtec-20&linkId=5a1043bdd87861e72327b4d1be2226de&language=en_US&ref_=as_li_ss_tl",yes,n/a,no,no,no,missing target=_blank; missing rel nofollow sponsored
https://www.carltravels.com/hiroshima-travel-guide.html,hiroshima-travel-guide.html,424,Amazon Associates,DJI Flip,https://amzn.to/41zmAVV,200,"https://www.amazon.com.au/DJI-Controller-Takeoff-Intelligent-Batteries/dp/B0DJ1FKDGP?crid=27CLM6RRHHRB4&dib=eyJ2IjoiMSJ9.xHJwj2C5oeF6OHTI195Mdn3sPKEY3lQQtbR1Ffinq4nZrf0vJkhLIitjW3VBJOJxwyVeE4yQAuXGFbWTEwFrlWWsax_d6SMbu6MShKn__FMm0mh-GoBsHRxdET8U2ZnqpxXklLfQqiThEX0uRx_FzYCEWuAVyvXSelhqtv3be5YD_EsWRzMIULJGPJlSUrdUmmEa5c91FR8syo0ZeIfK0g6nYhVRBSfryUO8DyP7t9w0yINa3lmqQbKaTVkAljF0zY95g7ligNcgPIUNDRqXXx8IdElfmIcz-LTDbcXZCVY.BHpsQw5p_iwN_R_6cb79XAe-ZNr3mHBd-DXY4w99rs8&dib_tag=se&keywords=dji%2Bflip&qid=1757034937&sprefix=dji%2Bflip,aps,261&sr=8-1&th=1&linkCode=sl1&tag=carltomich-22&linkId=086f0f4dda5311ea4c0fa2a020c7fc62&language=en_AU&ref_=as_li_ss_tl",yes,n/a,no,no,no,missing target=_blank; missing rel nofollow sponsored
https://www.carltravels.com/hiroshima-travel-guide.html,hiroshima-travel-guide.html,425,Amazon Associates,Sony A7C II,https://amzn.to/45Qk2Fw,200,"https://www.amazon.com.au/Sony-Alpha-System-Camera-28-60mm/dp/B0CGFBMNDH?crid=Y4V8WSCJABT6&dib=eyJ2IjoiMSJ9.ev7c1E-3pbpbmadeh7VdWGGGwBPVPgenkV33RBsEipu2uXVpDOT-4N719LE8z5ZZkuiatxECfZOdzpPy6zsWyTaCC9-YjTsjmmcZSgzVbtIhv6nwiqrhip-8XLyFVM8TJI0S9CtfzEuF20mZcy_wovPC1FlRfSxCGu-1DiuOJ6Z2es25G9g5miw4rVwdl2YcxPhn0n3sJchrolpd3esOjIp0QaLGvz7n3uFMc-O48l4pYSj__YDttER8crkPx69f7mSxS8ujQijijWSjmj4h9XUlNdHSaq2KQBm7l6vTkyg.johmDKkudmYJ6Vp3A83ZS0WmLiuItffyIHcQrNpcTpM&dib_tag=se&keywords=sony%2Ba7cii&qid=1757035042&sprefix=sony%2Ba7cii,aps,242&sr=8-7&th=1&linkCode=sl1&tag=carltomich-22&linkId=e6839e00766785a47c09e7449989c441&language=en_AU&ref_=as_li_ss_tl",yes,n/a,no,no,no,missing target=_blank; missing rel nofollow sponsored
https://www.carltravels.com/hiroshima-travel-guide.html,hiroshima-travel-guide.html,426,Amazon Associates,DJI Osmo Pocket 3,https://amzn.to/4gaYLJZ,200,"https://www.amazon.com.au/DJI-Stabilization-Rotatable-Touchscreen-Photography/dp/B0CG19QXWD?crid=3SHCFANSRK2GV&dib=eyJ2IjoiMSJ9.hn-IKcsoi27x5Xtepf1O0xSEJ-Xc0yIsZ5hiLNsRo0_pnL0HwMARDMaGpGot5vRUIoisskZuJLNO1vrHcsMAQPRIRCdFRvFwlfyVPydN5FfkKgbYw0s29BMkgJiljvn0_ugxYU6JZ9cLZJ8Oj30vFVBWWAWBuepYqTkzRyVqmr2ii2X5OCrM6ae484zpYvqQCRiXcJMt0dgPItUfZ0RL6z-y7KTTesad4agjzTRTAcf1lSsm2yEzEH72afh7B2OEGD2c87RWuC02g7fgtlSVS8E50gbD3A0TmSTnzJ8VLKQ.Bx4cRITeVOMwGs0D0DKW1fgGx14CLCMyLTVRjMuItUs&dib_tag=se&keywords=dji%2Bosmo%2Bpocket%2B3&qid=1757035105&sprefix=DJI,aps,491&sr=8-5&th=1&linkCode=sl1&tag=carltomich-22&linkId=6c45d0909c1797b83d49c364f2b311b2&language=en_AU&ref_=as_li_ss_tl",yes,n/a,no,no,no,missing target=_blank; missing rel nofollow sponsored
https://www.carltravels.com/hiroshima-travel-guide.html,hiroshima-travel-guide.html,427,Amazon Associates,Tamron 24–200,https://amzn.to/4n73D5P,200,"https://www.amazon.com.au/Tamron-28-200-2-8-5-6-Mirrorless-Mount/dp/B08B34HWKV?crid=2KXUS0I4U82EM&dib=eyJ2IjoiMSJ9.CirVtLEYR7BE9okHzn54invQLY0R2IpCxFbXtvO1NnS3N7bkvewO8f1Yq8HoRp8by7g8fCAGFxwZReQZiHGIleWQhBiyxX6NqLuWc2JcY0SatfWtItHN56up3Chh0D8MWnZx1sZMHuhw7JMF1wW-t-_JV04YdmuFHxRHCAkZE68WtA-D3L-Dzu4PGUjAvPjTp5SldK7-BzyvSBMXmLxJIRehuwg0-GotkfHE9WlIC_4H_U3a4PyQdb9pUPOs3wgOSlpAZtRp5xUnt9EVdnDOoa8N5AFkcblsba8g9gFHmgg.ywMyfDborErcaHwGfqjwuU9BKivzUuvVcowT6gYYSgc&dib_tag=se&keywords=Tamron%2B28%E2%80%93200mm%2B(Full-Frame)&qid=1757035157&sprefix=tamron%2B28%2B200mm%2Bfull-frame%2B,aps,322&sr=8-1&th=1&linkCode=sl1&tag=carltomich-22&linkId=48c5cc0e9d510609bb5d001f6a9afffc&language=en_AU&ref_=as_li_ss_tl",yes,n/a,no,no,no,missing target=_blank; missing rel nofollow sponsored
https://www.carltravels.com/hiroshima-travel-guide.html,hiroshima-travel-guide.html,428,Amazon Associates,RØDE Wireless PRO,https://amzn.to/46kv8CG,200,"https://www.amazon.com.au/R%C3%98DE-Microphone-Recording-Microphones-Filmmaking/dp/B0CB2HGR9Q?crid=2CDBT69BZHLYA&dib=eyJ2IjoiMSJ9.Fwy-kxiSUMPxfuFncUDsU_A5ghupefIniz-REQnE6cTWsXHx1AB2Ujp56lEEJfYAXcz8f7ItdheKMJJEt3fbcDMaXA9z2vvl2SUhzXgbV4Ukq3M5KEeOMdSPoj2cooPZeZPhHMSlekWnOVWq4c0QaOzHxx6P7Hyvkb1eAIDVxOLyj1OA_3uyhvfsRMAssRUi_DZnq7KAobBNLtcDs2i8qN-URdgmgdbkNRbQvdaF9rucUW2oiHlnh0JMDv_DLbLkroYoa-fywaWO7QG159ijgMSHpfo0uXgaCvS9UJEj_s0.c_FuiqtAbfwdPKd4F4lJZzRIPwBnxfR6xx2cadHO14I&dib_tag=se&keywords=rode%2Bwireless%2Bpro&qid=1757035251&sprefix=rode%2Bw,aps,347&sr=8-5&th=1&linkCode=sl1&tag=carltomich-22&linkId=5c5361991d8e56b532939c61e269e8be&language=en_AU&ref_=as_li_ss_tl",yes,n/a,no,no,no,missing target=_blank; missing rel nofollow sponsored
https://www.carltravels.com/hiroshima-travel-guide.html,hiroshima-travel-guide.html,429,Amazon Associates,Think Tank Backpack,https://amzn.to/3I5mApV,200,"https://www.amazon.com.au/Think-Photo-Airport-Commuter-Backpack/dp/B0083GQI5Y?crid=C0BCCANHIF1P&dib=eyJ2IjoiMSJ9.FP6oWa3JfVz8mPQHHtuj2j56z3fDBCwLggHr6aC_VQkOVxUS8E-jSv8mMw2xvwAwKKp3yS3EAZDahiqzg1lUnJ4OI4bd4xC6w4ixKLoGdQQzlllNF5w7ZnNwMLs2cJUeG6JrDAmhFlIOVrQUbQfDbizfr5yKJOBszOQia6SfusuS4weSmOcfJvJKrX1mPtUZWqSiIfvSDzHdKlE3g8kCUmOJ15MWf_Y1bSIbO8NTex-o5CV-I2CF9MLgeMPW8TqjqtcJhcqbNXq4StxmCGriYFO89wZjALKw2reJs6HtCIw.qhwKjNiiihdX328DrvLyHXcJLf0AWPHeRP_c-KJrh90&dib_tag=se&keywords=thinktank%2Btravel%2Bcommuter&qid=1757035351&sprefix=thinktank%2Btravel%2Bcommuter,aps,269&sr=8-4&th=1&psc=1&linkCode=sl1&tag=carltomich-22&linkId=500149597f5ad39a813be7771a3c54f0&language=en_AU&ref_=as_li_ss_tl",yes,n/a,no,no,no,missing target=_blank; missing rel nofollow sponsored
https://www.carltravels.com/hiroshima-travel-guide.html,hiroshima-travel-guide.html,491,Saily eSIM,👉 Activate your eSIM now,https://go.saily.site/aff_c?offer_id=101&aff_id=12234,403,https://saily.com/special/?utm_source=12234&utm_medium=affiliate&utm_campaign=101&aff_transaction_id=102671cde85b9dc60aa1208c946ed9&aff_sub=&aff_offer_id=101&aff_id=12234&url={url}&utm_content=&params[ho_asub1]=,yes,no,yes,no,no,not working or blocked; missing CARLRI5370; old Saily affiliate URL format; missing rel nofollow sponsored
https://www.carltravels.com/hon-chong-rocks-nha-trang.html,hon-chong-rocks-nha-trang.html,270,Wise,Sign up here,https://wise.com/invite/irhc/carlt62,200,https://wise.com/invite/irhc/carlt62,yes,n/a,no,no,no,missing target=_blank; missing rel nofollow sponsored
https://www.carltravels.com/hon-chong-rocks-nha-trang.html,hon-chong-rocks-nha-trang.html,276,Dehancer,dehancer.com/subscribe,https://www.dehancer.com/pricing/monthly,200,https://www.dehancer.com/pricing/monthly,no,n/a,no,no,no,missing tracking; missing target=_blank; missing rel nofollow sponsored
https://www.carltravels.com/hon-chong-rocks-nha-trang.html,hon-chong-rocks-nha-trang.html,283,Amazon Associates,DJI Flip,https://amzn.to/45iZULT,200,"https://www.amazon.com.au/DJI-Controller-Takeoff-Intelligent-Batteries/dp/B0DJ1FKDGP?crid=2R4BEGV4GCOVO&dib=eyJ2IjoiMSJ9.B3ZGiV_NB4CWvaKZC46HHhqNPIONGEffr9hyQ7doXp3AXko2J8XgtkAXDGsuiEAotNNI2PbCB1AYBnn8BEqRKQmDgWoDst39DJE8gasnXCLc-jUhcRDkTU-kNRFzDwVNjg3G3I5emTMygueqNFSxWtlrc8daGW3mi4t632aghZDCMYSRFrI9w-WsipGgN-AlFd9MHv5fvM5SOZdJ3ZRc3S6dP5ZdvaJbD8dpLuwD9xBibVGNVEA8sqdNPUGc1-QA6emRyHoQcDY9W1wK8g5M_GK-2rSHwY-u6nRI0GtXeD4.0l6QuT-oAkSZ2X00AMSTCdok07QQfjyAKzBb_DdWawE&dib_tag=se&keywords=dji%2Bflip&qid=1755253304&sprefix=dji%2B,aps,500&sr=8-1&th=1&linkCode=sl1&tag=sonymoviemast-22&linkId=3f5281eb31b07e511b695e37c70531d8&language=en_AU&ref_=as_li_ss_tl",yes,n/a,no,no,no,missing target=_blank; missing rel nofollow sponsored
https://www.carltravels.com/hon-chong-rocks-nha-trang.html,hon-chong-rocks-nha-trang.html,284,Amazon Associates,Sony A7C II,https://amzn.to/4mHhQ8H,200,"https://www.amazon.com.au/Alpha-Full-Frame-Interchangeable-Lens-Camera/dp/B0CGTTVYGM?crid=3UFGY3ITUFRIG&dib=eyJ2IjoiMSJ9.ev7c1E-3pbpbmadeh7VdWFcGksbpaD0LcfMpyGiafmIkmo2jGBt5M2E9J5fx_zQvYoa9cwkYx9Ms4314aD_KvlRP7kN7v44y5OVvwCe0hrwu3EmNb_ynMVmokWAEqEhATekuA2inkDK21iarXslKa-cwhVZmzX5YQxtcRmGKFeR772jpYj3HTrPbeI3ZQ4U9pdrLR2LEwE7JqN1U8Zd-BBT_0SJG6AhX8DL4MXBQZGSJ8ZS-_aLCTtitWZHc2pdFMTaRj76KAi4xLj1fzwW26k4n3Tyl4DcnDLsPS0O6csE.M7nmeQ9rGw5lWrk0OStz3sFcXb6hUUBIYxuSm25RGtM&dib_tag=se&keywords=Sony%2BA7CII&qid=1755253330&sprefix=sony%2Ba7ci,aps,339&sr=8-2&th=1&linkCode=sl1&tag=carltomich-22&linkId=e268d46ab451781fa56ff54460f43b36&language=en_AU&ref_=as_li_ss_tl",yes,n/a,no,no,no,missing target=_blank; missing rel nofollow sponsored
https://www.carltravels.com/hon-chong-rocks-nha-trang.html,hon-chong-rocks-nha-trang.html,285,Amazon Associates,DJI Pocket 3,https://amzn.to/4miS3UJ,200,"https://www.amazon.com.au/DJI-Vlogging-Stabilization-Tracking-Photography/dp/B0CG19FGQ5?crid=1G6X1VC3KQ5EX&dib=eyJ2IjoiMSJ9.OLzTlYtdM2w0TP6xjlSDCa_ccSbGz-LuIU4RgcQOCNGa_FFl2x1iOz2JX6S15ZXETql3rFDOM9ga-vhK36LgBaVMgdsL9DjJ1rGI703o8l2CU7qjqJgJrjk4bbf-Ae7lDW2VKJCOIhx3uSDXuParcMtR2mX2C58Se55j-iXTxZtUyCT_KpmGnxAiC29MDSrLM27fcIM9hNcLt9qfKC4X0H4XYBQK9QDfGIOYCCdiD5lduJ45hKRSb_vcDqRsfUclWisMqQvRUilvFcJNunY7PQEwXIkjphgmLW2BdwCZLnw.kXFrNmjSvoqF8aSCDLEiVO6jy41xldw8QKHmK03PQpg&dib_tag=se&keywords=DJI%2Bpocket%2B3&qid=1755253366&sprefix=dji%2Bpocket%2B34,aps,341&sr=8-5&th=1&linkCode=sl1&tag=carltomich-22&linkId=f574fc6c948e413d7828caf3917f88c7&language=en_AU&ref_=as_li_ss_tl",yes,n/a,no,no,no,missing target=_blank; missing rel nofollow sponsored
https://www.carltravels.com/hon-chong-rocks-nha-trang.html,hon-chong-rocks-nha-trang.html,286,Amazon Associates,Tamron 28–200,https://amzn.to/4lvd1hI,200,"https://www.amazon.com.au/Tamron-28-200-2-8-5-6-Mirrorless-Mount/dp/B08B34HWKV?crid=1QEN08AGHDA5P&dib=eyJ2IjoiMSJ9.F-1xObnXZ1qvBYq3zqlPY-NONJhLnpZLBqOzJ3HO5tTaMoqBS6y-yCzp9X2gf74AvY9AfeP0NaxoH7DZ9-baBGYipuEDZdeZDPhnjFQLAPKtme5_4_FG3s6XXvOiBciFRCc2uuwqEeNlASTcgcCCZMSMFQeah9VIUe8nfvKw3waCva02_S3xX9d-JyGDBuG_e3MirkHsz23lqve2L2QVLMa5j0OVts-mmsfQ8VCk2Mk21ZgO9UeZSpWiqPf46ib3p97ybHMdj-mSwAvwDGZsUplC0W8j79hDLbEyt4rRRsc.RD-ZusuknzzNJEQwUdBnNUgT4NbgXfMrZD-cLbs7Izg&dib_tag=se&keywords=tamron%2B24-150mm%2Bsony&qid=1755253413&sprefix=tamron%2B24-150mm%2Bson,aps,332&sr=8-8&th=1&linkCode=sl1&tag=carltomich-22&linkId=369f0dc13ba29944c2261e58637d5916&language=en_AU&ref_=as_li_ss_tl",yes,n/a,no,no,no,missing target=_blank; missing rel nofollow sponsored
https://www.carltravels.com/hon-chong-rocks-nha-trang.html,hon-chong-rocks-nha-trang.html,287,Amazon Associates,RØDE Wireless PRO,https://amzn.to/4oHMXTy,200,"https://www.amazon.com.au/R%C3%98DE-Microphone-Recording-Microphones-Filmmaking/dp/B0CB2HGR9Q?crid=EGFFU6UZWCLT&dib=eyJ2IjoiMSJ9.DGm925iQklRK-0FmBcE9db-XNNBHUbEQUmSpGwxYevTWsXHx1AB2Ujp56lEEJfYAXcz8f7ItdheKMJJEt3fbcFJwLM0qbJZFbyXmeGeum-sa0VEabMsoDLY8CTncKG_wcQknrVxzofZHSnY2hjgptBqrzbKBtON6CpGKjvZLWJbF12me_IIzxbcIdQ8xyAiv4MZEEmpSth_cBUSNn31q0t3k7bBm6YhlZLAdCOz86vQKfMf3dxTZHnqFsWMWlUF7v0fy7dJRty-80-hdaPlVDfUAYTPOMRmPYrwuoDhkGHE.Jyv_XTXDBOYqJ4Rg5nZ0RKMDurBNR5Nag68iZPXdLmc&dib_tag=se&keywords=rode%2Bwireless%2Bpro&qid=1755253496&sprefix=Rode%2Bwirle,aps,388&sr=8-3&th=1&linkCode=sl1&tag=carltomich-22&linkId=c45e7c55dd1516f0f8708eea1e3df28d&language=en_AU&ref_=as_li_ss_tl",yes,n/a,no,no,no,missing target=_blank; missing rel nofollow sponsored
https://www.carltravels.com/hon-chong-rocks-nha-trang.html,hon-chong-rocks-nha-trang.html,288,Amazon Associates,Think Tank Backpack,https://amzn.to/467fEAU,200,"https://www.amazon.com/Think-Tank-Airport-Commuter-Backpack/dp/B0083GQI5Y?crid=2DUIR27E54VFF&dib=eyJ2IjoiMSJ9.9XG5TZXY0VQe_JM4tf_rYqZTZVCpD3yhgWrqqRz7QRe2p5T785DRre0iq_knj0lCgwWu61gX6gQhU1gnkpa0Oy5NL2IJTmQqwU2OgKZOy7CJNXpEWJDXjz5XMOXhk-qfM1nF08sucPDsn0dmURafC38s2OcI8cViV1Q67OF01Sr2OmjeufUSQg0GHKX3twaAL-kI-4oLThlIo3FD4R9r9a-4ZQqUBJQ7iiDS97TIM2g.yGwuqwlPiTaZdkN4hPtMx2ru_ylVkLWkPPgvjFU3Vo4&dib_tag=se&keywords=thinktank+travel+backpack&qid=1757035483&sprefix=thinktank+travel+backpac,aps,316&sr=8-3&linkCode=sl1&tag=carltomichtec-20&linkId=5a1043bdd87861e72327b4d1be2226de&language=en_US&ref_=as_li_ss_tl",yes,n/a,no,no,no,missing target=_blank; missing rel nofollow sponsored
https://www.carltravels.com/hon-chong-rocks-nha-trang.html,hon-chong-rocks-nha-trang.html,294,Amazon Associates,DJI Flip,https://amzn.to/41zmAVV,200,"https://www.amazon.com.au/DJI-Controller-Takeoff-Intelligent-Batteries/dp/B0DJ1FKDGP?crid=27CLM6RRHHRB4&dib=eyJ2IjoiMSJ9.xHJwj2C5oeF6OHTI195Mdn3sPKEY3lQQtbR1Ffinq4nZrf0vJkhLIitjW3VBJOJxwyVeE4yQAuXGFbWTEwFrlWWsax_d6SMbu6MShKn__FMm0mh-GoBsHRxdET8U2ZnqpxXklLfQqiThEX0uRx_FzYCEWuAVyvXSelhqtv3be5YD_EsWRzMIULJGPJlSUrdUmmEa5c91FR8syo0ZeIfK0g6nYhVRBSfryUO8DyP7t9w0yINa3lmqQbKaTVkAljF0zY95g7ligNcgPIUNDRqXXx8IdElfmIcz-LTDbcXZCVY.BHpsQw5p_iwN_R_6cb79XAe-ZNr3mHBd-DXY4w99rs8&dib_tag=se&keywords=dji%2Bflip&qid=1757034937&sprefix=dji%2Bflip,aps,261&sr=8-1&th=1&linkCode=sl1&tag=carltomich-22&linkId=086f0f4dda5311ea4c0fa2a020c7fc62&language=en_AU&ref_=as_li_ss_tl",yes,n/a,no,no,no,missing target=_blank; missing rel nofollow sponsored
https://www.carltravels.com/hon-chong-rocks-nha-trang.html,hon-chong-rocks-nha-trang.html,295,Amazon Associates,Sony A7C II,https://amzn.to/45Qk2Fw,200,"https://www.amazon.com.au/Sony-Alpha-System-Camera-28-60mm/dp/B0CGFBMNDH?crid=Y4V8WSCJABT6&dib=eyJ2IjoiMSJ9.ev7c1E-3pbpbmadeh7VdWGGGwBPVPgenkV33RBsEipu2uXVpDOT-4N719LE8z5ZZkuiatxECfZOdzpPy6zsWyTaCC9-YjTsjmmcZSgzVbtIhv6nwiqrhip-8XLyFVM8TJI0S9CtfzEuF20mZcy_wovPC1FlRfSxCGu-1DiuOJ6Z2es25G9g5miw4rVwdl2YcxPhn0n3sJchrolpd3esOjIp0QaLGvz7n3uFMc-O48l4pYSj__YDttER8crkPx69f7mSxS8ujQijijWSjmj4h9XUlNdHSaq2KQBm7l6vTkyg.johmDKkudmYJ6Vp3A83ZS0WmLiuItffyIHcQrNpcTpM&dib_tag=se&keywords=sony%2Ba7cii&qid=1757035042&sprefix=sony%2Ba7cii,aps,242&sr=8-7&th=1&linkCode=sl1&tag=carltomich-22&linkId=e6839e00766785a47c09e7449989c441&language=en_AU&ref_=as_li_ss_tl",yes,n/a,no,no,no,missing target=_blank; missing rel nofollow sponsored
https://www.carltravels.com/hon-chong-rocks-nha-trang.html,hon-chong-rocks-nha-trang.html,296,Amazon Associates,DJI Osmo Pocket 3,https://amzn.to/4gaYLJZ,200,"https://www.amazon.com.au/DJI-Stabilization-Rotatable-Touchscreen-Photography/dp/B0CG19QXWD?crid=3SHCFANSRK2GV&dib=eyJ2IjoiMSJ9.hn-IKcsoi27x5Xtepf1O0xSEJ-Xc0yIsZ5hiLNsRo0_pnL0HwMARDMaGpGot5vRUIoisskZuJLNO1vrHcsMAQPRIRCdFRvFwlfyVPydN5FfkKgbYw0s29BMkgJiljvn0_ugxYU6JZ9cLZJ8Oj30vFVBWWAWBuepYqTkzRyVqmr2ii2X5OCrM6ae484zpYvqQCRiXcJMt0dgPItUfZ0RL6z-y7KTTesad4agjzTRTAcf1lSsm2yEzEH72afh7B2OEGD2c87RWuC02g7fgtlSVS8E50gbD3A0TmSTnzJ8VLKQ.Bx4cRITeVOMwGs0D0DKW1fgGx14CLCMyLTVRjMuItUs&dib_tag=se&keywords=dji%2Bosmo%2Bpocket%2B3&qid=1757035105&sprefix=DJI,aps,491&sr=8-5&th=1&linkCode=sl1&tag=carltomich-22&linkId=6c45d0909c1797b83d49c364f2b311b2&language=en_AU&ref_=as_li_ss_tl",yes,n/a,no,no,no,missing target=_blank; missing rel nofollow sponsored
https://www.carltravels.com/hon-chong-rocks-nha-trang.html,hon-chong-rocks-nha-trang.html,297,Amazon Associates,Tamron 24–200,https://amzn.to/4n73D5P,200,"https://www.amazon.com.au/Tamron-28-200-2-8-5-6-Mirrorless-Mount/dp/B08B34HWKV?crid=2KXUS0I4U82EM&dib=eyJ2IjoiMSJ9.CirVtLEYR7BE9okHzn54invQLY0R2IpCxFbXtvO1NnS3N7bkvewO8f1Yq8HoRp8by7g8fCAGFxwZReQZiHGIleWQhBiyxX6NqLuWc2JcY0SatfWtItHN56up3Chh0D8MWnZx1sZMHuhw7JMF1wW-t-_JV04YdmuFHxRHCAkZE68WtA-D3L-Dzu4PGUjAvPjTp5SldK7-BzyvSBMXmLxJIRehuwg0-GotkfHE9WlIC_4H_U3a4PyQdb9pUPOs3wgOSlpAZtRp5xUnt9EVdnDOoa8N5AFkcblsba8g9gFHmgg.ywMyfDborErcaHwGfqjwuU9BKivzUuvVcowT6gYYSgc&dib_tag=se&keywords=Tamron%2B28%E2%80%93200mm%2B(Full-Frame)&qid=1757035157&sprefix=tamron%2B28%2B200mm%2Bfull-frame%2B,aps,322&sr=8-1&th=1&linkCode=sl1&tag=carltomich-22&linkId=48c5cc0e9d510609bb5d001f6a9afffc&language=en_AU&ref_=as_li_ss_tl",yes,n/a,no,no,no,missing target=_blank; missing rel nofollow sponsored
https://www.carltravels.com/hon-chong-rocks-nha-trang.html,hon-chong-rocks-nha-trang.html,298,Amazon Associates,RØDE Wireless PRO,https://amzn.to/46kv8CG,200,"https://www.amazon.com.au/R%C3%98DE-Microphone-Recording-Microphones-Filmmaking/dp/B0CB2HGR9Q?crid=2CDBT69BZHLYA&dib=eyJ2IjoiMSJ9.Fwy-kxiSUMPxfuFncUDsU_A5ghupefIniz-REQnE6cTWsXHx1AB2Ujp56lEEJfYAXcz8f7ItdheKMJJEt3fbcDMaXA9z2vvl2SUhzXgbV4Ukq3M5KEeOMdSPoj2cooPZeZPhHMSlekWnOVWq4c0QaOzHxx6P7Hyvkb1eAIDVxOLyj1OA_3uyhvfsRMAssRUi_DZnq7KAobBNLtcDs2i8qN-URdgmgdbkNRbQvdaF9rucUW2oiHlnh0JMDv_DLbLkroYoa-fywaWO7QG159ijgMSHpfo0uXgaCvS9UJEj_s0.c_FuiqtAbfwdPKd4F4lJZzRIPwBnxfR6xx2cadHO14I&dib_tag=se&keywords=rode%2Bwireless%2Bpro&qid=1757035251&sprefix=rode%2Bw,aps,347&sr=8-5&th=1&linkCode=sl1&tag=carltomich-22&linkId=5c5361991d8e56b532939c61e269e8be&language=en_AU&ref_=as_li_ss_tl",yes,n/a,no,no,no,missing target=_blank; missing rel nofollow sponsored
https://www.carltravels.com/hon-chong-rocks-nha-trang.html,hon-chong-rocks-nha-trang.html,299,Amazon Associates,Think Tank Backpack,https://amzn.to/3I5mApV,200,"https://www.amazon.com.au/Think-Photo-Airport-Commuter-Backpack/dp/B0083GQI5Y?crid=C0BCCANHIF1P&dib=eyJ2IjoiMSJ9.FP6oWa3JfVz8mPQHHtuj2j56z3fDBCwLggHr6aC_VQkOVxUS8E-jSv8mMw2xvwAwKKp3yS3EAZDahiqzg1lUnJ4OI4bd4xC6w4ixKLoGdQQzlllNF5w7ZnNwMLs2cJUeG6JrDAmhFlIOVrQUbQfDbizfr5yKJOBszOQia6SfusuS4weSmOcfJvJKrX1mPtUZWqSiIfvSDzHdKlE3g8kCUmOJ15MWf_Y1bSIbO8NTex-o5CV-I2CF9MLgeMPW8TqjqtcJhcqbNXq4StxmCGriYFO89wZjALKw2reJs6HtCIw.qhwKjNiiihdX328DrvLyHXcJLf0AWPHeRP_c-KJrh90&dib_tag=se&keywords=thinktank%2Btravel%2Bcommuter&qid=1757035351&sprefix=thinktank%2Btravel%2Bcommuter,aps,269&sr=8-4&th=1&psc=1&linkCode=sl1&tag=carltomich-22&linkId=500149597f5ad39a813be7771a3c54f0&language=en_AU&ref_=as_li_ss_tl",yes,n/a,no,no,no,missing target=_blank; missing rel nofollow sponsored
https://www.carltravels.com/hon-chong-rocks-nha-trang.html,hon-chong-rocks-nha-trang.html,323,Saily eSIM,👉 Activate your eSIM now,https://go.saily.site/aff_c?offer_id=101&aff_id=12234,403,https://saily.com/special/?utm_source=12234&utm_medium=affiliate&utm_campaign=101&aff_transaction_id=102671cde85b9dc60aa1208c946ed9&aff_sub=&aff_offer_id=101&aff_id=12234&url={url}&utm_content=&params[ho_asub1]=,yes,no,yes,no,no,not working or blocked; missing CARLRI5370; old Saily affiliate URL format; missing rel nofollow sponsored
https://www.carltravels.com/how-to-get-croatian-citizenship-by-descent.html,how-to-get-croatian-citizenship-by-descent.html,544,Saily eSIM,👉 Activate your eSIM now,https://go.saily.site/aff_c?offer_id=101&aff_id=12234,403,https://saily.com/special/?utm_source=12234&utm_medium=affiliate&utm_campaign=101&aff_transaction_id=102671cde85b9dc60aa1208c946ed9&aff_sub=&aff_offer_id=101&aff_id=12234&url={url}&utm_content=&params[ho_asub1]=,yes,no,yes,no,no,not working or blocked; missing CARLRI5370; old Saily affiliate URL format; missing rel nofollow sponsored
https://www.carltravels.com/how-to-get-croatian-citizenship-through-your-grandparent.html,how-to-get-croatian-citizenship-through-your-grandparent.html,439,Saily eSIM,👉 Activate your eSIM now,https://go.saily.site/aff_c?offer_id=101&aff_id=12234,403,https://saily.com/special/?utm_source=12234&utm_medium=affiliate&utm_campaign=101&aff_transaction_id=102671cde85b9dc60aa1208c946ed9&aff_sub=&aff_offer_id=101&aff_id=12234&url={url}&utm_content=&params[ho_asub1]=,yes,no,yes,no,no,not working or blocked; missing CARLRI5370; old Saily affiliate URL format; missing rel nofollow sponsored
https://www.carltravels.com/how-to-make-your-videos-look-cinematic.html,how-to-make-your-videos-look-cinematic.html,253,Dehancer,Get Dehancer here,https://www.dehancer.com,200,https://www.dehancer.com,no,n/a,yes,no,no,missing tracking; missing rel nofollow sponsored
https://www.carltravels.com/how-to-make-your-videos-look-cinematic.html,how-to-make-your-videos-look-cinematic.html,288,Saily eSIM,👉 Activate your eSIM now,https://go.saily.site/aff_c?offer_id=101&aff_id=12234,403,https://saily.com/special/?utm_source=12234&utm_medium=affiliate&utm_campaign=101&aff_transaction_id=102671cde85b9dc60aa1208c946ed9&aff_sub=&aff_offer_id=101&aff_id=12234&url={url}&utm_content=&params[ho_asub1]=,yes,no,yes,no,no,not working or blocked; missing CARLRI5370; old Saily affiliate URL format; missing rel nofollow sponsored
https://www.carltravels.com/howtofoldapopuptent.html,howtofoldapopuptent.html,308,Amazon Associates,Pop-Up Tent,https://amzn.to/4lUSyUd,200,"https://www.amazon.com/Abco-2-Person-Pop-Tent-Water-Resistant/dp/B072PQDJP4?crid=2G6SD9DYBH583&dib=eyJ2IjoiMSJ9.Akx-3oLAQOL7vQ57_zZe2ObGTFUsXpi3q7C3RVzMR94pFk48UrM0Fxg7KJdpx5gICXRrJ8vHyvcd0NM1nso_0wmmb0HWm4Zrgfumt6TJvscfHjBwflsvayL1lCto-Pur4VDn3dkckY8DLzIx9vOgJfAXxx520lM8yjbN6AIVsY8ceTBYhgb91PK8CJz1SKc5_YMIUKHMpfSsPP24DXEwk2nb3ubC5sWt7W3CG9AVH3Y.BnR8Sj-RpYbExtcKLFXbw2zhlNOzboVF7bMa6dXbF08&dib_tag=se&keywords=pop+up+tent&qid=1752448327&sprefix=pop+up+t,aps,336&sr=8-11&linkCode=sl1&tag=carltomichtec-20&linkId=2004dc06f6d5cf13ea11bd11d3c98e1b&language=en_US&ref_=as_li_ss_tl",yes,n/a,yes,no,no,missing rel nofollow sponsored
https://www.carltravels.com/howtofoldapopuptent.html,howtofoldapopuptent.html,309,Amazon Associates,Ultra-Portable Lightweight Raincoat,https://amzn.to/44ZnzR8,200,"https://www.amazon.com/COOFANDY-Packable-Waterproof-Lightweight-Raincoat/dp/B07KW6Z47F?crid=2IOIFM7W652IO&dib=eyJ2IjoiMSJ9.8yN0lWDSL1vnPn5vbAMKqyHmtugEljwL4Y_Ivq-A2DQ_UKkZJYjcySvUr21L13nVcYJD6vFkY47TJ2UjW_1N3B5Ta7QbH56TZRW9C4_dT3CqqkNkPi5VoLBwLwTOGo2JKanTtnceuXPpl0ouNJVh22cui8vOexXoNwP6rwNDXSZBNFx02gyVVJQfNALBuvNDUZSSiNTZoU2IIO7NlRBt3Fk3gYO0tX4eyWPbxJX8VHmPBIwjwr7VB95LcpD-tZuPfZeC4entoqCy_9ezTeggMKI7BU738LQXjIwxmvHd5lE.olzlZ_YdwjXVmZ8UXCB4Ndhs22iJAZ8rv4feMsnNkw8&dib_tag=se&keywords=ultra%2Blight%2Bportable%2Brain%2Bcoat&qid=1752448413&sprefix=ultra%2Blight%2Bportable%2Brain%2Bco,aps,417&sr=8-6&th=1&psc=1&linkCode=sl1&tag=carltomichtec-20&linkId=1e8782cfe017db6d334531daa2cae6eb&language=en_US&ref_=as_li_ss_tl",yes,n/a,yes,no,no,missing rel nofollow sponsored
https://www.carltravels.com/howtofoldapopuptent.html,howtofoldapopuptent.html,310,Amazon Associates,Compact Microfiber Towels,https://amzn.to/4kGH71w,200,"https://www.amazon.com/Rainleaf-Microfiber-Perfect-Travel-Sports/dp/B07L86M4JD?crid=39MP1NQ5T7D87&dib=eyJ2IjoiMSJ9.oAMgutrN3usg6PizaaW5wTKNOqOfLUg0uSSw-3CzexnixWoF3FpqCyyGTV1-LtPOq8FqlwgDOTT1sfzhoiqXzacIi4fLuXiCkRaT9jwjZwYS9MYewIFP7TGZwM0_0d3wFMnn3M7nQiir8BBsF-9UDu7nv6os59zeSSdwmfF58n5mFeWTARVOEfUw2hEtA4q3kXZCV_87M04c4r-BL8EDxFh55Zbvc5efP5SAAga8yD_LClZDY9jcFlH6Av5RP0KuLs5D1tUoVW84oCJAl5kdJ_Ac0_F2DSN2ds7J5RgdMMc.KLFQJ-p2TrxGqvrbPy2nv_8MFKFibnWt0yqEP_xHRaA&dib_tag=se&keywords=microfibre%2Bbeach%2Btowel&qid=1752448515&sprefix=microfibre%2Bbeach%2Btow,aps,399&sr=8-5-spons&sp_csd=d2lkZ2V0TmFtZT1zcF9hdGY&th=1&linkCode=sl1&tag=carltomichtec-20&linkId=ca35ed9ae16a5a84caedfe6d2dc2f05e&language=en_US&ref_=as_li_ss_tl",yes,n/a,yes,no,no,missing rel nofollow sponsored
https://www.carltravels.com/howtofoldapopuptent.html,howtofoldapopuptent.html,370,Saily eSIM,👉 Activate your eSIM now,https://go.saily.site/aff_c?offer_id=101&aff_id=12234,403,https://saily.com/special/?utm_source=12234&utm_medium=affiliate&utm_campaign=101&aff_transaction_id=102671cde85b9dc60aa1208c946ed9&aff_sub=&aff_offer_id=101&aff_id=12234&url={url}&utm_content=&params[ho_asub1]=,yes,no,yes,no,no,not working or blocked; missing CARLRI5370; old Saily affiliate URL format; missing rel nofollow sponsored
https://www.carltravels.com/howtomakemoneyonlinesellingstockfootage.html,howtomakemoneyonlinesellingstockfootage.html,440,Dehancer,Color grading with Dehancer,https://www.carltravels.com/how-to-make-your-videos-look-cinematic.html,200,https://www.carltravels.com/how-to-make-your-videos-look-cinematic.html,no,n/a,no,no,no,missing tracking; missing target=_blank; missing rel nofollow sponsored
https://www.carltravels.com/howtomakemoneyonlinesellingstockfootage.html,howtomakemoneyonlinesellingstockfootage.html,494,Saily eSIM,👉 Activate your eSIM now,https://go.saily.site/aff_c?offer_id=101&aff_id=12234,403,https://saily.com/special/?utm_source=12234&utm_medium=affiliate&utm_campaign=101&aff_transaction_id=102671cde85b9dc60aa1208c946ed9&aff_sub=&aff_offer_id=101&aff_id=12234&url={url}&utm_content=&params[ho_asub1]=,yes,no,yes,no,no,not working or blocked; missing CARLRI5370; old Saily affiliate URL format; missing rel nofollow sponsored
https://www.carltravels.com/japanonabudget.html,japanonabudget.html,445,Saily eSIM,👉 Activate your eSIM now,https://go.saily.site/aff_c?offer_id=101&aff_id=12234,403,https://saily.com/special/?utm_source=12234&utm_medium=affiliate&utm_campaign=101&aff_transaction_id=102671cde85b9dc60aa1208c946ed9&aff_sub=&aff_offer_id=101&aff_id=12234&url={url}&utm_content=&params[ho_asub1]=,yes,no,yes,no,no,not working or blocked; missing CARLRI5370; old Saily affiliate URL format; missing rel nofollow sponsored
https://www.carltravels.com/korcula.html,korcula.html,334,Travel booking/activity,Apartments Filippi,https://www.booking.com,202,https://www.booking.com,no,n/a,yes,no,no,missing tracking; missing rel nofollow sponsored
https://www.carltravels.com/korcula.html,korcula.html,463,Wise,Sign up here,https://wise.com/invite/irhc/carlt62,200,https://wise.com/invite/irhc/carlt62,yes,n/a,no,no,no,missing target=_blank; missing rel nofollow sponsored
https://www.carltravels.com/korcula.html,korcula.html,469,Dehancer,dehancer.com/subscribe,https://www.dehancer.com/pricing/monthly,200,https://www.dehancer.com/pricing/monthly,no,n/a,no,no,no,missing tracking; missing target=_blank; missing rel nofollow sponsored
https://www.carltravels.com/korcula.html,korcula.html,476,Amazon Associates,DJI Flip,https://amzn.to/45iZULT,200,"https://www.amazon.com.au/DJI-Controller-Takeoff-Intelligent-Batteries/dp/B0DJ1FKDGP?crid=2R4BEGV4GCOVO&dib=eyJ2IjoiMSJ9.B3ZGiV_NB4CWvaKZC46HHhqNPIONGEffr9hyQ7doXp3AXko2J8XgtkAXDGsuiEAotNNI2PbCB1AYBnn8BEqRKQmDgWoDst39DJE8gasnXCLc-jUhcRDkTU-kNRFzDwVNjg3G3I5emTMygueqNFSxWtlrc8daGW3mi4t632aghZDCMYSRFrI9w-WsipGgN-AlFd9MHv5fvM5SOZdJ3ZRc3S6dP5ZdvaJbD8dpLuwD9xBibVGNVEA8sqdNPUGc1-QA6emRyHoQcDY9W1wK8g5M_GK-2rSHwY-u6nRI0GtXeD4.0l6QuT-oAkSZ2X00AMSTCdok07QQfjyAKzBb_DdWawE&dib_tag=se&keywords=dji%2Bflip&qid=1755253304&sprefix=dji%2B,aps,500&sr=8-1&th=1&linkCode=sl1&tag=sonymoviemast-22&linkId=3f5281eb31b07e511b695e37c70531d8&language=en_AU&ref_=as_li_ss_tl",yes,n/a,no,no,no,missing target=_blank; missing rel nofollow sponsored
https://www.carltravels.com/korcula.html,korcula.html,477,Amazon Associates,Sony A7C II,https://amzn.to/4mHhQ8H,200,"https://www.amazon.com.au/Alpha-Full-Frame-Interchangeable-Lens-Camera/dp/B0CGTTVYGM?crid=3UFGY3ITUFRIG&dib=eyJ2IjoiMSJ9.ev7c1E-3pbpbmadeh7VdWFcGksbpaD0LcfMpyGiafmIkmo2jGBt5M2E9J5fx_zQvYoa9cwkYx9Ms4314aD_KvlRP7kN7v44y5OVvwCe0hrwu3EmNb_ynMVmokWAEqEhATekuA2inkDK21iarXslKa-cwhVZmzX5YQxtcRmGKFeR772jpYj3HTrPbeI3ZQ4U9pdrLR2LEwE7JqN1U8Zd-BBT_0SJG6AhX8DL4MXBQZGSJ8ZS-_aLCTtitWZHc2pdFMTaRj76KAi4xLj1fzwW26k4n3Tyl4DcnDLsPS0O6csE.M7nmeQ9rGw5lWrk0OStz3sFcXb6hUUBIYxuSm25RGtM&dib_tag=se&keywords=Sony%2BA7CII&qid=1755253330&sprefix=sony%2Ba7ci,aps,339&sr=8-2&th=1&linkCode=sl1&tag=carltomich-22&linkId=e268d46ab451781fa56ff54460f43b36&language=en_AU&ref_=as_li_ss_tl",yes,n/a,no,no,no,missing target=_blank; missing rel nofollow sponsored
https://www.carltravels.com/korcula.html,korcula.html,478,Amazon Associates,DJI Pocket 3,https://amzn.to/4miS3UJ,200,"https://www.amazon.com.au/DJI-Vlogging-Stabilization-Tracking-Photography/dp/B0CG19FGQ5?crid=1G6X1VC3KQ5EX&dib=eyJ2IjoiMSJ9.OLzTlYtdM2w0TP6xjlSDCa_ccSbGz-LuIU4RgcQOCNGa_FFl2x1iOz2JX6S15ZXETql3rFDOM9ga-vhK36LgBaVMgdsL9DjJ1rGI703o8l2CU7qjqJgJrjk4bbf-Ae7lDW2VKJCOIhx3uSDXuParcMtR2mX2C58Se55j-iXTxZtUyCT_KpmGnxAiC29MDSrLM27fcIM9hNcLt9qfKC4X0H4XYBQK9QDfGIOYCCdiD5lduJ45hKRSb_vcDqRsfUclWisMqQvRUilvFcJNunY7PQEwXIkjphgmLW2BdwCZLnw.kXFrNmjSvoqF8aSCDLEiVO6jy41xldw8QKHmK03PQpg&dib_tag=se&keywords=DJI%2Bpocket%2B3&qid=1755253366&sprefix=dji%2Bpocket%2B34,aps,341&sr=8-5&th=1&linkCode=sl1&tag=carltomich-22&linkId=f574fc6c948e413d7828caf3917f88c7&language=en_AU&ref_=as_li_ss_tl",yes,n/a,no,no,no,missing target=_blank; missing rel nofollow sponsored
https://www.carltravels.com/korcula.html,korcula.html,479,Amazon Associates,Tamron 28–200,https://amzn.to/4lvd1hI,200,"https://www.amazon.com.au/Tamron-28-200-2-8-5-6-Mirrorless-Mount/dp/B08B34HWKV?crid=1QEN08AGHDA5P&dib=eyJ2IjoiMSJ9.F-1xObnXZ1qvBYq3zqlPY-NONJhLnpZLBqOzJ3HO5tTaMoqBS6y-yCzp9X2gf74AvY9AfeP0NaxoH7DZ9-baBGYipuEDZdeZDPhnjFQLAPKtme5_4_FG3s6XXvOiBciFRCc2uuwqEeNlASTcgcCCZMSMFQeah9VIUe8nfvKw3waCva02_S3xX9d-JyGDBuG_e3MirkHsz23lqve2L2QVLMa5j0OVts-mmsfQ8VCk2Mk21ZgO9UeZSpWiqPf46ib3p97ybHMdj-mSwAvwDGZsUplC0W8j79hDLbEyt4rRRsc.RD-ZusuknzzNJEQwUdBnNUgT4NbgXfMrZD-cLbs7Izg&dib_tag=se&keywords=tamron%2B24-150mm%2Bsony&qid=1755253413&sprefix=tamron%2B24-150mm%2Bson,aps,332&sr=8-8&th=1&linkCode=sl1&tag=carltomich-22&linkId=369f0dc13ba29944c2261e58637d5916&language=en_AU&ref_=as_li_ss_tl",yes,n/a,no,no,no,missing target=_blank; missing rel nofollow sponsored
https://www.carltravels.com/korcula.html,korcula.html,480,Amazon Associates,RØDE Wireless PRO,https://amzn.to/4oHMXTy,200,"https://www.amazon.com.au/R%C3%98DE-Microphone-Recording-Microphones-Filmmaking/dp/B0CB2HGR9Q?crid=EGFFU6UZWCLT&dib=eyJ2IjoiMSJ9.DGm925iQklRK-0FmBcE9db-XNNBHUbEQUmSpGwxYevTWsXHx1AB2Ujp56lEEJfYAXcz8f7ItdheKMJJEt3fbcFJwLM0qbJZFbyXmeGeum-sa0VEabMsoDLY8CTncKG_wcQknrVxzofZHSnY2hjgptBqrzbKBtON6CpGKjvZLWJbF12me_IIzxbcIdQ8xyAiv4MZEEmpSth_cBUSNn31q0t3k7bBm6YhlZLAdCOz86vQKfMf3dxTZHnqFsWMWlUF7v0fy7dJRty-80-hdaPlVDfUAYTPOMRmPYrwuoDhkGHE.Jyv_XTXDBOYqJ4Rg5nZ0RKMDurBNR5Nag68iZPXdLmc&dib_tag=se&keywords=rode%2Bwireless%2Bpro&qid=1755253496&sprefix=Rode%2Bwirle,aps,388&sr=8-3&th=1&linkCode=sl1&tag=carltomich-22&linkId=c45e7c55dd1516f0f8708eea1e3df28d&language=en_AU&ref_=as_li_ss_tl",yes,n/a,no,no,no,missing target=_blank; missing rel nofollow sponsored
https://www.carltravels.com/korcula.html,korcula.html,481,Amazon Associates,Think Tank Backpack,https://amzn.to/467fEAU,200,"https://www.amazon.com/Think-Tank-Airport-Commuter-Backpack/dp/B0083GQI5Y?crid=2DUIR27E54VFF&dib=eyJ2IjoiMSJ9.9XG5TZXY0VQe_JM4tf_rYqZTZVCpD3yhgWrqqRz7QRe2p5T785DRre0iq_knj0lCgwWu61gX6gQhU1gnkpa0Oy5NL2IJTmQqwU2OgKZOy7CJNXpEWJDXjz5XMOXhk-qfM1nF08sucPDsn0dmURafC38s2OcI8cViV1Q67OF01Sr2OmjeufUSQg0GHKX3twaAL-kI-4oLThlIo3FD4R9r9a-4ZQqUBJQ7iiDS97TIM2g.yGwuqwlPiTaZdkN4hPtMx2ru_ylVkLWkPPgvjFU3Vo4&dib_tag=se&keywords=thinktank+travel+backpack&qid=1757035483&sprefix=thinktank+travel+backpac,aps,316&sr=8-3&linkCode=sl1&tag=carltomichtec-20&linkId=5a1043bdd87861e72327b4d1be2226de&language=en_US&ref_=as_li_ss_tl",yes,n/a,no,no,no,missing target=_blank; missing rel nofollow sponsored
https://www.carltravels.com/korcula.html,korcula.html,487,Amazon Associates,DJI Flip,https://amzn.to/41zmAVV,200,"https://www.amazon.com.au/DJI-Controller-Takeoff-Intelligent-Batteries/dp/B0DJ1FKDGP?crid=27CLM6RRHHRB4&dib=eyJ2IjoiMSJ9.xHJwj2C5oeF6OHTI195Mdn3sPKEY3lQQtbR1Ffinq4nZrf0vJkhLIitjW3VBJOJxwyVeE4yQAuXGFbWTEwFrlWWsax_d6SMbu6MShKn__FMm0mh-GoBsHRxdET8U2ZnqpxXklLfQqiThEX0uRx_FzYCEWuAVyvXSelhqtv3be5YD_EsWRzMIULJGPJlSUrdUmmEa5c91FR8syo0ZeIfK0g6nYhVRBSfryUO8DyP7t9w0yINa3lmqQbKaTVkAljF0zY95g7ligNcgPIUNDRqXXx8IdElfmIcz-LTDbcXZCVY.BHpsQw5p_iwN_R_6cb79XAe-ZNr3mHBd-DXY4w99rs8&dib_tag=se&keywords=dji%2Bflip&qid=1757034937&sprefix=dji%2Bflip,aps,261&sr=8-1&th=1&linkCode=sl1&tag=carltomich-22&linkId=086f0f4dda5311ea4c0fa2a020c7fc62&language=en_AU&ref_=as_li_ss_tl",yes,n/a,no,no,no,missing target=_blank; missing rel nofollow sponsored
https://www.carltravels.com/korcula.html,korcula.html,488,Amazon Associates,Sony A7C II,https://amzn.to/45Qk2Fw,200,"https://www.amazon.com.au/Sony-Alpha-System-Camera-28-60mm/dp/B0CGFBMNDH?crid=Y4V8WSCJABT6&dib=eyJ2IjoiMSJ9.ev7c1E-3pbpbmadeh7VdWGGGwBPVPgenkV33RBsEipu2uXVpDOT-4N719LE8z5ZZkuiatxECfZOdzpPy6zsWyTaCC9-YjTsjmmcZSgzVbtIhv6nwiqrhip-8XLyFVM8TJI0S9CtfzEuF20mZcy_wovPC1FlRfSxCGu-1DiuOJ6Z2es25G9g5miw4rVwdl2YcxPhn0n3sJchrolpd3esOjIp0QaLGvz7n3uFMc-O48l4pYSj__YDttER8crkPx69f7mSxS8ujQijijWSjmj4h9XUlNdHSaq2KQBm7l6vTkyg.johmDKkudmYJ6Vp3A83ZS0WmLiuItffyIHcQrNpcTpM&dib_tag=se&keywords=sony%2Ba7cii&qid=1757035042&sprefix=sony%2Ba7cii,aps,242&sr=8-7&th=1&linkCode=sl1&tag=carltomich-22&linkId=e6839e00766785a47c09e7449989c441&language=en_AU&ref_=as_li_ss_tl",yes,n/a,no,no,no,missing target=_blank; missing rel nofollow sponsored
https://www.carltravels.com/korcula.html,korcula.html,489,Amazon Associates,DJI Osmo Pocket 3,https://amzn.to/4gaYLJZ,200,"https://www.amazon.com.au/DJI-Stabilization-Rotatable-Touchscreen-Photography/dp/B0CG19QXWD?crid=3SHCFANSRK2GV&dib=eyJ2IjoiMSJ9.hn-IKcsoi27x5Xtepf1O0xSEJ-Xc0yIsZ5hiLNsRo0_pnL0HwMARDMaGpGot5vRUIoisskZuJLNO1vrHcsMAQPRIRCdFRvFwlfyVPydN5FfkKgbYw0s29BMkgJiljvn0_ugxYU6JZ9cLZJ8Oj30vFVBWWAWBuepYqTkzRyVqmr2ii2X5OCrM6ae484zpYvqQCRiXcJMt0dgPItUfZ0RL6z-y7KTTesad4agjzTRTAcf1lSsm2yEzEH72afh7B2OEGD2c87RWuC02g7fgtlSVS8E50gbD3A0TmSTnzJ8VLKQ.Bx4cRITeVOMwGs0D0DKW1fgGx14CLCMyLTVRjMuItUs&dib_tag=se&keywords=dji%2Bosmo%2Bpocket%2B3&qid=1757035105&sprefix=DJI,aps,491&sr=8-5&th=1&linkCode=sl1&tag=carltomich-22&linkId=6c45d0909c1797b83d49c364f2b311b2&language=en_AU&ref_=as_li_ss_tl",yes,n/a,no,no,no,missing target=_blank; missing rel nofollow sponsored
https://www.carltravels.com/korcula.html,korcula.html,490,Amazon Associates,Tamron 24–200,https://amzn.to/4n73D5P,200,"https://www.amazon.com.au/Tamron-28-200-2-8-5-6-Mirrorless-Mount/dp/B08B34HWKV?crid=2KXUS0I4U82EM&dib=eyJ2IjoiMSJ9.CirVtLEYR7BE9okHzn54invQLY0R2IpCxFbXtvO1NnS3N7bkvewO8f1Yq8HoRp8by7g8fCAGFxwZReQZiHGIleWQhBiyxX6NqLuWc2JcY0SatfWtItHN56up3Chh0D8MWnZx1sZMHuhw7JMF1wW-t-_JV04YdmuFHxRHCAkZE68WtA-D3L-Dzu4PGUjAvPjTp5SldK7-BzyvSBMXmLxJIRehuwg0-GotkfHE9WlIC_4H_U3a4PyQdb9pUPOs3wgOSlpAZtRp5xUnt9EVdnDOoa8N5AFkcblsba8g9gFHmgg.ywMyfDborErcaHwGfqjwuU9BKivzUuvVcowT6gYYSgc&dib_tag=se&keywords=Tamron%2B28%E2%80%93200mm%2B(Full-Frame)&qid=1757035157&sprefix=tamron%2B28%2B200mm%2Bfull-frame%2B,aps,322&sr=8-1&th=1&linkCode=sl1&tag=carltomich-22&linkId=48c5cc0e9d510609bb5d001f6a9afffc&language=en_AU&ref_=as_li_ss_tl",yes,n/a,no,no,no,missing target=_blank; missing rel nofollow sponsored
https://www.carltravels.com/korcula.html,korcula.html,491,Amazon Associates,RØDE Wireless PRO,https://amzn.to/46kv8CG,200,"https://www.amazon.com.au/R%C3%98DE-Microphone-Recording-Microphones-Filmmaking/dp/B0CB2HGR9Q?crid=2CDBT69BZHLYA&dib=eyJ2IjoiMSJ9.Fwy-kxiSUMPxfuFncUDsU_A5ghupefIniz-REQnE6cTWsXHx1AB2Ujp56lEEJfYAXcz8f7ItdheKMJJEt3fbcDMaXA9z2vvl2SUhzXgbV4Ukq3M5KEeOMdSPoj2cooPZeZPhHMSlekWnOVWq4c0QaOzHxx6P7Hyvkb1eAIDVxOLyj1OA_3uyhvfsRMAssRUi_DZnq7KAobBNLtcDs2i8qN-URdgmgdbkNRbQvdaF9rucUW2oiHlnh0JMDv_DLbLkroYoa-fywaWO7QG159ijgMSHpfo0uXgaCvS9UJEj_s0.c_FuiqtAbfwdPKd4F4lJZzRIPwBnxfR6xx2cadHO14I&dib_tag=se&keywords=rode%2Bwireless%2Bpro&qid=1757035251&sprefix=rode%2Bw,aps,347&sr=8-5&th=1&linkCode=sl1&tag=carltomich-22&linkId=5c5361991d8e56b532939c61e269e8be&language=en_AU&ref_=as_li_ss_tl",yes,n/a,no,no,no,missing target=_blank; missing rel nofollow sponsored
https://www.carltravels.com/korcula.html,korcula.html,492,Amazon Associates,Think Tank Backpack,https://amzn.to/3I5mApV,200,"https://www.amazon.com.au/Think-Photo-Airport-Commuter-Backpack/dp/B0083GQI5Y?crid=C0BCCANHIF1P&dib=eyJ2IjoiMSJ9.FP6oWa3JfVz8mPQHHtuj2j56z3fDBCwLggHr6aC_VQkOVxUS8E-jSv8mMw2xvwAwKKp3yS3EAZDahiqzg1lUnJ4OI4bd4xC6w4ixKLoGdQQzlllNF5w7ZnNwMLs2cJUeG6JrDAmhFlIOVrQUbQfDbizfr5yKJOBszOQia6SfusuS4weSmOcfJvJKrX1mPtUZWqSiIfvSDzHdKlE3g8kCUmOJ15MWf_Y1bSIbO8NTex-o5CV-I2CF9MLgeMPW8TqjqtcJhcqbNXq4StxmCGriYFO89wZjALKw2reJs6HtCIw.qhwKjNiiihdX328DrvLyHXcJLf0AWPHeRP_c-KJrh90&dib_tag=se&keywords=thinktank%2Btravel%2Bcommuter&qid=1757035351&sprefix=thinktank%2Btravel%2Bcommuter,aps,269&sr=8-4&th=1&psc=1&linkCode=sl1&tag=carltomich-22&linkId=500149597f5ad39a813be7771a3c54f0&language=en_AU&ref_=as_li_ss_tl",yes,n/a,no,no,no,missing target=_blank; missing rel nofollow sponsored
https://www.carltravels.com/korcula.html,korcula.html,516,Saily eSIM,👉 Activate your eSIM now,https://go.saily.site/aff_c?offer_id=101&aff_id=12234,403,https://saily.com/special/?utm_source=12234&utm_medium=affiliate&utm_campaign=101&aff_transaction_id=102671cde85b9dc60aa1208c946ed9&aff_sub=&aff_offer_id=101&aff_id=12234&url={url}&utm_content=&params[ho_asub1]=,yes,no,yes,no,no,not working or blocked; missing CARLRI5370; old Saily affiliate URL format; missing rel nofollow sponsored
https://www.carltravels.com/kyototravelguide.html,kyototravelguide.html,543,Wise,Sign up here,https://wise.com/invite/irhc/carlt62,200,https://wise.com/invite/irhc/carlt62,yes,n/a,no,no,no,missing target=_blank; missing rel nofollow sponsored
https://www.carltravels.com/kyototravelguide.html,kyototravelguide.html,549,Dehancer,dehancer.com/subscribe,https://www.dehancer.com/pricing/monthly,200,https://www.dehancer.com/pricing/monthly,no,n/a,no,no,no,missing tracking; missing target=_blank; missing rel nofollow sponsored
https://www.carltravels.com/kyototravelguide.html,kyototravelguide.html,556,Amazon Associates,DJI Flip,https://amzn.to/45iZULT,200,"https://www.amazon.com.au/DJI-Controller-Takeoff-Intelligent-Batteries/dp/B0DJ1FKDGP?crid=2R4BEGV4GCOVO&dib=eyJ2IjoiMSJ9.B3ZGiV_NB4CWvaKZC46HHhqNPIONGEffr9hyQ7doXp3AXko2J8XgtkAXDGsuiEAotNNI2PbCB1AYBnn8BEqRKQmDgWoDst39DJE8gasnXCLc-jUhcRDkTU-kNRFzDwVNjg3G3I5emTMygueqNFSxWtlrc8daGW3mi4t632aghZDCMYSRFrI9w-WsipGgN-AlFd9MHv5fvM5SOZdJ3ZRc3S6dP5ZdvaJbD8dpLuwD9xBibVGNVEA8sqdNPUGc1-QA6emRyHoQcDY9W1wK8g5M_GK-2rSHwY-u6nRI0GtXeD4.0l6QuT-oAkSZ2X00AMSTCdok07QQfjyAKzBb_DdWawE&dib_tag=se&keywords=dji%2Bflip&qid=1755253304&sprefix=dji%2B,aps,500&sr=8-1&th=1&linkCode=sl1&tag=sonymoviemast-22&linkId=3f5281eb31b07e511b695e37c70531d8&language=en_AU&ref_=as_li_ss_tl",yes,n/a,no,no,no,missing target=_blank; missing rel nofollow sponsored
https://www.carltravels.com/kyototravelguide.html,kyototravelguide.html,557,Amazon Associates,Sony A7C II,https://amzn.to/4mHhQ8H,200,"https://www.amazon.com.au/Alpha-Full-Frame-Interchangeable-Lens-Camera/dp/B0CGTTVYGM?crid=3UFGY3ITUFRIG&dib=eyJ2IjoiMSJ9.ev7c1E-3pbpbmadeh7VdWFcGksbpaD0LcfMpyGiafmIkmo2jGBt5M2E9J5fx_zQvYoa9cwkYx9Ms4314aD_KvlRP7kN7v44y5OVvwCe0hrwu3EmNb_ynMVmokWAEqEhATekuA2inkDK21iarXslKa-cwhVZmzX5YQxtcRmGKFeR772jpYj3HTrPbeI3ZQ4U9pdrLR2LEwE7JqN1U8Zd-BBT_0SJG6AhX8DL4MXBQZGSJ8ZS-_aLCTtitWZHc2pdFMTaRj76KAi4xLj1fzwW26k4n3Tyl4DcnDLsPS0O6csE.M7nmeQ9rGw5lWrk0OStz3sFcXb6hUUBIYxuSm25RGtM&dib_tag=se&keywords=Sony%2BA7CII&qid=1755253330&sprefix=sony%2Ba7ci,aps,339&sr=8-2&th=1&linkCode=sl1&tag=carltomich-22&linkId=e268d46ab451781fa56ff54460f43b36&language=en_AU&ref_=as_li_ss_tl",yes,n/a,no,no,no,missing target=_blank; missing rel nofollow sponsored
https://www.carltravels.com/kyototravelguide.html,kyototravelguide.html,558,Amazon Associates,DJI Pocket 3,https://amzn.to/4miS3UJ,200,"https://www.amazon.com.au/DJI-Vlogging-Stabilization-Tracking-Photography/dp/B0CG19FGQ5?crid=1G6X1VC3KQ5EX&dib=eyJ2IjoiMSJ9.OLzTlYtdM2w0TP6xjlSDCa_ccSbGz-LuIU4RgcQOCNGa_FFl2x1iOz2JX6S15ZXETql3rFDOM9ga-vhK36LgBaVMgdsL9DjJ1rGI703o8l2CU7qjqJgJrjk4bbf-Ae7lDW2VKJCOIhx3uSDXuParcMtR2mX2C58Se55j-iXTxZtUyCT_KpmGnxAiC29MDSrLM27fcIM9hNcLt9qfKC4X0H4XYBQK9QDfGIOYCCdiD5lduJ45hKRSb_vcDqRsfUclWisMqQvRUilvFcJNunY7PQEwXIkjphgmLW2BdwCZLnw.kXFrNmjSvoqF8aSCDLEiVO6jy41xldw8QKHmK03PQpg&dib_tag=se&keywords=DJI%2Bpocket%2B3&qid=1755253366&sprefix=dji%2Bpocket%2B34,aps,341&sr=8-5&th=1&linkCode=sl1&tag=carltomich-22&linkId=f574fc6c948e413d7828caf3917f88c7&language=en_AU&ref_=as_li_ss_tl",yes,n/a,no,no,no,missing target=_blank; missing rel nofollow sponsored
https://www.carltravels.com/kyototravelguide.html,kyototravelguide.html,559,Amazon Associates,Tamron 28–200,https://amzn.to/4lvd1hI,200,"https://www.amazon.com.au/Tamron-28-200-2-8-5-6-Mirrorless-Mount/dp/B08B34HWKV?crid=1QEN08AGHDA5P&dib=eyJ2IjoiMSJ9.F-1xObnXZ1qvBYq3zqlPY-NONJhLnpZLBqOzJ3HO5tTaMoqBS6y-yCzp9X2gf74AvY9AfeP0NaxoH7DZ9-baBGYipuEDZdeZDPhnjFQLAPKtme5_4_FG3s6XXvOiBciFRCc2uuwqEeNlASTcgcCCZMSMFQeah9VIUe8nfvKw3waCva02_S3xX9d-JyGDBuG_e3MirkHsz23lqve2L2QVLMa5j0OVts-mmsfQ8VCk2Mk21ZgO9UeZSpWiqPf46ib3p97ybHMdj-mSwAvwDGZsUplC0W8j79hDLbEyt4rRRsc.RD-ZusuknzzNJEQwUdBnNUgT4NbgXfMrZD-cLbs7Izg&dib_tag=se&keywords=tamron%2B24-150mm%2Bsony&qid=1755253413&sprefix=tamron%2B24-150mm%2Bson,aps,332&sr=8-8&th=1&linkCode=sl1&tag=carltomich-22&linkId=369f0dc13ba29944c2261e58637d5916&language=en_AU&ref_=as_li_ss_tl",yes,n/a,no,no,no,missing target=_blank; missing rel nofollow sponsored
https://www.carltravels.com/kyototravelguide.html,kyototravelguide.html,560,Amazon Associates,RØDE Wireless PRO,https://amzn.to/4oHMXTy,200,"https://www.amazon.com.au/R%C3%98DE-Microphone-Recording-Microphones-Filmmaking/dp/B0CB2HGR9Q?crid=EGFFU6UZWCLT&dib=eyJ2IjoiMSJ9.DGm925iQklRK-0FmBcE9db-XNNBHUbEQUmSpGwxYevTWsXHx1AB2Ujp56lEEJfYAXcz8f7ItdheKMJJEt3fbcFJwLM0qbJZFbyXmeGeum-sa0VEabMsoDLY8CTncKG_wcQknrVxzofZHSnY2hjgptBqrzbKBtON6CpGKjvZLWJbF12me_IIzxbcIdQ8xyAiv4MZEEmpSth_cBUSNn31q0t3k7bBm6YhlZLAdCOz86vQKfMf3dxTZHnqFsWMWlUF7v0fy7dJRty-80-hdaPlVDfUAYTPOMRmPYrwuoDhkGHE.Jyv_XTXDBOYqJ4Rg5nZ0RKMDurBNR5Nag68iZPXdLmc&dib_tag=se&keywords=rode%2Bwireless%2Bpro&qid=1755253496&sprefix=Rode%2Bwirle,aps,388&sr=8-3&th=1&linkCode=sl1&tag=carltomich-22&linkId=c45e7c55dd1516f0f8708eea1e3df28d&language=en_AU&ref_=as_li_ss_tl",yes,n/a,no,no,no,missing target=_blank; missing rel nofollow sponsored
https://www.carltravels.com/kyototravelguide.html,kyototravelguide.html,561,Amazon Associates,Think Tank Backpack,https://amzn.to/467fEAU,200,"https://www.amazon.com/Think-Tank-Airport-Commuter-Backpack/dp/B0083GQI5Y?crid=2DUIR27E54VFF&dib=eyJ2IjoiMSJ9.9XG5TZXY0VQe_JM4tf_rYqZTZVCpD3yhgWrqqRz7QRe2p5T785DRre0iq_knj0lCgwWu61gX6gQhU1gnkpa0Oy5NL2IJTmQqwU2OgKZOy7CJNXpEWJDXjz5XMOXhk-qfM1nF08sucPDsn0dmURafC38s2OcI8cViV1Q67OF01Sr2OmjeufUSQg0GHKX3twaAL-kI-4oLThlIo3FD4R9r9a-4ZQqUBJQ7iiDS97TIM2g.yGwuqwlPiTaZdkN4hPtMx2ru_ylVkLWkPPgvjFU3Vo4&dib_tag=se&keywords=thinktank+travel+backpack&qid=1757035483&sprefix=thinktank+travel+backpac,aps,316&sr=8-3&linkCode=sl1&tag=carltomichtec-20&linkId=5a1043bdd87861e72327b4d1be2226de&language=en_US&ref_=as_li_ss_tl",yes,n/a,no,no,no,missing target=_blank; missing rel nofollow sponsored
https://www.carltravels.com/kyototravelguide.html,kyototravelguide.html,567,Amazon Associates,DJI Flip,https://amzn.to/41zmAVV,200,"https://www.amazon.com.au/DJI-Controller-Takeoff-Intelligent-Batteries/dp/B0DJ1FKDGP?crid=27CLM6RRHHRB4&dib=eyJ2IjoiMSJ9.xHJwj2C5oeF6OHTI195Mdn3sPKEY3lQQtbR1Ffinq4nZrf0vJkhLIitjW3VBJOJxwyVeE4yQAuXGFbWTEwFrlWWsax_d6SMbu6MShKn__FMm0mh-GoBsHRxdET8U2ZnqpxXklLfQqiThEX0uRx_FzYCEWuAVyvXSelhqtv3be5YD_EsWRzMIULJGPJlSUrdUmmEa5c91FR8syo0ZeIfK0g6nYhVRBSfryUO8DyP7t9w0yINa3lmqQbKaTVkAljF0zY95g7ligNcgPIUNDRqXXx8IdElfmIcz-LTDbcXZCVY.BHpsQw5p_iwN_R_6cb79XAe-ZNr3mHBd-DXY4w99rs8&dib_tag=se&keywords=dji%2Bflip&qid=1757034937&sprefix=dji%2Bflip,aps,261&sr=8-1&th=1&linkCode=sl1&tag=carltomich-22&linkId=086f0f4dda5311ea4c0fa2a020c7fc62&language=en_AU&ref_=as_li_ss_tl",yes,n/a,no,no,no,missing target=_blank; missing rel nofollow sponsored
https://www.carltravels.com/kyototravelguide.html,kyototravelguide.html,568,Amazon Associates,Sony A7C II,https://amzn.to/45Qk2Fw,200,"https://www.amazon.com.au/Sony-Alpha-System-Camera-28-60mm/dp/B0CGFBMNDH?crid=Y4V8WSCJABT6&dib=eyJ2IjoiMSJ9.ev7c1E-3pbpbmadeh7VdWGGGwBPVPgenkV33RBsEipu2uXVpDOT-4N719LE8z5ZZkuiatxECfZOdzpPy6zsWyTaCC9-YjTsjmmcZSgzVbtIhv6nwiqrhip-8XLyFVM8TJI0S9CtfzEuF20mZcy_wovPC1FlRfSxCGu-1DiuOJ6Z2es25G9g5miw4rVwdl2YcxPhn0n3sJchrolpd3esOjIp0QaLGvz7n3uFMc-O48l4pYSj__YDttER8crkPx69f7mSxS8ujQijijWSjmj4h9XUlNdHSaq2KQBm7l6vTkyg.johmDKkudmYJ6Vp3A83ZS0WmLiuItffyIHcQrNpcTpM&dib_tag=se&keywords=sony%2Ba7cii&qid=1757035042&sprefix=sony%2Ba7cii,aps,242&sr=8-7&th=1&linkCode=sl1&tag=carltomich-22&linkId=e6839e00766785a47c09e7449989c441&language=en_AU&ref_=as_li_ss_tl",yes,n/a,no,no,no,missing target=_blank; missing rel nofollow sponsored
https://www.carltravels.com/kyototravelguide.html,kyototravelguide.html,569,Amazon Associates,DJI Osmo Pocket 3,https://amzn.to/4gaYLJZ,200,"https://www.amazon.com.au/DJI-Stabilization-Rotatable-Touchscreen-Photography/dp/B0CG19QXWD?crid=3SHCFANSRK2GV&dib=eyJ2IjoiMSJ9.hn-IKcsoi27x5Xtepf1O0xSEJ-Xc0yIsZ5hiLNsRo0_pnL0HwMARDMaGpGot5vRUIoisskZuJLNO1vrHcsMAQPRIRCdFRvFwlfyVPydN5FfkKgbYw0s29BMkgJiljvn0_ugxYU6JZ9cLZJ8Oj30vFVBWWAWBuepYqTkzRyVqmr2ii2X5OCrM6ae484zpYvqQCRiXcJMt0dgPItUfZ0RL6z-y7KTTesad4agjzTRTAcf1lSsm2yEzEH72afh7B2OEGD2c87RWuC02g7fgtlSVS8E50gbD3A0TmSTnzJ8VLKQ.Bx4cRITeVOMwGs0D0DKW1fgGx14CLCMyLTVRjMuItUs&dib_tag=se&keywords=dji%2Bosmo%2Bpocket%2B3&qid=1757035105&sprefix=DJI,aps,491&sr=8-5&th=1&linkCode=sl1&tag=carltomich-22&linkId=6c45d0909c1797b83d49c364f2b311b2&language=en_AU&ref_=as_li_ss_tl",yes,n/a,no,no,no,missing target=_blank; missing rel nofollow sponsored
https://www.carltravels.com/kyototravelguide.html,kyototravelguide.html,570,Amazon Associates,Tamron 24–200,https://amzn.to/4n73D5P,200,"https://www.amazon.com.au/Tamron-28-200-2-8-5-6-Mirrorless-Mount/dp/B08B34HWKV?crid=2KXUS0I4U82EM&dib=eyJ2IjoiMSJ9.CirVtLEYR7BE9okHzn54invQLY0R2IpCxFbXtvO1NnS3N7bkvewO8f1Yq8HoRp8by7g8fCAGFxwZReQZiHGIleWQhBiyxX6NqLuWc2JcY0SatfWtItHN56up3Chh0D8MWnZx1sZMHuhw7JMF1wW-t-_JV04YdmuFHxRHCAkZE68WtA-D3L-Dzu4PGUjAvPjTp5SldK7-BzyvSBMXmLxJIRehuwg0-GotkfHE9WlIC_4H_U3a4PyQdb9pUPOs3wgOSlpAZtRp5xUnt9EVdnDOoa8N5AFkcblsba8g9gFHmgg.ywMyfDborErcaHwGfqjwuU9BKivzUuvVcowT6gYYSgc&dib_tag=se&keywords=Tamron%2B28%E2%80%93200mm%2B(Full-Frame)&qid=1757035157&sprefix=tamron%2B28%2B200mm%2Bfull-frame%2B,aps,322&sr=8-1&th=1&linkCode=sl1&tag=carltomich-22&linkId=48c5cc0e9d510609bb5d001f6a9afffc&language=en_AU&ref_=as_li_ss_tl",yes,n/a,no,no,no,missing target=_blank; missing rel nofollow sponsored
https://www.carltravels.com/kyototravelguide.html,kyototravelguide.html,571,Amazon Associates,RØDE Wireless PRO,https://amzn.to/46kv8CG,200,"https://www.amazon.com.au/R%C3%98DE-Microphone-Recording-Microphones-Filmmaking/dp/B0CB2HGR9Q?crid=2CDBT69BZHLYA&dib=eyJ2IjoiMSJ9.Fwy-kxiSUMPxfuFncUDsU_A5ghupefIniz-REQnE6cTWsXHx1AB2Ujp56lEEJfYAXcz8f7ItdheKMJJEt3fbcDMaXA9z2vvl2SUhzXgbV4Ukq3M5KEeOMdSPoj2cooPZeZPhHMSlekWnOVWq4c0QaOzHxx6P7Hyvkb1eAIDVxOLyj1OA_3uyhvfsRMAssRUi_DZnq7KAobBNLtcDs2i8qN-URdgmgdbkNRbQvdaF9rucUW2oiHlnh0JMDv_DLbLkroYoa-fywaWO7QG159ijgMSHpfo0uXgaCvS9UJEj_s0.c_FuiqtAbfwdPKd4F4lJZzRIPwBnxfR6xx2cadHO14I&dib_tag=se&keywords=rode%2Bwireless%2Bpro&qid=1757035251&sprefix=rode%2Bw,aps,347&sr=8-5&th=1&linkCode=sl1&tag=carltomich-22&linkId=5c5361991d8e56b532939c61e269e8be&language=en_AU&ref_=as_li_ss_tl",yes,n/a,no,no,no,missing target=_blank; missing rel nofollow sponsored
https://www.carltravels.com/kyototravelguide.html,kyototravelguide.html,572,Amazon Associates,Think Tank Backpack,https://amzn.to/3I5mApV,200,"https://www.amazon.com.au/Think-Photo-Airport-Commuter-Backpack/dp/B0083GQI5Y?crid=C0BCCANHIF1P&dib=eyJ2IjoiMSJ9.FP6oWa3JfVz8mPQHHtuj2j56z3fDBCwLggHr6aC_VQkOVxUS8E-jSv8mMw2xvwAwKKp3yS3EAZDahiqzg1lUnJ4OI4bd4xC6w4ixKLoGdQQzlllNF5w7ZnNwMLs2cJUeG6JrDAmhFlIOVrQUbQfDbizfr5yKJOBszOQia6SfusuS4weSmOcfJvJKrX1mPtUZWqSiIfvSDzHdKlE3g8kCUmOJ15MWf_Y1bSIbO8NTex-o5CV-I2CF9MLgeMPW8TqjqtcJhcqbNXq4StxmCGriYFO89wZjALKw2reJs6HtCIw.qhwKjNiiihdX328DrvLyHXcJLf0AWPHeRP_c-KJrh90&dib_tag=se&keywords=thinktank%2Btravel%2Bcommuter&qid=1757035351&sprefix=thinktank%2Btravel%2Bcommuter,aps,269&sr=8-4&th=1&psc=1&linkCode=sl1&tag=carltomich-22&linkId=500149597f5ad39a813be7771a3c54f0&language=en_AU&ref_=as_li_ss_tl",yes,n/a,no,no,no,missing target=_blank; missing rel nofollow sponsored
https://www.carltravels.com/kyototravelguide.html,kyototravelguide.html,596,Saily eSIM,👉 Activate your eSIM now,https://go.saily.site/aff_c?offer_id=101&aff_id=12234,403,https://saily.com/special/?utm_source=12234&utm_medium=affiliate&utm_campaign=101&aff_transaction_id=102671cde85b9dc60aa1208c946ed9&aff_sub=&aff_offer_id=101&aff_id=12234&url={url}&utm_content=&params[ho_asub1]=,yes,no,yes,no,no,not working or blocked; missing CARLRI5370; old Saily affiliate URL format; missing rel nofollow sponsored
https://www.carltravels.com/living-in-bangkok.html,living-in-bangkok.html,200,Amazon Associates,View Gear →,https://amzn.to/4miS3UJ,200,"https://www.amazon.com.au/DJI-Vlogging-Stabilization-Tracking-Photography/dp/B0CG19FGQ5?crid=1G6X1VC3KQ5EX&dib=eyJ2IjoiMSJ9.OLzTlYtdM2w0TP6xjlSDCa_ccSbGz-LuIU4RgcQOCNGa_FFl2x1iOz2JX6S15ZXETql3rFDOM9ga-vhK36LgBaVMgdsL9DjJ1rGI703o8l2CU7qjqJgJrjk4bbf-Ae7lDW2VKJCOIhx3uSDXuParcMtR2mX2C58Se55j-iXTxZtUyCT_KpmGnxAiC29MDSrLM27fcIM9hNcLt9qfKC4X0H4XYBQK9QDfGIOYCCdiD5lduJ45hKRSb_vcDqRsfUclWisMqQvRUilvFcJNunY7PQEwXIkjphgmLW2BdwCZLnw.kXFrNmjSvoqF8aSCDLEiVO6jy41xldw8QKHmK03PQpg&dib_tag=se&keywords=DJI%2Bpocket%2B3&qid=1755253366&sprefix=dji%2Bpocket%2B34,aps,341&sr=8-5&th=1&linkCode=sl1&tag=carltomich-22&linkId=f574fc6c948e413d7828caf3917f88c7&language=en_AU&ref_=as_li_ss_tl",yes,n/a,no,no,no,missing target=_blank; missing rel nofollow sponsored
https://www.carltravels.com/living-in-bangkok.html,living-in-bangkok.html,303,Saily eSIM,👉 Activate your eSIM now,https://go.saily.site/aff_c?offer_id=101&aff_id=12234,403,https://saily.com/special/?utm_source=12234&utm_medium=affiliate&utm_campaign=101&aff_transaction_id=102671cde85b9dc60aa1208c946ed9&aff_sub=&aff_offer_id=101&aff_id=12234&url={url}&utm_content=&params[ho_asub1]=,yes,no,yes,no,no,not working or blocked; missing CARLRI5370; old Saily affiliate URL format; missing rel nofollow sponsored
https://www.carltravels.com/lotte-world-aquarium-hanoi.html,lotte-world-aquarium-hanoi.html,285,Amazon Associates,DJI Flip,https://amzn.to/45iZULT,200,"https://www.amazon.com.au/DJI-Controller-Takeoff-Intelligent-Batteries/dp/B0DJ1FKDGP?crid=2R4BEGV4GCOVO&dib=eyJ2IjoiMSJ9.B3ZGiV_NB4CWvaKZC46HHhqNPIONGEffr9hyQ7doXp3AXko2J8XgtkAXDGsuiEAotNNI2PbCB1AYBnn8BEqRKQmDgWoDst39DJE8gasnXCLc-jUhcRDkTU-kNRFzDwVNjg3G3I5emTMygueqNFSxWtlrc8daGW3mi4t632aghZDCMYSRFrI9w-WsipGgN-AlFd9MHv5fvM5SOZdJ3ZRc3S6dP5ZdvaJbD8dpLuwD9xBibVGNVEA8sqdNPUGc1-QA6emRyHoQcDY9W1wK8g5M_GK-2rSHwY-u6nRI0GtXeD4.0l6QuT-oAkSZ2X00AMSTCdok07QQfjyAKzBb_DdWawE&dib_tag=se&keywords=dji%2Bflip&qid=1755253304&sprefix=dji%2B,aps,500&sr=8-1&th=1&linkCode=sl1&tag=sonymoviemast-22&linkId=3f5281eb31b07e511b695e37c70531d8&language=en_AU&ref_=as_li_ss_tl",yes,n/a,yes,no,no,missing rel nofollow sponsored
https://www.carltravels.com/lotte-world-aquarium-hanoi.html,lotte-world-aquarium-hanoi.html,286,Amazon Associates,Sony A7C II,https://amzn.to/4mHhQ8H,200,"https://www.amazon.com.au/Alpha-Full-Frame-Interchangeable-Lens-Camera/dp/B0CGTTVYGM?crid=3UFGY3ITUFRIG&dib=eyJ2IjoiMSJ9.ev7c1E-3pbpbmadeh7VdWFcGksbpaD0LcfMpyGiafmIkmo2jGBt5M2E9J5fx_zQvYoa9cwkYx9Ms4314aD_KvlRP7kN7v44y5OVvwCe0hrwu3EmNb_ynMVmokWAEqEhATekuA2inkDK21iarXslKa-cwhVZmzX5YQxtcRmGKFeR772jpYj3HTrPbeI3ZQ4U9pdrLR2LEwE7JqN1U8Zd-BBT_0SJG6AhX8DL4MXBQZGSJ8ZS-_aLCTtitWZHc2pdFMTaRj76KAi4xLj1fzwW26k4n3Tyl4DcnDLsPS0O6csE.M7nmeQ9rGw5lWrk0OStz3sFcXb6hUUBIYxuSm25RGtM&dib_tag=se&keywords=Sony%2BA7CII&qid=1755253330&sprefix=sony%2Ba7ci,aps,339&sr=8-2&th=1&linkCode=sl1&tag=carltomich-22&linkId=e268d46ab451781fa56ff54460f43b36&language=en_AU&ref_=as_li_ss_tl",yes,n/a,yes,no,no,missing rel nofollow sponsored
https://www.carltravels.com/lotte-world-aquarium-hanoi.html,lotte-world-aquarium-hanoi.html,287,Amazon Associates,DJI Pocket 3 (Creator Combo),https://amzn.to/4miS3UJ,200,"https://www.amazon.com.au/DJI-Vlogging-Stabilization-Tracking-Photography/dp/B0CG19FGQ5?crid=1G6X1VC3KQ5EX&dib=eyJ2IjoiMSJ9.OLzTlYtdM2w0TP6xjlSDCa_ccSbGz-LuIU4RgcQOCNGa_FFl2x1iOz2JX6S15ZXETql3rFDOM9ga-vhK36LgBaVMgdsL9DjJ1rGI703o8l2CU7qjqJgJrjk4bbf-Ae7lDW2VKJCOIhx3uSDXuParcMtR2mX2C58Se55j-iXTxZtUyCT_KpmGnxAiC29MDSrLM27fcIM9hNcLt9qfKC4X0H4XYBQK9QDfGIOYCCdiD5lduJ45hKRSb_vcDqRsfUclWisMqQvRUilvFcJNunY7PQEwXIkjphgmLW2BdwCZLnw.kXFrNmjSvoqF8aSCDLEiVO6jy41xldw8QKHmK03PQpg&dib_tag=se&keywords=DJI%2Bpocket%2B3&qid=1755253366&sprefix=dji%2Bpocket%2B34,aps,341&sr=8-5&th=1&linkCode=sl1&tag=carltomich-22&linkId=f574fc6c948e413d7828caf3917f88c7&language=en_AU&ref_=as_li_ss_tl",yes,n/a,yes,no,no,missing rel nofollow sponsored
https://www.carltravels.com/lotte-world-aquarium-hanoi.html,lotte-world-aquarium-hanoi.html,288,Amazon Associates,Tamron 28–200mm (Full-Frame),https://amzn.to/4lvd1hI,200,"https://www.amazon.com.au/Tamron-28-200-2-8-5-6-Mirrorless-Mount/dp/B08B34HWKV?crid=1QEN08AGHDA5P&dib=eyJ2IjoiMSJ9.F-1xObnXZ1qvBYq3zqlPY-NONJhLnpZLBqOzJ3HO5tTaMoqBS6y-yCzp9X2gf74AvY9AfeP0NaxoH7DZ9-baBGYipuEDZdeZDPhnjFQLAPKtme5_4_FG3s6XXvOiBciFRCc2uuwqEeNlASTcgcCCZMSMFQeah9VIUe8nfvKw3waCva02_S3xX9d-JyGDBuG_e3MirkHsz23lqve2L2QVLMa5j0OVts-mmsfQ8VCk2Mk21ZgO9UeZSpWiqPf46ib3p97ybHMdj-mSwAvwDGZsUplC0W8j79hDLbEyt4rRRsc.RD-ZusuknzzNJEQwUdBnNUgT4NbgXfMrZD-cLbs7Izg&dib_tag=se&keywords=tamron%2B24-150mm%2Bsony&qid=1755253413&sprefix=tamron%2B24-150mm%2Bson,aps,332&sr=8-8&th=1&linkCode=sl1&tag=carltomich-22&linkId=369f0dc13ba29944c2261e58637d5916&language=en_AU&ref_=as_li_ss_tl",yes,n/a,yes,no,no,missing rel nofollow sponsored
https://www.carltravels.com/lotte-world-aquarium-hanoi.html,lotte-world-aquarium-hanoi.html,289,Amazon Associates,Rode Wireless PRO (Mics),https://amzn.to/4oHMXTy,200,"https://www.amazon.com.au/R%C3%98DE-Microphone-Recording-Microphones-Filmmaking/dp/B0CB2HGR9Q?crid=EGFFU6UZWCLT&dib=eyJ2IjoiMSJ9.DGm925iQklRK-0FmBcE9db-XNNBHUbEQUmSpGwxYevTWsXHx1AB2Ujp56lEEJfYAXcz8f7ItdheKMJJEt3fbcFJwLM0qbJZFbyXmeGeum-sa0VEabMsoDLY8CTncKG_wcQknrVxzofZHSnY2hjgptBqrzbKBtON6CpGKjvZLWJbF12me_IIzxbcIdQ8xyAiv4MZEEmpSth_cBUSNn31q0t3k7bBm6YhlZLAdCOz86vQKfMf3dxTZHnqFsWMWlUF7v0fy7dJRty-80-hdaPlVDfUAYTPOMRmPYrwuoDhkGHE.Jyv_XTXDBOYqJ4Rg5nZ0RKMDurBNR5Nag68iZPXdLmc&dib_tag=se&keywords=rode%2Bwireless%2Bpro&qid=1755253496&sprefix=Rode%2Bwirle,aps,388&sr=8-3&th=1&linkCode=sl1&tag=carltomich-22&linkId=c45e7c55dd1516f0f8708eea1e3df28d&language=en_AU&ref_=as_li_ss_tl",yes,n/a,yes,no,no,missing rel nofollow sponsored
https://www.carltravels.com/lotte-world-aquarium-hanoi.html,lotte-world-aquarium-hanoi.html,290,Amazon Associates,Thinktank Travel Commuter Backpack,https://amzn.to/467fEAU,200,"https://www.amazon.com/Think-Tank-Airport-Commuter-Backpack/dp/B0083GQI5Y?crid=2DUIR27E54VFF&dib=eyJ2IjoiMSJ9.9XG5TZXY0VQe_JM4tf_rYqZTZVCpD3yhgWrqqRz7QRe2p5T785DRre0iq_knj0lCgwWu61gX6gQhU1gnkpa0Oy5NL2IJTmQqwU2OgKZOy7CJNXpEWJDXjz5XMOXhk-qfM1nF08sucPDsn0dmURafC38s2OcI8cViV1Q67OF01Sr2OmjeufUSQg0GHKX3twaAL-kI-4oLThlIo3FD4R9r9a-4ZQqUBJQ7iiDS97TIM2g.yGwuqwlPiTaZdkN4hPtMx2ru_ylVkLWkPPgvjFU3Vo4&dib_tag=se&keywords=thinktank+travel+backpack&qid=1757035483&sprefix=thinktank+travel+backpac,aps,316&sr=8-3&linkCode=sl1&tag=carltomichtec-20&linkId=5a1043bdd87861e72327b4d1be2226de&language=en_US&ref_=as_li_ss_tl",yes,n/a,yes,no,no,missing rel nofollow sponsored
https://www.carltravels.com/lotte-world-aquarium-hanoi.html,lotte-world-aquarium-hanoi.html,296,Amazon Associates,DJI Flip,https://amzn.to/41zmAVV,200,"https://www.amazon.com.au/DJI-Controller-Takeoff-Intelligent-Batteries/dp/B0DJ1FKDGP?crid=27CLM6RRHHRB4&dib=eyJ2IjoiMSJ9.xHJwj2C5oeF6OHTI195Mdn3sPKEY3lQQtbR1Ffinq4nZrf0vJkhLIitjW3VBJOJxwyVeE4yQAuXGFbWTEwFrlWWsax_d6SMbu6MShKn__FMm0mh-GoBsHRxdET8U2ZnqpxXklLfQqiThEX0uRx_FzYCEWuAVyvXSelhqtv3be5YD_EsWRzMIULJGPJlSUrdUmmEa5c91FR8syo0ZeIfK0g6nYhVRBSfryUO8DyP7t9w0yINa3lmqQbKaTVkAljF0zY95g7ligNcgPIUNDRqXXx8IdElfmIcz-LTDbcXZCVY.BHpsQw5p_iwN_R_6cb79XAe-ZNr3mHBd-DXY4w99rs8&dib_tag=se&keywords=dji%2Bflip&qid=1757034937&sprefix=dji%2Bflip,aps,261&sr=8-1&th=1&linkCode=sl1&tag=carltomich-22&linkId=086f0f4dda5311ea4c0fa2a020c7fc62&language=en_AU&ref_=as_li_ss_tl",yes,n/a,yes,no,no,missing rel nofollow sponsored
https://www.carltravels.com/lotte-world-aquarium-hanoi.html,lotte-world-aquarium-hanoi.html,297,Amazon Associates,Sony 7CII,https://amzn.to/45Qk2Fw,200,"https://www.amazon.com.au/Sony-Alpha-System-Camera-28-60mm/dp/B0CGFBMNDH?crid=Y4V8WSCJABT6&dib=eyJ2IjoiMSJ9.ev7c1E-3pbpbmadeh7VdWGGGwBPVPgenkV33RBsEipu2uXVpDOT-4N719LE8z5ZZkuiatxECfZOdzpPy6zsWyTaCC9-YjTsjmmcZSgzVbtIhv6nwiqrhip-8XLyFVM8TJI0S9CtfzEuF20mZcy_wovPC1FlRfSxCGu-1DiuOJ6Z2es25G9g5miw4rVwdl2YcxPhn0n3sJchrolpd3esOjIp0QaLGvz7n3uFMc-O48l4pYSj__YDttER8crkPx69f7mSxS8ujQijijWSjmj4h9XUlNdHSaq2KQBm7l6vTkyg.johmDKkudmYJ6Vp3A83ZS0WmLiuItffyIHcQrNpcTpM&dib_tag=se&keywords=sony%2Ba7cii&qid=1757035042&sprefix=sony%2Ba7cii,aps,242&sr=8-7&th=1&linkCode=sl1&tag=carltomich-22&linkId=e6839e00766785a47c09e7449989c441&language=en_AU&ref_=as_li_ss_tl",yes,n/a,yes,no,no,missing rel nofollow sponsored
https://www.carltravels.com/lotte-world-aquarium-hanoi.html,lotte-world-aquarium-hanoi.html,298,Amazon Associates,DJI Osmo Pocket 3,https://amzn.to/4gaYLJZ,200,"https://www.amazon.com.au/DJI-Stabilization-Rotatable-Touchscreen-Photography/dp/B0CG19QXWD?crid=3SHCFANSRK2GV&dib=eyJ2IjoiMSJ9.hn-IKcsoi27x5Xtepf1O0xSEJ-Xc0yIsZ5hiLNsRo0_pnL0HwMARDMaGpGot5vRUIoisskZuJLNO1vrHcsMAQPRIRCdFRvFwlfyVPydN5FfkKgbYw0s29BMkgJiljvn0_ugxYU6JZ9cLZJ8Oj30vFVBWWAWBuepYqTkzRyVqmr2ii2X5OCrM6ae484zpYvqQCRiXcJMt0dgPItUfZ0RL6z-y7KTTesad4agjzTRTAcf1lSsm2yEzEH72afh7B2OEGD2c87RWuC02g7fgtlSVS8E50gbD3A0TmSTnzJ8VLKQ.Bx4cRITeVOMwGs0D0DKW1fgGx14CLCMyLTVRjMuItUs&dib_tag=se&keywords=dji%2Bosmo%2Bpocket%2B3&qid=1757035105&sprefix=DJI,aps,491&sr=8-5&th=1&linkCode=sl1&tag=carltomich-22&linkId=6c45d0909c1797b83d49c364f2b311b2&language=en_AU&ref_=as_li_ss_tl",yes,n/a,yes,no,no,missing rel nofollow sponsored
https://www.carltravels.com/lotte-world-aquarium-hanoi.html,lotte-world-aquarium-hanoi.html,299,Amazon Associates,Tamron 24–200 Lens for Sony,https://amzn.to/4n73D5P,200,"https://www.amazon.com.au/Tamron-28-200-2-8-5-6-Mirrorless-Mount/dp/B08B34HWKV?crid=2KXUS0I4U82EM&dib=eyJ2IjoiMSJ9.CirVtLEYR7BE9okHzn54invQLY0R2IpCxFbXtvO1NnS3N7bkvewO8f1Yq8HoRp8by7g8fCAGFxwZReQZiHGIleWQhBiyxX6NqLuWc2JcY0SatfWtItHN56up3Chh0D8MWnZx1sZMHuhw7JMF1wW-t-_JV04YdmuFHxRHCAkZE68WtA-D3L-Dzu4PGUjAvPjTp5SldK7-BzyvSBMXmLxJIRehuwg0-GotkfHE9WlIC_4H_U3a4PyQdb9pUPOs3wgOSlpAZtRp5xUnt9EVdnDOoa8N5AFkcblsba8g9gFHmgg.ywMyfDborErcaHwGfqjwuU9BKivzUuvVcowT6gYYSgc&dib_tag=se&keywords=Tamron%2B28%E2%80%93200mm%2B(Full-Frame)&qid=1757035157&sprefix=tamron%2B28%2B200mm%2Bfull-frame%2B,aps,322&sr=8-1&th=1&linkCode=sl1&tag=carltomich-22&linkId=48c5cc0e9d510609bb5d001f6a9afffc&language=en_AU&ref_=as_li_ss_tl",yes,n/a,yes,no,no,missing rel nofollow sponsored
https://www.carltravels.com/lotte-world-aquarium-hanoi.html,lotte-world-aquarium-hanoi.html,300,Amazon Associates,Rode Wireless Pro,https://amzn.to/46kv8CG,200,"https://www.amazon.com.au/R%C3%98DE-Microphone-Recording-Microphones-Filmmaking/dp/B0CB2HGR9Q?crid=2CDBT69BZHLYA&dib=eyJ2IjoiMSJ9.Fwy-kxiSUMPxfuFncUDsU_A5ghupefIniz-REQnE6cTWsXHx1AB2Ujp56lEEJfYAXcz8f7ItdheKMJJEt3fbcDMaXA9z2vvl2SUhzXgbV4Ukq3M5KEeOMdSPoj2cooPZeZPhHMSlekWnOVWq4c0QaOzHxx6P7Hyvkb1eAIDVxOLyj1OA_3uyhvfsRMAssRUi_DZnq7KAobBNLtcDs2i8qN-URdgmgdbkNRbQvdaF9rucUW2oiHlnh0JMDv_DLbLkroYoa-fywaWO7QG159ijgMSHpfo0uXgaCvS9UJEj_s0.c_FuiqtAbfwdPKd4F4lJZzRIPwBnxfR6xx2cadHO14I&dib_tag=se&keywords=rode%2Bwireless%2Bpro&qid=1757035251&sprefix=rode%2Bw,aps,347&sr=8-5&th=1&linkCode=sl1&tag=carltomich-22&linkId=5c5361991d8e56b532939c61e269e8be&language=en_AU&ref_=as_li_ss_tl",yes,n/a,yes,no,no,missing rel nofollow sponsored
https://www.carltravels.com/lotte-world-aquarium-hanoi.html,lotte-world-aquarium-hanoi.html,301,Amazon Associates,Thinktank Travel Commuter Backpack,https://amzn.to/3I5mApV,200,"https://www.amazon.com.au/Think-Photo-Airport-Commuter-Backpack/dp/B0083GQI5Y?crid=C0BCCANHIF1P&dib=eyJ2IjoiMSJ9.FP6oWa3JfVz8mPQHHtuj2j56z3fDBCwLggHr6aC_VQkOVxUS8E-jSv8mMw2xvwAwKKp3yS3EAZDahiqzg1lUnJ4OI4bd4xC6w4ixKLoGdQQzlllNF5w7ZnNwMLs2cJUeG6JrDAmhFlIOVrQUbQfDbizfr5yKJOBszOQia6SfusuS4weSmOcfJvJKrX1mPtUZWqSiIfvSDzHdKlE3g8kCUmOJ15MWf_Y1bSIbO8NTex-o5CV-I2CF9MLgeMPW8TqjqtcJhcqbNXq4StxmCGriYFO89wZjALKw2reJs6HtCIw.qhwKjNiiihdX328DrvLyHXcJLf0AWPHeRP_c-KJrh90&dib_tag=se&keywords=thinktank%2Btravel%2Bcommuter&qid=1757035351&sprefix=thinktank%2Btravel%2Bcommuter,aps,269&sr=8-4&th=1&psc=1&linkCode=sl1&tag=carltomich-22&linkId=500149597f5ad39a813be7771a3c54f0&language=en_AU&ref_=as_li_ss_tl",yes,n/a,yes,no,no,missing rel nofollow sponsored
https://www.carltravels.com/lotte-world-aquarium-hanoi.html,lotte-world-aquarium-hanoi.html,321,Wise,Sign up here,https://wise.com/invite/irhc/carlt62,200,https://wise.com/invite/irhc/carlt62,yes,n/a,no,no,no,missing target=_blank; missing rel nofollow sponsored
https://www.carltravels.com/lotte-world-aquarium-hanoi.html,lotte-world-aquarium-hanoi.html,327,Dehancer,dehancer.com/subscribe,https://www.dehancer.com/pricing/monthly,200,https://www.dehancer.com/pricing/monthly,no,n/a,no,no,no,missing tracking; missing target=_blank; missing rel nofollow sponsored
https://www.carltravels.com/lotte-world-aquarium-hanoi.html,lotte-world-aquarium-hanoi.html,285,Amazon Associates,DJI Flip,https://amzn.to/45iZULT,200,"https://www.amazon.com.au/DJI-Controller-Takeoff-Intelligent-Batteries/dp/B0DJ1FKDGP?crid=2R4BEGV4GCOVO&dib=eyJ2IjoiMSJ9.B3ZGiV_NB4CWvaKZC46HHhqNPIONGEffr9hyQ7doXp3AXko2J8XgtkAXDGsuiEAotNNI2PbCB1AYBnn8BEqRKQmDgWoDst39DJE8gasnXCLc-jUhcRDkTU-kNRFzDwVNjg3G3I5emTMygueqNFSxWtlrc8daGW3mi4t632aghZDCMYSRFrI9w-WsipGgN-AlFd9MHv5fvM5SOZdJ3ZRc3S6dP5ZdvaJbD8dpLuwD9xBibVGNVEA8sqdNPUGc1-QA6emRyHoQcDY9W1wK8g5M_GK-2rSHwY-u6nRI0GtXeD4.0l6QuT-oAkSZ2X00AMSTCdok07QQfjyAKzBb_DdWawE&dib_tag=se&keywords=dji%2Bflip&qid=1755253304&sprefix=dji%2B,aps,500&sr=8-1&th=1&linkCode=sl1&tag=sonymoviemast-22&linkId=3f5281eb31b07e511b695e37c70531d8&language=en_AU&ref_=as_li_ss_tl",yes,n/a,no,no,no,missing target=_blank; missing rel nofollow sponsored
https://www.carltravels.com/lotte-world-aquarium-hanoi.html,lotte-world-aquarium-hanoi.html,286,Amazon Associates,Sony A7C II,https://amzn.to/4mHhQ8H,200,"https://www.amazon.com.au/Alpha-Full-Frame-Interchangeable-Lens-Camera/dp/B0CGTTVYGM?crid=3UFGY3ITUFRIG&dib=eyJ2IjoiMSJ9.ev7c1E-3pbpbmadeh7VdWFcGksbpaD0LcfMpyGiafmIkmo2jGBt5M2E9J5fx_zQvYoa9cwkYx9Ms4314aD_KvlRP7kN7v44y5OVvwCe0hrwu3EmNb_ynMVmokWAEqEhATekuA2inkDK21iarXslKa-cwhVZmzX5YQxtcRmGKFeR772jpYj3HTrPbeI3ZQ4U9pdrLR2LEwE7JqN1U8Zd-BBT_0SJG6AhX8DL4MXBQZGSJ8ZS-_aLCTtitWZHc2pdFMTaRj76KAi4xLj1fzwW26k4n3Tyl4DcnDLsPS0O6csE.M7nmeQ9rGw5lWrk0OStz3sFcXb6hUUBIYxuSm25RGtM&dib_tag=se&keywords=Sony%2BA7CII&qid=1755253330&sprefix=sony%2Ba7ci,aps,339&sr=8-2&th=1&linkCode=sl1&tag=carltomich-22&linkId=e268d46ab451781fa56ff54460f43b36&language=en_AU&ref_=as_li_ss_tl",yes,n/a,no,no,no,missing target=_blank; missing rel nofollow sponsored
https://www.carltravels.com/lotte-world-aquarium-hanoi.html,lotte-world-aquarium-hanoi.html,287,Amazon Associates,DJI Pocket 3,https://amzn.to/4miS3UJ,200,"https://www.amazon.com.au/DJI-Vlogging-Stabilization-Tracking-Photography/dp/B0CG19FGQ5?crid=1G6X1VC3KQ5EX&dib=eyJ2IjoiMSJ9.OLzTlYtdM2w0TP6xjlSDCa_ccSbGz-LuIU4RgcQOCNGa_FFl2x1iOz2JX6S15ZXETql3rFDOM9ga-vhK36LgBaVMgdsL9DjJ1rGI703o8l2CU7qjqJgJrjk4bbf-Ae7lDW2VKJCOIhx3uSDXuParcMtR2mX2C58Se55j-iXTxZtUyCT_KpmGnxAiC29MDSrLM27fcIM9hNcLt9qfKC4X0H4XYBQK9QDfGIOYCCdiD5lduJ45hKRSb_vcDqRsfUclWisMqQvRUilvFcJNunY7PQEwXIkjphgmLW2BdwCZLnw.kXFrNmjSvoqF8aSCDLEiVO6jy41xldw8QKHmK03PQpg&dib_tag=se&keywords=DJI%2Bpocket%2B3&qid=1755253366&sprefix=dji%2Bpocket%2B34,aps,341&sr=8-5&th=1&linkCode=sl1&tag=carltomich-22&linkId=f574fc6c948e413d7828caf3917f88c7&language=en_AU&ref_=as_li_ss_tl",yes,n/a,no,no,no,missing target=_blank; missing rel nofollow sponsored
https://www.carltravels.com/lotte-world-aquarium-hanoi.html,lotte-world-aquarium-hanoi.html,288,Amazon Associates,Tamron 28–200,https://amzn.to/4lvd1hI,200,"https://www.amazon.com.au/Tamron-28-200-2-8-5-6-Mirrorless-Mount/dp/B08B34HWKV?crid=1QEN08AGHDA5P&dib=eyJ2IjoiMSJ9.F-1xObnXZ1qvBYq3zqlPY-NONJhLnpZLBqOzJ3HO5tTaMoqBS6y-yCzp9X2gf74AvY9AfeP0NaxoH7DZ9-baBGYipuEDZdeZDPhnjFQLAPKtme5_4_FG3s6XXvOiBciFRCc2uuwqEeNlASTcgcCCZMSMFQeah9VIUe8nfvKw3waCva02_S3xX9d-JyGDBuG_e3MirkHsz23lqve2L2QVLMa5j0OVts-mmsfQ8VCk2Mk21ZgO9UeZSpWiqPf46ib3p97ybHMdj-mSwAvwDGZsUplC0W8j79hDLbEyt4rRRsc.RD-ZusuknzzNJEQwUdBnNUgT4NbgXfMrZD-cLbs7Izg&dib_tag=se&keywords=tamron%2B24-150mm%2Bsony&qid=1755253413&sprefix=tamron%2B24-150mm%2Bson,aps,332&sr=8-8&th=1&linkCode=sl1&tag=carltomich-22&linkId=369f0dc13ba29944c2261e58637d5916&language=en_AU&ref_=as_li_ss_tl",yes,n/a,no,no,no,missing target=_blank; missing rel nofollow sponsored
https://www.carltravels.com/lotte-world-aquarium-hanoi.html,lotte-world-aquarium-hanoi.html,289,Amazon Associates,RØDE Wireless PRO,https://amzn.to/4oHMXTy,200,"https://www.amazon.com.au/R%C3%98DE-Microphone-Recording-Microphones-Filmmaking/dp/B0CB2HGR9Q?crid=EGFFU6UZWCLT&dib=eyJ2IjoiMSJ9.DGm925iQklRK-0FmBcE9db-XNNBHUbEQUmSpGwxYevTWsXHx1AB2Ujp56lEEJfYAXcz8f7ItdheKMJJEt3fbcFJwLM0qbJZFbyXmeGeum-sa0VEabMsoDLY8CTncKG_wcQknrVxzofZHSnY2hjgptBqrzbKBtON6CpGKjvZLWJbF12me_IIzxbcIdQ8xyAiv4MZEEmpSth_cBUSNn31q0t3k7bBm6YhlZLAdCOz86vQKfMf3dxTZHnqFsWMWlUF7v0fy7dJRty-80-hdaPlVDfUAYTPOMRmPYrwuoDhkGHE.Jyv_XTXDBOYqJ4Rg5nZ0RKMDurBNR5Nag68iZPXdLmc&dib_tag=se&keywords=rode%2Bwireless%2Bpro&qid=1755253496&sprefix=Rode%2Bwirle,aps,388&sr=8-3&th=1&linkCode=sl1&tag=carltomich-22&linkId=c45e7c55dd1516f0f8708eea1e3df28d&language=en_AU&ref_=as_li_ss_tl",yes,n/a,no,no,no,missing target=_blank; missing rel nofollow sponsored
https://www.carltravels.com/lotte-world-aquarium-hanoi.html,lotte-world-aquarium-hanoi.html,290,Amazon Associates,Think Tank Backpack,https://amzn.to/467fEAU,200,"https://www.amazon.com/Think-Tank-Airport-Commuter-Backpack/dp/B0083GQI5Y?crid=2DUIR27E54VFF&dib=eyJ2IjoiMSJ9.9XG5TZXY0VQe_JM4tf_rYqZTZVCpD3yhgWrqqRz7QRe2p5T785DRre0iq_knj0lCgwWu61gX6gQhU1gnkpa0Oy5NL2IJTmQqwU2OgKZOy7CJNXpEWJDXjz5XMOXhk-qfM1nF08sucPDsn0dmURafC38s2OcI8cViV1Q67OF01Sr2OmjeufUSQg0GHKX3twaAL-kI-4oLThlIo3FD4R9r9a-4ZQqUBJQ7iiDS97TIM2g.yGwuqwlPiTaZdkN4hPtMx2ru_ylVkLWkPPgvjFU3Vo4&dib_tag=se&keywords=thinktank+travel+backpack&qid=1757035483&sprefix=thinktank+travel+backpac,aps,316&sr=8-3&linkCode=sl1&tag=carltomichtec-20&linkId=5a1043bdd87861e72327b4d1be2226de&language=en_US&ref_=as_li_ss_tl",yes,n/a,no,no,no,missing target=_blank; missing rel nofollow sponsored
https://www.carltravels.com/lotte-world-aquarium-hanoi.html,lotte-world-aquarium-hanoi.html,296,Amazon Associates,DJI Flip,https://amzn.to/41zmAVV,200,"https://www.amazon.com.au/DJI-Controller-Takeoff-Intelligent-Batteries/dp/B0DJ1FKDGP?crid=27CLM6RRHHRB4&dib=eyJ2IjoiMSJ9.xHJwj2C5oeF6OHTI195Mdn3sPKEY3lQQtbR1Ffinq4nZrf0vJkhLIitjW3VBJOJxwyVeE4yQAuXGFbWTEwFrlWWsax_d6SMbu6MShKn__FMm0mh-GoBsHRxdET8U2ZnqpxXklLfQqiThEX0uRx_FzYCEWuAVyvXSelhqtv3be5YD_EsWRzMIULJGPJlSUrdUmmEa5c91FR8syo0ZeIfK0g6nYhVRBSfryUO8DyP7t9w0yINa3lmqQbKaTVkAljF0zY95g7ligNcgPIUNDRqXXx8IdElfmIcz-LTDbcXZCVY.BHpsQw5p_iwN_R_6cb79XAe-ZNr3mHBd-DXY4w99rs8&dib_tag=se&keywords=dji%2Bflip&qid=1757034937&sprefix=dji%2Bflip,aps,261&sr=8-1&th=1&linkCode=sl1&tag=carltomich-22&linkId=086f0f4dda5311ea4c0fa2a020c7fc62&language=en_AU&ref_=as_li_ss_tl",yes,n/a,no,no,no,missing target=_blank; missing rel nofollow sponsored
https://www.carltravels.com/lotte-world-aquarium-hanoi.html,lotte-world-aquarium-hanoi.html,297,Amazon Associates,Sony A7C II,https://amzn.to/45Qk2Fw,200,"https://www.amazon.com.au/Sony-Alpha-System-Camera-28-60mm/dp/B0CGFBMNDH?crid=Y4V8WSCJABT6&dib=eyJ2IjoiMSJ9.ev7c1E-3pbpbmadeh7VdWGGGwBPVPgenkV33RBsEipu2uXVpDOT-4N719LE8z5ZZkuiatxECfZOdzpPy6zsWyTaCC9-YjTsjmmcZSgzVbtIhv6nwiqrhip-8XLyFVM8TJI0S9CtfzEuF20mZcy_wovPC1FlRfSxCGu-1DiuOJ6Z2es25G9g5miw4rVwdl2YcxPhn0n3sJchrolpd3esOjIp0QaLGvz7n3uFMc-O48l4pYSj__YDttER8crkPx69f7mSxS8ujQijijWSjmj4h9XUlNdHSaq2KQBm7l6vTkyg.johmDKkudmYJ6Vp3A83ZS0WmLiuItffyIHcQrNpcTpM&dib_tag=se&keywords=sony%2Ba7cii&qid=1757035042&sprefix=sony%2Ba7cii,aps,242&sr=8-7&th=1&linkCode=sl1&tag=carltomich-22&linkId=e6839e00766785a47c09e7449989c441&language=en_AU&ref_=as_li_ss_tl",yes,n/a,no,no,no,missing target=_blank; missing rel nofollow sponsored
https://www.carltravels.com/lotte-world-aquarium-hanoi.html,lotte-world-aquarium-hanoi.html,298,Amazon Associates,DJI Osmo Pocket 3,https://amzn.to/4gaYLJZ,200,"https://www.amazon.com.au/DJI-Stabilization-Rotatable-Touchscreen-Photography/dp/B0CG19QXWD?crid=3SHCFANSRK2GV&dib=eyJ2IjoiMSJ9.hn-IKcsoi27x5Xtepf1O0xSEJ-Xc0yIsZ5hiLNsRo0_pnL0HwMARDMaGpGot5vRUIoisskZuJLNO1vrHcsMAQPRIRCdFRvFwlfyVPydN5FfkKgbYw0s29BMkgJiljvn0_ugxYU6JZ9cLZJ8Oj30vFVBWWAWBuepYqTkzRyVqmr2ii2X5OCrM6ae484zpYvqQCRiXcJMt0dgPItUfZ0RL6z-y7KTTesad4agjzTRTAcf1lSsm2yEzEH72afh7B2OEGD2c87RWuC02g7fgtlSVS8E50gbD3A0TmSTnzJ8VLKQ.Bx4cRITeVOMwGs0D0DKW1fgGx14CLCMyLTVRjMuItUs&dib_tag=se&keywords=dji%2Bosmo%2Bpocket%2B3&qid=1757035105&sprefix=DJI,aps,491&sr=8-5&th=1&linkCode=sl1&tag=carltomich-22&linkId=6c45d0909c1797b83d49c364f2b311b2&language=en_AU&ref_=as_li_ss_tl",yes,n/a,no,no,no,missing target=_blank; missing rel nofollow sponsored
https://www.carltravels.com/lotte-world-aquarium-hanoi.html,lotte-world-aquarium-hanoi.html,299,Amazon Associates,Tamron 24–200,https://amzn.to/4n73D5P,200,"https://www.amazon.com.au/Tamron-28-200-2-8-5-6-Mirrorless-Mount/dp/B08B34HWKV?crid=2KXUS0I4U82EM&dib=eyJ2IjoiMSJ9.CirVtLEYR7BE9okHzn54invQLY0R2IpCxFbXtvO1NnS3N7bkvewO8f1Yq8HoRp8by7g8fCAGFxwZReQZiHGIleWQhBiyxX6NqLuWc2JcY0SatfWtItHN56up3Chh0D8MWnZx1sZMHuhw7JMF1wW-t-_JV04YdmuFHxRHCAkZE68WtA-D3L-Dzu4PGUjAvPjTp5SldK7-BzyvSBMXmLxJIRehuwg0-GotkfHE9WlIC_4H_U3a4PyQdb9pUPOs3wgOSlpAZtRp5xUnt9EVdnDOoa8N5AFkcblsba8g9gFHmgg.ywMyfDborErcaHwGfqjwuU9BKivzUuvVcowT6gYYSgc&dib_tag=se&keywords=Tamron%2B28%E2%80%93200mm%2B(Full-Frame)&qid=1757035157&sprefix=tamron%2B28%2B200mm%2Bfull-frame%2B,aps,322&sr=8-1&th=1&linkCode=sl1&tag=carltomich-22&linkId=48c5cc0e9d510609bb5d001f6a9afffc&language=en_AU&ref_=as_li_ss_tl",yes,n/a,no,no,no,missing target=_blank; missing rel nofollow sponsored
https://www.carltravels.com/lotte-world-aquarium-hanoi.html,lotte-world-aquarium-hanoi.html,300,Amazon Associates,RØDE Wireless PRO,https://amzn.to/46kv8CG,200,"https://www.amazon.com.au/R%C3%98DE-Microphone-Recording-Microphones-Filmmaking/dp/B0CB2HGR9Q?crid=2CDBT69BZHLYA&dib=eyJ2IjoiMSJ9.Fwy-kxiSUMPxfuFncUDsU_A5ghupefIniz-REQnE6cTWsXHx1AB2Ujp56lEEJfYAXcz8f7ItdheKMJJEt3fbcDMaXA9z2vvl2SUhzXgbV4Ukq3M5KEeOMdSPoj2cooPZeZPhHMSlekWnOVWq4c0QaOzHxx6P7Hyvkb1eAIDVxOLyj1OA_3uyhvfsRMAssRUi_DZnq7KAobBNLtcDs2i8qN-URdgmgdbkNRbQvdaF9rucUW2oiHlnh0JMDv_DLbLkroYoa-fywaWO7QG159ijgMSHpfo0uXgaCvS9UJEj_s0.c_FuiqtAbfwdPKd4F4lJZzRIPwBnxfR6xx2cadHO14I&dib_tag=se&keywords=rode%2Bwireless%2Bpro&qid=1757035251&sprefix=rode%2Bw,aps,347&sr=8-5&th=1&linkCode=sl1&tag=carltomich-22&linkId=5c5361991d8e56b532939c61e269e8be&language=en_AU&ref_=as_li_ss_tl",yes,n/a,no,no,no,missing target=_blank; missing rel nofollow sponsored
https://www.carltravels.com/lotte-world-aquarium-hanoi.html,lotte-world-aquarium-hanoi.html,301,Amazon Associates,Think Tank Backpack,https://amzn.to/3I5mApV,200,"https://www.amazon.com.au/Think-Photo-Airport-Commuter-Backpack/dp/B0083GQI5Y?crid=C0BCCANHIF1P&dib=eyJ2IjoiMSJ9.FP6oWa3JfVz8mPQHHtuj2j56z3fDBCwLggHr6aC_VQkOVxUS8E-jSv8mMw2xvwAwKKp3yS3EAZDahiqzg1lUnJ4OI4bd4xC6w4ixKLoGdQQzlllNF5w7ZnNwMLs2cJUeG6JrDAmhFlIOVrQUbQfDbizfr5yKJOBszOQia6SfusuS4weSmOcfJvJKrX1mPtUZWqSiIfvSDzHdKlE3g8kCUmOJ15MWf_Y1bSIbO8NTex-o5CV-I2CF9MLgeMPW8TqjqtcJhcqbNXq4StxmCGriYFO89wZjALKw2reJs6HtCIw.qhwKjNiiihdX328DrvLyHXcJLf0AWPHeRP_c-KJrh90&dib_tag=se&keywords=thinktank%2Btravel%2Bcommuter&qid=1757035351&sprefix=thinktank%2Btravel%2Bcommuter,aps,269&sr=8-4&th=1&psc=1&linkCode=sl1&tag=carltomich-22&linkId=500149597f5ad39a813be7771a3c54f0&language=en_AU&ref_=as_li_ss_tl",yes,n/a,no,no,no,missing target=_blank; missing rel nofollow sponsored
https://www.carltravels.com/lotte-world-aquarium-hanoi.html,lotte-world-aquarium-hanoi.html,374,Saily eSIM,👉 Activate your eSIM now,https://go.saily.site/aff_c?offer_id=101&aff_id=12234,403,https://saily.com/special/?utm_source=12234&utm_medium=affiliate&utm_campaign=101&aff_transaction_id=102671cde85b9dc60aa1208c946ed9&aff_sub=&aff_offer_id=101&aff_id=12234&url={url}&utm_content=&params[ho_asub1]=,yes,no,yes,no,no,not working or blocked; missing CARLRI5370; old Saily affiliate URL format; missing rel nofollow sponsored
https://www.carltravels.com/macbook-pro-m4-max-review.html,macbook-pro-m4-max-review.html,326,Saily eSIM,👉 Activate your eSIM now,https://go.saily.site/aff_c?offer_id=101&aff_id=12234,403,https://saily.com/special/?utm_source=12234&utm_medium=affiliate&utm_campaign=101&aff_transaction_id=102671cde85b9dc60aa1208c946ed9&aff_sub=&aff_offer_id=101&aff_id=12234&url={url}&utm_content=&params[ho_asub1]=,yes,no,yes,no,no,not working or blocked; missing CARLRI5370; old Saily affiliate URL format; missing rel nofollow sponsored
https://www.carltravels.com/make-money-online-while-traveling.html,make-money-online-while-traveling.html,354,Wise,Invite link,https://wise.com/invite/irhc/carlt62,200,https://wise.com/invite/irhc/carlt62,yes,n/a,yes,no,no,missing rel nofollow sponsored
https://www.carltravels.com/make-money-online-while-traveling.html,make-money-online-while-traveling.html,369,Amazon Associates,DJI Flip,https://amzn.to/45iZULT,200,"https://www.amazon.com.au/DJI-Controller-Takeoff-Intelligent-Batteries/dp/B0DJ1FKDGP?crid=2R4BEGV4GCOVO&dib=eyJ2IjoiMSJ9.B3ZGiV_NB4CWvaKZC46HHhqNPIONGEffr9hyQ7doXp3AXko2J8XgtkAXDGsuiEAotNNI2PbCB1AYBnn8BEqRKQmDgWoDst39DJE8gasnXCLc-jUhcRDkTU-kNRFzDwVNjg3G3I5emTMygueqNFSxWtlrc8daGW3mi4t632aghZDCMYSRFrI9w-WsipGgN-AlFd9MHv5fvM5SOZdJ3ZRc3S6dP5ZdvaJbD8dpLuwD9xBibVGNVEA8sqdNPUGc1-QA6emRyHoQcDY9W1wK8g5M_GK-2rSHwY-u6nRI0GtXeD4.0l6QuT-oAkSZ2X00AMSTCdok07QQfjyAKzBb_DdWawE&dib_tag=se&keywords=dji%2Bflip&qid=1755253304&sprefix=dji%2B,aps,500&sr=8-1&th=1&linkCode=sl1&tag=sonymoviemast-22&linkId=3f5281eb31b07e511b695e37c70531d8&language=en_AU&ref_=as_li_ss_tl",yes,n/a,yes,no,no,missing rel nofollow sponsored
https://www.carltravels.com/make-money-online-while-traveling.html,make-money-online-while-traveling.html,370,Amazon Associates,Sony A7C II,https://amzn.to/4mHhQ8H,200,"https://www.amazon.com.au/Alpha-Full-Frame-Interchangeable-Lens-Camera/dp/B0CGTTVYGM?crid=3UFGY3ITUFRIG&dib=eyJ2IjoiMSJ9.ev7c1E-3pbpbmadeh7VdWFcGksbpaD0LcfMpyGiafmIkmo2jGBt5M2E9J5fx_zQvYoa9cwkYx9Ms4314aD_KvlRP7kN7v44y5OVvwCe0hrwu3EmNb_ynMVmokWAEqEhATekuA2inkDK21iarXslKa-cwhVZmzX5YQxtcRmGKFeR772jpYj3HTrPbeI3ZQ4U9pdrLR2LEwE7JqN1U8Zd-BBT_0SJG6AhX8DL4MXBQZGSJ8ZS-_aLCTtitWZHc2pdFMTaRj76KAi4xLj1fzwW26k4n3Tyl4DcnDLsPS0O6csE.M7nmeQ9rGw5lWrk0OStz3sFcXb6hUUBIYxuSm25RGtM&dib_tag=se&keywords=Sony%2BA7CII&qid=1755253330&sprefix=sony%2Ba7ci,aps,339&sr=8-2&th=1&linkCode=sl1&tag=carltomich-22&linkId=e268d46ab451781fa56ff54460f43b36&language=en_AU&ref_=as_li_ss_tl",yes,n/a,yes,no,no,missing rel nofollow sponsored
https://www.carltravels.com/make-money-online-while-traveling.html,make-money-online-while-traveling.html,371,Amazon Associates,DJI Pocket 3,https://amzn.to/4miS3UJ,200,"https://www.amazon.com.au/DJI-Vlogging-Stabilization-Tracking-Photography/dp/B0CG19FGQ5?crid=1G6X1VC3KQ5EX&dib=eyJ2IjoiMSJ9.OLzTlYtdM2w0TP6xjlSDCa_ccSbGz-LuIU4RgcQOCNGa_FFl2x1iOz2JX6S15ZXETql3rFDOM9ga-vhK36LgBaVMgdsL9DjJ1rGI703o8l2CU7qjqJgJrjk4bbf-Ae7lDW2VKJCOIhx3uSDXuParcMtR2mX2C58Se55j-iXTxZtUyCT_KpmGnxAiC29MDSrLM27fcIM9hNcLt9qfKC4X0H4XYBQK9QDfGIOYCCdiD5lduJ45hKRSb_vcDqRsfUclWisMqQvRUilvFcJNunY7PQEwXIkjphgmLW2BdwCZLnw.kXFrNmjSvoqF8aSCDLEiVO6jy41xldw8QKHmK03PQpg&dib_tag=se&keywords=DJI%2Bpocket%2B3&qid=1755253366&sprefix=dji%2Bpocket%2B34,aps,341&sr=8-5&th=1&linkCode=sl1&tag=carltomich-22&linkId=f574fc6c948e413d7828caf3917f88c7&language=en_AU&ref_=as_li_ss_tl",yes,n/a,yes,no,no,missing rel nofollow sponsored
https://www.carltravels.com/make-money-online-while-traveling.html,make-money-online-while-traveling.html,372,Amazon Associates,Tamron 28–200,https://amzn.to/4lvd1hI,200,"https://www.amazon.com.au/Tamron-28-200-2-8-5-6-Mirrorless-Mount/dp/B08B34HWKV?crid=1QEN08AGHDA5P&dib=eyJ2IjoiMSJ9.F-1xObnXZ1qvBYq3zqlPY-NONJhLnpZLBqOzJ3HO5tTaMoqBS6y-yCzp9X2gf74AvY9AfeP0NaxoH7DZ9-baBGYipuEDZdeZDPhnjFQLAPKtme5_4_FG3s6XXvOiBciFRCc2uuwqEeNlASTcgcCCZMSMFQeah9VIUe8nfvKw3waCva02_S3xX9d-JyGDBuG_e3MirkHsz23lqve2L2QVLMa5j0OVts-mmsfQ8VCk2Mk21ZgO9UeZSpWiqPf46ib3p97ybHMdj-mSwAvwDGZsUplC0W8j79hDLbEyt4rRRsc.RD-ZusuknzzNJEQwUdBnNUgT4NbgXfMrZD-cLbs7Izg&dib_tag=se&keywords=tamron%2B24-150mm%2Bsony&qid=1755253413&sprefix=tamron%2B24-150mm%2Bson,aps,332&sr=8-8&th=1&linkCode=sl1&tag=carltomich-22&linkId=369f0dc13ba29944c2261e58637d5916&language=en_AU&ref_=as_li_ss_tl",yes,n/a,yes,no,no,missing rel nofollow sponsored
https://www.carltravels.com/make-money-online-while-traveling.html,make-money-online-while-traveling.html,373,Amazon Associates,RØDE Wireless PRO,https://amzn.to/4oHMXTy,200,"https://www.amazon.com.au/R%C3%98DE-Microphone-Recording-Microphones-Filmmaking/dp/B0CB2HGR9Q?crid=EGFFU6UZWCLT&dib=eyJ2IjoiMSJ9.DGm925iQklRK-0FmBcE9db-XNNBHUbEQUmSpGwxYevTWsXHx1AB2Ujp56lEEJfYAXcz8f7ItdheKMJJEt3fbcFJwLM0qbJZFbyXmeGeum-sa0VEabMsoDLY8CTncKG_wcQknrVxzofZHSnY2hjgptBqrzbKBtON6CpGKjvZLWJbF12me_IIzxbcIdQ8xyAiv4MZEEmpSth_cBUSNn31q0t3k7bBm6YhlZLAdCOz86vQKfMf3dxTZHnqFsWMWlUF7v0fy7dJRty-80-hdaPlVDfUAYTPOMRmPYrwuoDhkGHE.Jyv_XTXDBOYqJ4Rg5nZ0RKMDurBNR5Nag68iZPXdLmc&dib_tag=se&keywords=rode%2Bwireless%2Bpro&qid=1755253496&sprefix=Rode%2Bwirle,aps,388&sr=8-3&th=1&linkCode=sl1&tag=carltomich-22&linkId=c45e7c55dd1516f0f8708eea1e3df28d&language=en_AU&ref_=as_li_ss_tl",yes,n/a,yes,no,no,missing rel nofollow sponsored
https://www.carltravels.com/make-money-online-while-traveling.html,make-money-online-while-traveling.html,374,Amazon Associates,Think Tank Backpack,https://amzn.to/467fEAU,200,"https://www.amazon.com/Think-Tank-Airport-Commuter-Backpack/dp/B0083GQI5Y?crid=2DUIR27E54VFF&dib=eyJ2IjoiMSJ9.9XG5TZXY0VQe_JM4tf_rYqZTZVCpD3yhgWrqqRz7QRe2p5T785DRre0iq_knj0lCgwWu61gX6gQhU1gnkpa0Oy5NL2IJTmQqwU2OgKZOy7CJNXpEWJDXjz5XMOXhk-qfM1nF08sucPDsn0dmURafC38s2OcI8cViV1Q67OF01Sr2OmjeufUSQg0GHKX3twaAL-kI-4oLThlIo3FD4R9r9a-4ZQqUBJQ7iiDS97TIM2g.yGwuqwlPiTaZdkN4hPtMx2ru_ylVkLWkPPgvjFU3Vo4&dib_tag=se&keywords=thinktank+travel+backpack&qid=1757035483&sprefix=thinktank+travel+backpac,aps,316&sr=8-3&linkCode=sl1&tag=carltomichtec-20&linkId=5a1043bdd87861e72327b4d1be2226de&language=en_US&ref_=as_li_ss_tl",yes,n/a,yes,no,no,missing rel nofollow sponsored
https://www.carltravels.com/make-money-online-while-traveling.html,make-money-online-while-traveling.html,381,Amazon Associates,DJI Flip,https://amzn.to/41zmAVV,200,"https://www.amazon.com.au/DJI-Controller-Takeoff-Intelligent-Batteries/dp/B0DJ1FKDGP?crid=27CLM6RRHHRB4&dib=eyJ2IjoiMSJ9.xHJwj2C5oeF6OHTI195Mdn3sPKEY3lQQtbR1Ffinq4nZrf0vJkhLIitjW3VBJOJxwyVeE4yQAuXGFbWTEwFrlWWsax_d6SMbu6MShKn__FMm0mh-GoBsHRxdET8U2ZnqpxXklLfQqiThEX0uRx_FzYCEWuAVyvXSelhqtv3be5YD_EsWRzMIULJGPJlSUrdUmmEa5c91FR8syo0ZeIfK0g6nYhVRBSfryUO8DyP7t9w0yINa3lmqQbKaTVkAljF0zY95g7ligNcgPIUNDRqXXx8IdElfmIcz-LTDbcXZCVY.BHpsQw5p_iwN_R_6cb79XAe-ZNr3mHBd-DXY4w99rs8&dib_tag=se&keywords=dji%2Bflip&qid=1757034937&sprefix=dji%2Bflip,aps,261&sr=8-1&th=1&linkCode=sl1&tag=carltomich-22&linkId=086f0f4dda5311ea4c0fa2a020c7fc62&language=en_AU&ref_=as_li_ss_tl",yes,n/a,yes,no,no,missing rel nofollow sponsored
https://www.carltravels.com/make-money-online-while-traveling.html,make-money-online-while-traveling.html,382,Amazon Associates,Sony A7C II,https://amzn.to/45Qk2Fw,200,"https://www.amazon.com.au/Sony-Alpha-System-Camera-28-60mm/dp/B0CGFBMNDH?crid=Y4V8WSCJABT6&dib=eyJ2IjoiMSJ9.ev7c1E-3pbpbmadeh7VdWGGGwBPVPgenkV33RBsEipu2uXVpDOT-4N719LE8z5ZZkuiatxECfZOdzpPy6zsWyTaCC9-YjTsjmmcZSgzVbtIhv6nwiqrhip-8XLyFVM8TJI0S9CtfzEuF20mZcy_wovPC1FlRfSxCGu-1DiuOJ6Z2es25G9g5miw4rVwdl2YcxPhn0n3sJchrolpd3esOjIp0QaLGvz7n3uFMc-O48l4pYSj__YDttER8crkPx69f7mSxS8ujQijijWSjmj4h9XUlNdHSaq2KQBm7l6vTkyg.johmDKkudmYJ6Vp3A83ZS0WmLiuItffyIHcQrNpcTpM&dib_tag=se&keywords=sony%2Ba7cii&qid=1757035042&sprefix=sony%2Ba7cii,aps,242&sr=8-7&th=1&linkCode=sl1&tag=carltomich-22&linkId=e6839e00766785a47c09e7449989c441&language=en_AU&ref_=as_li_ss_tl",yes,n/a,yes,no,no,missing rel nofollow sponsored
https://www.carltravels.com/make-money-online-while-traveling.html,make-money-online-while-traveling.html,383,Amazon Associates,DJI Osmo Pocket 3,https://amzn.to/4gaYLJZ,200,"https://www.amazon.com.au/DJI-Stabilization-Rotatable-Touchscreen-Photography/dp/B0CG19QXWD?crid=3SHCFANSRK2GV&dib=eyJ2IjoiMSJ9.hn-IKcsoi27x5Xtepf1O0xSEJ-Xc0yIsZ5hiLNsRo0_pnL0HwMARDMaGpGot5vRUIoisskZuJLNO1vrHcsMAQPRIRCdFRvFwlfyVPydN5FfkKgbYw0s29BMkgJiljvn0_ugxYU6JZ9cLZJ8Oj30vFVBWWAWBuepYqTkzRyVqmr2ii2X5OCrM6ae484zpYvqQCRiXcJMt0dgPItUfZ0RL6z-y7KTTesad4agjzTRTAcf1lSsm2yEzEH72afh7B2OEGD2c87RWuC02g7fgtlSVS8E50gbD3A0TmSTnzJ8VLKQ.Bx4cRITeVOMwGs0D0DKW1fgGx14CLCMyLTVRjMuItUs&dib_tag=se&keywords=dji%2Bosmo%2Bpocket%2B3&qid=1757035105&sprefix=DJI,aps,491&sr=8-5&th=1&linkCode=sl1&tag=carltomich-22&linkId=6c45d0909c1797b83d49c364f2b311b2&language=en_AU&ref_=as_li_ss_tl",yes,n/a,yes,no,no,missing rel nofollow sponsored
https://www.carltravels.com/make-money-online-while-traveling.html,make-money-online-while-traveling.html,384,Amazon Associates,Tamron 24–200,https://amzn.to/4n73D5P,200,"https://www.amazon.com.au/Tamron-28-200-2-8-5-6-Mirrorless-Mount/dp/B08B34HWKV?crid=2KXUS0I4U82EM&dib=eyJ2IjoiMSJ9.CirVtLEYR7BE9okHzn54invQLY0R2IpCxFbXtvO1NnS3N7bkvewO8f1Yq8HoRp8by7g8fCAGFxwZReQZiHGIleWQhBiyxX6NqLuWc2JcY0SatfWtItHN56up3Chh0D8MWnZx1sZMHuhw7JMF1wW-t-_JV04YdmuFHxRHCAkZE68WtA-D3L-Dzu4PGUjAvPjTp5SldK7-BzyvSBMXmLxJIRehuwg0-GotkfHE9WlIC_4H_U3a4PyQdb9pUPOs3wgOSlpAZtRp5xUnt9EVdnDOoa8N5AFkcblsba8g9gFHmgg.ywMyfDborErcaHwGfqjwuU9BKivzUuvVcowT6gYYSgc&dib_tag=se&keywords=Tamron%2B28%E2%80%93200mm%2B(Full-Frame)&qid=1757035157&sprefix=tamron%2B28%2B200mm%2Bfull-frame%2B,aps,322&sr=8-1&th=1&linkCode=sl1&tag=carltomich-22&linkId=48c5cc0e9d510609bb5d001f6a9afffc&language=en_AU&ref_=as_li_ss_tl",yes,n/a,yes,no,no,missing rel nofollow sponsored
https://www.carltravels.com/make-money-online-while-traveling.html,make-money-online-while-traveling.html,385,Amazon Associates,RØDE Wireless PRO,https://amzn.to/46kv8CG,200,"https://www.amazon.com.au/R%C3%98DE-Microphone-Recording-Microphones-Filmmaking/dp/B0CB2HGR9Q?crid=2CDBT69BZHLYA&dib=eyJ2IjoiMSJ9.Fwy-kxiSUMPxfuFncUDsU_A5ghupefIniz-REQnE6cTWsXHx1AB2Ujp56lEEJfYAXcz8f7ItdheKMJJEt3fbcDMaXA9z2vvl2SUhzXgbV4Ukq3M5KEeOMdSPoj2cooPZeZPhHMSlekWnOVWq4c0QaOzHxx6P7Hyvkb1eAIDVxOLyj1OA_3uyhvfsRMAssRUi_DZnq7KAobBNLtcDs2i8qN-URdgmgdbkNRbQvdaF9rucUW2oiHlnh0JMDv_DLbLkroYoa-fywaWO7QG159ijgMSHpfo0uXgaCvS9UJEj_s0.c_FuiqtAbfwdPKd4F4lJZzRIPwBnxfR6xx2cadHO14I&dib_tag=se&keywords=rode%2Bwireless%2Bpro&qid=1757035251&sprefix=rode%2Bw,aps,347&sr=8-5&th=1&linkCode=sl1&tag=carltomich-22&linkId=5c5361991d8e56b532939c61e269e8be&language=en_AU&ref_=as_li_ss_tl",yes,n/a,yes,no,no,missing rel nofollow sponsored
https://www.carltravels.com/make-money-online-while-traveling.html,make-money-online-while-traveling.html,386,Amazon Associates,Think Tank Backpack,https://amzn.to/3I5mApV,200,"https://www.amazon.com.au/Think-Photo-Airport-Commuter-Backpack/dp/B0083GQI5Y?crid=C0BCCANHIF1P&dib=eyJ2IjoiMSJ9.FP6oWa3JfVz8mPQHHtuj2j56z3fDBCwLggHr6aC_VQkOVxUS8E-jSv8mMw2xvwAwKKp3yS3EAZDahiqzg1lUnJ4OI4bd4xC6w4ixKLoGdQQzlllNF5w7ZnNwMLs2cJUeG6JrDAmhFlIOVrQUbQfDbizfr5yKJOBszOQia6SfusuS4weSmOcfJvJKrX1mPtUZWqSiIfvSDzHdKlE3g8kCUmOJ15MWf_Y1bSIbO8NTex-o5CV-I2CF9MLgeMPW8TqjqtcJhcqbNXq4StxmCGriYFO89wZjALKw2reJs6HtCIw.qhwKjNiiihdX328DrvLyHXcJLf0AWPHeRP_c-KJrh90&dib_tag=se&keywords=thinktank%2Btravel%2Bcommuter&qid=1757035351&sprefix=thinktank%2Btravel%2Bcommuter,aps,269&sr=8-4&th=1&psc=1&linkCode=sl1&tag=carltomich-22&linkId=500149597f5ad39a813be7771a3c54f0&language=en_AU&ref_=as_li_ss_tl",yes,n/a,yes,no,no,missing rel nofollow sponsored
https://www.carltravels.com/make-money-online-while-traveling.html,make-money-online-while-traveling.html,414,Saily eSIM,👉 Activate your eSIM now,https://go.saily.site/aff_c?offer_id=101&aff_id=12234,403,https://saily.com/special/?utm_source=12234&utm_medium=affiliate&utm_campaign=101&aff_transaction_id=102671cde85b9dc60aa1208c946ed9&aff_sub=&aff_offer_id=101&aff_id=12234&url={url}&utm_content=&params[ho_asub1]=,yes,no,yes,no,no,not working or blocked; missing CARLRI5370; old Saily affiliate URL format; missing rel nofollow sponsored
https://www.carltravels.com/melbournetravelguide.html,melbournetravelguide.html,441,Wise,Sign up here,https://wise.com/invite/irhc/carlt62,200,https://wise.com/invite/irhc/carlt62,yes,n/a,no,no,no,missing target=_blank; missing rel nofollow sponsored
https://www.carltravels.com/melbournetravelguide.html,melbournetravelguide.html,447,Dehancer,dehancer.com/subscribe,https://www.dehancer.com/pricing/monthly,200,https://www.dehancer.com/pricing/monthly,no,n/a,no,no,no,missing tracking; missing target=_blank; missing rel nofollow sponsored
https://www.carltravels.com/melbournetravelguide.html,melbournetravelguide.html,454,Amazon Associates,DJI Flip,https://amzn.to/45iZULT,200,"https://www.amazon.com.au/DJI-Controller-Takeoff-Intelligent-Batteries/dp/B0DJ1FKDGP?crid=2R4BEGV4GCOVO&dib=eyJ2IjoiMSJ9.B3ZGiV_NB4CWvaKZC46HHhqNPIONGEffr9hyQ7doXp3AXko2J8XgtkAXDGsuiEAotNNI2PbCB1AYBnn8BEqRKQmDgWoDst39DJE8gasnXCLc-jUhcRDkTU-kNRFzDwVNjg3G3I5emTMygueqNFSxWtlrc8daGW3mi4t632aghZDCMYSRFrI9w-WsipGgN-AlFd9MHv5fvM5SOZdJ3ZRc3S6dP5ZdvaJbD8dpLuwD9xBibVGNVEA8sqdNPUGc1-QA6emRyHoQcDY9W1wK8g5M_GK-2rSHwY-u6nRI0GtXeD4.0l6QuT-oAkSZ2X00AMSTCdok07QQfjyAKzBb_DdWawE&dib_tag=se&keywords=dji%2Bflip&qid=1755253304&sprefix=dji%2B,aps,500&sr=8-1&th=1&linkCode=sl1&tag=sonymoviemast-22&linkId=3f5281eb31b07e511b695e37c70531d8&language=en_AU&ref_=as_li_ss_tl",yes,n/a,no,no,no,missing target=_blank; missing rel nofollow sponsored
https://www.carltravels.com/melbournetravelguide.html,melbournetravelguide.html,455,Amazon Associates,Sony A7C II,https://amzn.to/4mHhQ8H,200,"https://www.amazon.com.au/Alpha-Full-Frame-Interchangeable-Lens-Camera/dp/B0CGTTVYGM?crid=3UFGY3ITUFRIG&dib=eyJ2IjoiMSJ9.ev7c1E-3pbpbmadeh7VdWFcGksbpaD0LcfMpyGiafmIkmo2jGBt5M2E9J5fx_zQvYoa9cwkYx9Ms4314aD_KvlRP7kN7v44y5OVvwCe0hrwu3EmNb_ynMVmokWAEqEhATekuA2inkDK21iarXslKa-cwhVZmzX5YQxtcRmGKFeR772jpYj3HTrPbeI3ZQ4U9pdrLR2LEwE7JqN1U8Zd-BBT_0SJG6AhX8DL4MXBQZGSJ8ZS-_aLCTtitWZHc2pdFMTaRj76KAi4xLj1fzwW26k4n3Tyl4DcnDLsPS0O6csE.M7nmeQ9rGw5lWrk0OStz3sFcXb6hUUBIYxuSm25RGtM&dib_tag=se&keywords=Sony%2BA7CII&qid=1755253330&sprefix=sony%2Ba7ci,aps,339&sr=8-2&th=1&linkCode=sl1&tag=carltomich-22&linkId=e268d46ab451781fa56ff54460f43b36&language=en_AU&ref_=as_li_ss_tl",yes,n/a,no,no,no,missing target=_blank; missing rel nofollow sponsored
https://www.carltravels.com/melbournetravelguide.html,melbournetravelguide.html,456,Amazon Associates,DJI Pocket 3,https://amzn.to/4miS3UJ,200,"https://www.amazon.com.au/DJI-Vlogging-Stabilization-Tracking-Photography/dp/B0CG19FGQ5?crid=1G6X1VC3KQ5EX&dib=eyJ2IjoiMSJ9.OLzTlYtdM2w0TP6xjlSDCa_ccSbGz-LuIU4RgcQOCNGa_FFl2x1iOz2JX6S15ZXETql3rFDOM9ga-vhK36LgBaVMgdsL9DjJ1rGI703o8l2CU7qjqJgJrjk4bbf-Ae7lDW2VKJCOIhx3uSDXuParcMtR2mX2C58Se55j-iXTxZtUyCT_KpmGnxAiC29MDSrLM27fcIM9hNcLt9qfKC4X0H4XYBQK9QDfGIOYCCdiD5lduJ45hKRSb_vcDqRsfUclWisMqQvRUilvFcJNunY7PQEwXIkjphgmLW2BdwCZLnw.kXFrNmjSvoqF8aSCDLEiVO6jy41xldw8QKHmK03PQpg&dib_tag=se&keywords=DJI%2Bpocket%2B3&qid=1755253366&sprefix=dji%2Bpocket%2B34,aps,341&sr=8-5&th=1&linkCode=sl1&tag=carltomich-22&linkId=f574fc6c948e413d7828caf3917f88c7&language=en_AU&ref_=as_li_ss_tl",yes,n/a,no,no,no,missing target=_blank; missing rel nofollow sponsored
https://www.carltravels.com/melbournetravelguide.html,melbournetravelguide.html,457,Amazon Associates,Tamron 28–200,https://amzn.to/4lvd1hI,200,"https://www.amazon.com.au/Tamron-28-200-2-8-5-6-Mirrorless-Mount/dp/B08B34HWKV?crid=1QEN08AGHDA5P&dib=eyJ2IjoiMSJ9.F-1xObnXZ1qvBYq3zqlPY-NONJhLnpZLBqOzJ3HO5tTaMoqBS6y-yCzp9X2gf74AvY9AfeP0NaxoH7DZ9-baBGYipuEDZdeZDPhnjFQLAPKtme5_4_FG3s6XXvOiBciFRCc2uuwqEeNlASTcgcCCZMSMFQeah9VIUe8nfvKw3waCva02_S3xX9d-JyGDBuG_e3MirkHsz23lqve2L2QVLMa5j0OVts-mmsfQ8VCk2Mk21ZgO9UeZSpWiqPf46ib3p97ybHMdj-mSwAvwDGZsUplC0W8j79hDLbEyt4rRRsc.RD-ZusuknzzNJEQwUdBnNUgT4NbgXfMrZD-cLbs7Izg&dib_tag=se&keywords=tamron%2B24-150mm%2Bsony&qid=1755253413&sprefix=tamron%2B24-150mm%2Bson,aps,332&sr=8-8&th=1&linkCode=sl1&tag=carltomich-22&linkId=369f0dc13ba29944c2261e58637d5916&language=en_AU&ref_=as_li_ss_tl",yes,n/a,no,no,no,missing target=_blank; missing rel nofollow sponsored
https://www.carltravels.com/melbournetravelguide.html,melbournetravelguide.html,458,Amazon Associates,RØDE Wireless PRO,https://amzn.to/4oHMXTy,200,"https://www.amazon.com.au/R%C3%98DE-Microphone-Recording-Microphones-Filmmaking/dp/B0CB2HGR9Q?crid=EGFFU6UZWCLT&dib=eyJ2IjoiMSJ9.DGm925iQklRK-0FmBcE9db-XNNBHUbEQUmSpGwxYevTWsXHx1AB2Ujp56lEEJfYAXcz8f7ItdheKMJJEt3fbcFJwLM0qbJZFbyXmeGeum-sa0VEabMsoDLY8CTncKG_wcQknrVxzofZHSnY2hjgptBqrzbKBtON6CpGKjvZLWJbF12me_IIzxbcIdQ8xyAiv4MZEEmpSth_cBUSNn31q0t3k7bBm6YhlZLAdCOz86vQKfMf3dxTZHnqFsWMWlUF7v0fy7dJRty-80-hdaPlVDfUAYTPOMRmPYrwuoDhkGHE.Jyv_XTXDBOYqJ4Rg5nZ0RKMDurBNR5Nag68iZPXdLmc&dib_tag=se&keywords=rode%2Bwireless%2Bpro&qid=1755253496&sprefix=Rode%2Bwirle,aps,388&sr=8-3&th=1&linkCode=sl1&tag=carltomich-22&linkId=c45e7c55dd1516f0f8708eea1e3df28d&language=en_AU&ref_=as_li_ss_tl",yes,n/a,no,no,no,missing target=_blank; missing rel nofollow sponsored
https://www.carltravels.com/melbournetravelguide.html,melbournetravelguide.html,459,Amazon Associates,Think Tank Backpack,https://amzn.to/467fEAU,200,"https://www.amazon.com/Think-Tank-Airport-Commuter-Backpack/dp/B0083GQI5Y?crid=2DUIR27E54VFF&dib=eyJ2IjoiMSJ9.9XG5TZXY0VQe_JM4tf_rYqZTZVCpD3yhgWrqqRz7QRe2p5T785DRre0iq_knj0lCgwWu61gX6gQhU1gnkpa0Oy5NL2IJTmQqwU2OgKZOy7CJNXpEWJDXjz5XMOXhk-qfM1nF08sucPDsn0dmURafC38s2OcI8cViV1Q67OF01Sr2OmjeufUSQg0GHKX3twaAL-kI-4oLThlIo3FD4R9r9a-4ZQqUBJQ7iiDS97TIM2g.yGwuqwlPiTaZdkN4hPtMx2ru_ylVkLWkPPgvjFU3Vo4&dib_tag=se&keywords=thinktank+travel+backpack&qid=1757035483&sprefix=thinktank+travel+backpac,aps,316&sr=8-3&linkCode=sl1&tag=carltomichtec-20&linkId=5a1043bdd87861e72327b4d1be2226de&language=en_US&ref_=as_li_ss_tl",yes,n/a,no,no,no,missing target=_blank; missing rel nofollow sponsored
https://www.carltravels.com/melbournetravelguide.html,melbournetravelguide.html,465,Amazon Associates,DJI Flip,https://amzn.to/41zmAVV,200,"https://www.amazon.com.au/DJI-Controller-Takeoff-Intelligent-Batteries/dp/B0DJ1FKDGP?crid=27CLM6RRHHRB4&dib=eyJ2IjoiMSJ9.xHJwj2C5oeF6OHTI195Mdn3sPKEY3lQQtbR1Ffinq4nZrf0vJkhLIitjW3VBJOJxwyVeE4yQAuXGFbWTEwFrlWWsax_d6SMbu6MShKn__FMm0mh-GoBsHRxdET8U2ZnqpxXklLfQqiThEX0uRx_FzYCEWuAVyvXSelhqtv3be5YD_EsWRzMIULJGPJlSUrdUmmEa5c91FR8syo0ZeIfK0g6nYhVRBSfryUO8DyP7t9w0yINa3lmqQbKaTVkAljF0zY95g7ligNcgPIUNDRqXXx8IdElfmIcz-LTDbcXZCVY.BHpsQw5p_iwN_R_6cb79XAe-ZNr3mHBd-DXY4w99rs8&dib_tag=se&keywords=dji%2Bflip&qid=1757034937&sprefix=dji%2Bflip,aps,261&sr=8-1&th=1&linkCode=sl1&tag=carltomich-22&linkId=086f0f4dda5311ea4c0fa2a020c7fc62&language=en_AU&ref_=as_li_ss_tl",yes,n/a,no,no,no,missing target=_blank; missing rel nofollow sponsored
https://www.carltravels.com/melbournetravelguide.html,melbournetravelguide.html,466,Amazon Associates,Sony A7C II,https://amzn.to/45Qk2Fw,200,"https://www.amazon.com.au/Sony-Alpha-System-Camera-28-60mm/dp/B0CGFBMNDH?crid=Y4V8WSCJABT6&dib=eyJ2IjoiMSJ9.ev7c1E-3pbpbmadeh7VdWGGGwBPVPgenkV33RBsEipu2uXVpDOT-4N719LE8z5ZZkuiatxECfZOdzpPy6zsWyTaCC9-YjTsjmmcZSgzVbtIhv6nwiqrhip-8XLyFVM8TJI0S9CtfzEuF20mZcy_wovPC1FlRfSxCGu-1DiuOJ6Z2es25G9g5miw4rVwdl2YcxPhn0n3sJchrolpd3esOjIp0QaLGvz7n3uFMc-O48l4pYSj__YDttER8crkPx69f7mSxS8ujQijijWSjmj4h9XUlNdHSaq2KQBm7l6vTkyg.johmDKkudmYJ6Vp3A83ZS0WmLiuItffyIHcQrNpcTpM&dib_tag=se&keywords=sony%2Ba7cii&qid=1757035042&sprefix=sony%2Ba7cii,aps,242&sr=8-7&th=1&linkCode=sl1&tag=carltomich-22&linkId=e6839e00766785a47c09e7449989c441&language=en_AU&ref_=as_li_ss_tl",yes,n/a,no,no,no,missing target=_blank; missing rel nofollow sponsored
https://www.carltravels.com/melbournetravelguide.html,melbournetravelguide.html,467,Amazon Associates,DJI Osmo Pocket 3,https://amzn.to/4gaYLJZ,200,"https://www.amazon.com.au/DJI-Stabilization-Rotatable-Touchscreen-Photography/dp/B0CG19QXWD?crid=3SHCFANSRK2GV&dib=eyJ2IjoiMSJ9.hn-IKcsoi27x5Xtepf1O0xSEJ-Xc0yIsZ5hiLNsRo0_pnL0HwMARDMaGpGot5vRUIoisskZuJLNO1vrHcsMAQPRIRCdFRvFwlfyVPydN5FfkKgbYw0s29BMkgJiljvn0_ugxYU6JZ9cLZJ8Oj30vFVBWWAWBuepYqTkzRyVqmr2ii2X5OCrM6ae484zpYvqQCRiXcJMt0dgPItUfZ0RL6z-y7KTTesad4agjzTRTAcf1lSsm2yEzEH72afh7B2OEGD2c87RWuC02g7fgtlSVS8E50gbD3A0TmSTnzJ8VLKQ.Bx4cRITeVOMwGs0D0DKW1fgGx14CLCMyLTVRjMuItUs&dib_tag=se&keywords=dji%2Bosmo%2Bpocket%2B3&qid=1757035105&sprefix=DJI,aps,491&sr=8-5&th=1&linkCode=sl1&tag=carltomich-22&linkId=6c45d0909c1797b83d49c364f2b311b2&language=en_AU&ref_=as_li_ss_tl",yes,n/a,no,no,no,missing target=_blank; missing rel nofollow sponsored
https://www.carltravels.com/melbournetravelguide.html,melbournetravelguide.html,468,Amazon Associates,Tamron 24–200,https://amzn.to/4n73D5P,200,"https://www.amazon.com.au/Tamron-28-200-2-8-5-6-Mirrorless-Mount/dp/B08B34HWKV?crid=2KXUS0I4U82EM&dib=eyJ2IjoiMSJ9.CirVtLEYR7BE9okHzn54invQLY0R2IpCxFbXtvO1NnS3N7bkvewO8f1Yq8HoRp8by7g8fCAGFxwZReQZiHGIleWQhBiyxX6NqLuWc2JcY0SatfWtItHN56up3Chh0D8MWnZx1sZMHuhw7JMF1wW-t-_JV04YdmuFHxRHCAkZE68WtA-D3L-Dzu4PGUjAvPjTp5SldK7-BzyvSBMXmLxJIRehuwg0-GotkfHE9WlIC_4H_U3a4PyQdb9pUPOs3wgOSlpAZtRp5xUnt9EVdnDOoa8N5AFkcblsba8g9gFHmgg.ywMyfDborErcaHwGfqjwuU9BKivzUuvVcowT6gYYSgc&dib_tag=se&keywords=Tamron%2B28%E2%80%93200mm%2B(Full-Frame)&qid=1757035157&sprefix=tamron%2B28%2B200mm%2Bfull-frame%2B,aps,322&sr=8-1&th=1&linkCode=sl1&tag=carltomich-22&linkId=48c5cc0e9d510609bb5d001f6a9afffc&language=en_AU&ref_=as_li_ss_tl",yes,n/a,no,no,no,missing target=_blank; missing rel nofollow sponsored
https://www.carltravels.com/melbournetravelguide.html,melbournetravelguide.html,469,Amazon Associates,RØDE Wireless PRO,https://amzn.to/46kv8CG,200,"https://www.amazon.com.au/R%C3%98DE-Microphone-Recording-Microphones-Filmmaking/dp/B0CB2HGR9Q?crid=2CDBT69BZHLYA&dib=eyJ2IjoiMSJ9.Fwy-kxiSUMPxfuFncUDsU_A5ghupefIniz-REQnE6cTWsXHx1AB2Ujp56lEEJfYAXcz8f7ItdheKMJJEt3fbcDMaXA9z2vvl2SUhzXgbV4Ukq3M5KEeOMdSPoj2cooPZeZPhHMSlekWnOVWq4c0QaOzHxx6P7Hyvkb1eAIDVxOLyj1OA_3uyhvfsRMAssRUi_DZnq7KAobBNLtcDs2i8qN-URdgmgdbkNRbQvdaF9rucUW2oiHlnh0JMDv_DLbLkroYoa-fywaWO7QG159ijgMSHpfo0uXgaCvS9UJEj_s0.c_FuiqtAbfwdPKd4F4lJZzRIPwBnxfR6xx2cadHO14I&dib_tag=se&keywords=rode%2Bwireless%2Bpro&qid=1757035251&sprefix=rode%2Bw,aps,347&sr=8-5&th=1&linkCode=sl1&tag=carltomich-22&linkId=5c5361991d8e56b532939c61e269e8be&language=en_AU&ref_=as_li_ss_tl",yes,n/a,no,no,no,missing target=_blank; missing rel nofollow sponsored
https://www.carltravels.com/melbournetravelguide.html,melbournetravelguide.html,470,Amazon Associates,Think Tank Backpack,https://amzn.to/3I5mApV,200,"https://www.amazon.com.au/Think-Photo-Airport-Commuter-Backpack/dp/B0083GQI5Y?crid=C0BCCANHIF1P&dib=eyJ2IjoiMSJ9.FP6oWa3JfVz8mPQHHtuj2j56z3fDBCwLggHr6aC_VQkOVxUS8E-jSv8mMw2xvwAwKKp3yS3EAZDahiqzg1lUnJ4OI4bd4xC6w4ixKLoGdQQzlllNF5w7ZnNwMLs2cJUeG6JrDAmhFlIOVrQUbQfDbizfr5yKJOBszOQia6SfusuS4weSmOcfJvJKrX1mPtUZWqSiIfvSDzHdKlE3g8kCUmOJ15MWf_Y1bSIbO8NTex-o5CV-I2CF9MLgeMPW8TqjqtcJhcqbNXq4StxmCGriYFO89wZjALKw2reJs6HtCIw.qhwKjNiiihdX328DrvLyHXcJLf0AWPHeRP_c-KJrh90&dib_tag=se&keywords=thinktank%2Btravel%2Bcommuter&qid=1757035351&sprefix=thinktank%2Btravel%2Bcommuter,aps,269&sr=8-4&th=1&psc=1&linkCode=sl1&tag=carltomich-22&linkId=500149597f5ad39a813be7771a3c54f0&language=en_AU&ref_=as_li_ss_tl",yes,n/a,no,no,no,missing target=_blank; missing rel nofollow sponsored
https://www.carltravels.com/melbournetravelguide.html,melbournetravelguide.html,494,Saily eSIM,👉 Activate your eSIM now,https://go.saily.site/aff_c?offer_id=101&aff_id=12234,403,https://saily.com/special/?utm_source=12234&utm_medium=affiliate&utm_campaign=101&aff_transaction_id=102671cde85b9dc60aa1208c946ed9&aff_sub=&aff_offer_id=101&aff_id=12234&url={url}&utm_content=&params[ho_asub1]=,yes,no,yes,no,no,not working or blocked; missing CARLRI5370; old Saily affiliate URL format; missing rel nofollow sponsored
https://www.carltravels.com/mytop10travelhacks.html,mytop10travelhacks.html,336,Saily eSIM,Saily,https://www.saily.com/?referral=CARLRI5370,403,https://saily.com/?referral=CARLRI5370,yes,yes,yes,no,no,not working or blocked; missing rel nofollow sponsored
https://www.carltravels.com/mytop10travelhacks.html,mytop10travelhacks.html,346,Travel booking/activity,Booking.com,https://www.booking.com,202,https://www.booking.com,no,n/a,yes,no,no,missing tracking; missing rel nofollow sponsored
https://www.carltravels.com/mytop10travelhacks.html,mytop10travelhacks.html,479,Saily eSIM,👉 Activate your eSIM now,https://go.saily.site/aff_c?offer_id=101&aff_id=12234,403,https://saily.com/special/?utm_source=12234&utm_medium=affiliate&utm_campaign=101&aff_transaction_id=102671cde85b9dc60aa1208c946ed9&aff_sub=&aff_offer_id=101&aff_id=12234&url={url}&utm_content=&params[ho_asub1]=,yes,no,yes,no,no,not working or blocked; missing CARLRI5370; old Saily affiliate URL format; missing rel nofollow sponsored
https://www.carltravels.com/ninhbinhtravelguide.html,ninhbinhtravelguide.html,440,Wise,Sign up here,https://wise.com/invite/irhc/carlt62,200,https://wise.com/invite/irhc/carlt62,yes,n/a,no,no,no,missing target=_blank; missing rel nofollow sponsored
https://www.carltravels.com/ninhbinhtravelguide.html,ninhbinhtravelguide.html,446,Dehancer,dehancer.com/subscribe,https://www.dehancer.com/pricing/monthly,200,https://www.dehancer.com/pricing/monthly,no,n/a,no,no,no,missing tracking; missing target=_blank; missing rel nofollow sponsored
https://www.carltravels.com/ninhbinhtravelguide.html,ninhbinhtravelguide.html,453,Amazon Associates,DJI Flip,https://amzn.to/45iZULT,200,"https://www.amazon.com.au/DJI-Controller-Takeoff-Intelligent-Batteries/dp/B0DJ1FKDGP?crid=2R4BEGV4GCOVO&dib=eyJ2IjoiMSJ9.B3ZGiV_NB4CWvaKZC46HHhqNPIONGEffr9hyQ7doXp3AXko2J8XgtkAXDGsuiEAotNNI2PbCB1AYBnn8BEqRKQmDgWoDst39DJE8gasnXCLc-jUhcRDkTU-kNRFzDwVNjg3G3I5emTMygueqNFSxWtlrc8daGW3mi4t632aghZDCMYSRFrI9w-WsipGgN-AlFd9MHv5fvM5SOZdJ3ZRc3S6dP5ZdvaJbD8dpLuwD9xBibVGNVEA8sqdNPUGc1-QA6emRyHoQcDY9W1wK8g5M_GK-2rSHwY-u6nRI0GtXeD4.0l6QuT-oAkSZ2X00AMSTCdok07QQfjyAKzBb_DdWawE&dib_tag=se&keywords=dji%2Bflip&qid=1755253304&sprefix=dji%2B,aps,500&sr=8-1&th=1&linkCode=sl1&tag=sonymoviemast-22&linkId=3f5281eb31b07e511b695e37c70531d8&language=en_AU&ref_=as_li_ss_tl",yes,n/a,no,no,no,missing target=_blank; missing rel nofollow sponsored
https://www.carltravels.com/ninhbinhtravelguide.html,ninhbinhtravelguide.html,454,Amazon Associates,Sony A7C II,https://amzn.to/4mHhQ8H,200,"https://www.amazon.com.au/Alpha-Full-Frame-Interchangeable-Lens-Camera/dp/B0CGTTVYGM?crid=3UFGY3ITUFRIG&dib=eyJ2IjoiMSJ9.ev7c1E-3pbpbmadeh7VdWFcGksbpaD0LcfMpyGiafmIkmo2jGBt5M2E9J5fx_zQvYoa9cwkYx9Ms4314aD_KvlRP7kN7v44y5OVvwCe0hrwu3EmNb_ynMVmokWAEqEhATekuA2inkDK21iarXslKa-cwhVZmzX5YQxtcRmGKFeR772jpYj3HTrPbeI3ZQ4U9pdrLR2LEwE7JqN1U8Zd-BBT_0SJG6AhX8DL4MXBQZGSJ8ZS-_aLCTtitWZHc2pdFMTaRj76KAi4xLj1fzwW26k4n3Tyl4DcnDLsPS0O6csE.M7nmeQ9rGw5lWrk0OStz3sFcXb6hUUBIYxuSm25RGtM&dib_tag=se&keywords=Sony%2BA7CII&qid=1755253330&sprefix=sony%2Ba7ci,aps,339&sr=8-2&th=1&linkCode=sl1&tag=carltomich-22&linkId=e268d46ab451781fa56ff54460f43b36&language=en_AU&ref_=as_li_ss_tl",yes,n/a,no,no,no,missing target=_blank; missing rel nofollow sponsored
https://www.carltravels.com/ninhbinhtravelguide.html,ninhbinhtravelguide.html,455,Amazon Associates,DJI Pocket 3,https://amzn.to/4miS3UJ,200,"https://www.amazon.com.au/DJI-Vlogging-Stabilization-Tracking-Photography/dp/B0CG19FGQ5?crid=1G6X1VC3KQ5EX&dib=eyJ2IjoiMSJ9.OLzTlYtdM2w0TP6xjlSDCa_ccSbGz-LuIU4RgcQOCNGa_FFl2x1iOz2JX6S15ZXETql3rFDOM9ga-vhK36LgBaVMgdsL9DjJ1rGI703o8l2CU7qjqJgJrjk4bbf-Ae7lDW2VKJCOIhx3uSDXuParcMtR2mX2C58Se55j-iXTxZtUyCT_KpmGnxAiC29MDSrLM27fcIM9hNcLt9qfKC4X0H4XYBQK9QDfGIOYCCdiD5lduJ45hKRSb_vcDqRsfUclWisMqQvRUilvFcJNunY7PQEwXIkjphgmLW2BdwCZLnw.kXFrNmjSvoqF8aSCDLEiVO6jy41xldw8QKHmK03PQpg&dib_tag=se&keywords=DJI%2Bpocket%2B3&qid=1755253366&sprefix=dji%2Bpocket%2B34,aps,341&sr=8-5&th=1&linkCode=sl1&tag=carltomich-22&linkId=f574fc6c948e413d7828caf3917f88c7&language=en_AU&ref_=as_li_ss_tl",yes,n/a,no,no,no,missing target=_blank; missing rel nofollow sponsored
https://www.carltravels.com/ninhbinhtravelguide.html,ninhbinhtravelguide.html,456,Amazon Associates,Tamron 28–200,https://amzn.to/4lvd1hI,200,"https://www.amazon.com.au/Tamron-28-200-2-8-5-6-Mirrorless-Mount/dp/B08B34HWKV?crid=1QEN08AGHDA5P&dib=eyJ2IjoiMSJ9.F-1xObnXZ1qvBYq3zqlPY-NONJhLnpZLBqOzJ3HO5tTaMoqBS6y-yCzp9X2gf74AvY9AfeP0NaxoH7DZ9-baBGYipuEDZdeZDPhnjFQLAPKtme5_4_FG3s6XXvOiBciFRCc2uuwqEeNlASTcgcCCZMSMFQeah9VIUe8nfvKw3waCva02_S3xX9d-JyGDBuG_e3MirkHsz23lqve2L2QVLMa5j0OVts-mmsfQ8VCk2Mk21ZgO9UeZSpWiqPf46ib3p97ybHMdj-mSwAvwDGZsUplC0W8j79hDLbEyt4rRRsc.RD-ZusuknzzNJEQwUdBnNUgT4NbgXfMrZD-cLbs7Izg&dib_tag=se&keywords=tamron%2B24-150mm%2Bsony&qid=1755253413&sprefix=tamron%2B24-150mm%2Bson,aps,332&sr=8-8&th=1&linkCode=sl1&tag=carltomich-22&linkId=369f0dc13ba29944c2261e58637d5916&language=en_AU&ref_=as_li_ss_tl",yes,n/a,no,no,no,missing target=_blank; missing rel nofollow sponsored
https://www.carltravels.com/ninhbinhtravelguide.html,ninhbinhtravelguide.html,457,Amazon Associates,RØDE Wireless PRO,https://amzn.to/4oHMXTy,200,"https://www.amazon.com.au/R%C3%98DE-Microphone-Recording-Microphones-Filmmaking/dp/B0CB2HGR9Q?crid=EGFFU6UZWCLT&dib=eyJ2IjoiMSJ9.DGm925iQklRK-0FmBcE9db-XNNBHUbEQUmSpGwxYevTWsXHx1AB2Ujp56lEEJfYAXcz8f7ItdheKMJJEt3fbcFJwLM0qbJZFbyXmeGeum-sa0VEabMsoDLY8CTncKG_wcQknrVxzofZHSnY2hjgptBqrzbKBtON6CpGKjvZLWJbF12me_IIzxbcIdQ8xyAiv4MZEEmpSth_cBUSNn31q0t3k7bBm6YhlZLAdCOz86vQKfMf3dxTZHnqFsWMWlUF7v0fy7dJRty-80-hdaPlVDfUAYTPOMRmPYrwuoDhkGHE.Jyv_XTXDBOYqJ4Rg5nZ0RKMDurBNR5Nag68iZPXdLmc&dib_tag=se&keywords=rode%2Bwireless%2Bpro&qid=1755253496&sprefix=Rode%2Bwirle,aps,388&sr=8-3&th=1&linkCode=sl1&tag=carltomich-22&linkId=c45e7c55dd1516f0f8708eea1e3df28d&language=en_AU&ref_=as_li_ss_tl",yes,n/a,no,no,no,missing target=_blank; missing rel nofollow sponsored
https://www.carltravels.com/ninhbinhtravelguide.html,ninhbinhtravelguide.html,458,Amazon Associates,Think Tank Backpack,https://amzn.to/467fEAU,200,"https://www.amazon.com/Think-Tank-Airport-Commuter-Backpack/dp/B0083GQI5Y?crid=2DUIR27E54VFF&dib=eyJ2IjoiMSJ9.9XG5TZXY0VQe_JM4tf_rYqZTZVCpD3yhgWrqqRz7QRe2p5T785DRre0iq_knj0lCgwWu61gX6gQhU1gnkpa0Oy5NL2IJTmQqwU2OgKZOy7CJNXpEWJDXjz5XMOXhk-qfM1nF08sucPDsn0dmURafC38s2OcI8cViV1Q67OF01Sr2OmjeufUSQg0GHKX3twaAL-kI-4oLThlIo3FD4R9r9a-4ZQqUBJQ7iiDS97TIM2g.yGwuqwlPiTaZdkN4hPtMx2ru_ylVkLWkPPgvjFU3Vo4&dib_tag=se&keywords=thinktank+travel+backpack&qid=1757035483&sprefix=thinktank+travel+backpac,aps,316&sr=8-3&linkCode=sl1&tag=carltomichtec-20&linkId=5a1043bdd87861e72327b4d1be2226de&language=en_US&ref_=as_li_ss_tl",yes,n/a,no,no,no,missing target=_blank; missing rel nofollow sponsored
https://www.carltravels.com/ninhbinhtravelguide.html,ninhbinhtravelguide.html,464,Amazon Associates,DJI Flip,https://amzn.to/41zmAVV,200,"https://www.amazon.com.au/DJI-Controller-Takeoff-Intelligent-Batteries/dp/B0DJ1FKDGP?crid=27CLM6RRHHRB4&dib=eyJ2IjoiMSJ9.xHJwj2C5oeF6OHTI195Mdn3sPKEY3lQQtbR1Ffinq4nZrf0vJkhLIitjW3VBJOJxwyVeE4yQAuXGFbWTEwFrlWWsax_d6SMbu6MShKn__FMm0mh-GoBsHRxdET8U2ZnqpxXklLfQqiThEX0uRx_FzYCEWuAVyvXSelhqtv3be5YD_EsWRzMIULJGPJlSUrdUmmEa5c91FR8syo0ZeIfK0g6nYhVRBSfryUO8DyP7t9w0yINa3lmqQbKaTVkAljF0zY95g7ligNcgPIUNDRqXXx8IdElfmIcz-LTDbcXZCVY.BHpsQw5p_iwN_R_6cb79XAe-ZNr3mHBd-DXY4w99rs8&dib_tag=se&keywords=dji%2Bflip&qid=1757034937&sprefix=dji%2Bflip,aps,261&sr=8-1&th=1&linkCode=sl1&tag=carltomich-22&linkId=086f0f4dda5311ea4c0fa2a020c7fc62&language=en_AU&ref_=as_li_ss_tl",yes,n/a,no,no,no,missing target=_blank; missing rel nofollow sponsored
https://www.carltravels.com/ninhbinhtravelguide.html,ninhbinhtravelguide.html,465,Amazon Associates,Sony A7C II,https://amzn.to/45Qk2Fw,200,"https://www.amazon.com.au/Sony-Alpha-System-Camera-28-60mm/dp/B0CGFBMNDH?crid=Y4V8WSCJABT6&dib=eyJ2IjoiMSJ9.ev7c1E-3pbpbmadeh7VdWGGGwBPVPgenkV33RBsEipu2uXVpDOT-4N719LE8z5ZZkuiatxECfZOdzpPy6zsWyTaCC9-YjTsjmmcZSgzVbtIhv6nwiqrhip-8XLyFVM8TJI0S9CtfzEuF20mZcy_wovPC1FlRfSxCGu-1DiuOJ6Z2es25G9g5miw4rVwdl2YcxPhn0n3sJchrolpd3esOjIp0QaLGvz7n3uFMc-O48l4pYSj__YDttER8crkPx69f7mSxS8ujQijijWSjmj4h9XUlNdHSaq2KQBm7l6vTkyg.johmDKkudmYJ6Vp3A83ZS0WmLiuItffyIHcQrNpcTpM&dib_tag=se&keywords=sony%2Ba7cii&qid=1757035042&sprefix=sony%2Ba7cii,aps,242&sr=8-7&th=1&linkCode=sl1&tag=carltomich-22&linkId=e6839e00766785a47c09e7449989c441&language=en_AU&ref_=as_li_ss_tl",yes,n/a,no,no,no,missing target=_blank; missing rel nofollow sponsored
https://www.carltravels.com/ninhbinhtravelguide.html,ninhbinhtravelguide.html,466,Amazon Associates,DJI Osmo Pocket 3,https://amzn.to/4gaYLJZ,200,"https://www.amazon.com.au/DJI-Stabilization-Rotatable-Touchscreen-Photography/dp/B0CG19QXWD?crid=3SHCFANSRK2GV&dib=eyJ2IjoiMSJ9.hn-IKcsoi27x5Xtepf1O0xSEJ-Xc0yIsZ5hiLNsRo0_pnL0HwMARDMaGpGot5vRUIoisskZuJLNO1vrHcsMAQPRIRCdFRvFwlfyVPydN5FfkKgbYw0s29BMkgJiljvn0_ugxYU6JZ9cLZJ8Oj30vFVBWWAWBuepYqTkzRyVqmr2ii2X5OCrM6ae484zpYvqQCRiXcJMt0dgPItUfZ0RL6z-y7KTTesad4agjzTRTAcf1lSsm2yEzEH72afh7B2OEGD2c87RWuC02g7fgtlSVS8E50gbD3A0TmSTnzJ8VLKQ.Bx4cRITeVOMwGs0D0DKW1fgGx14CLCMyLTVRjMuItUs&dib_tag=se&keywords=dji%2Bosmo%2Bpocket%2B3&qid=1757035105&sprefix=DJI,aps,491&sr=8-5&th=1&linkCode=sl1&tag=carltomich-22&linkId=6c45d0909c1797b83d49c364f2b311b2&language=en_AU&ref_=as_li_ss_tl",yes,n/a,no,no,no,missing target=_blank; missing rel nofollow sponsored
https://www.carltravels.com/ninhbinhtravelguide.html,ninhbinhtravelguide.html,467,Amazon Associates,Tamron 24–200,https://amzn.to/4n73D5P,200,"https://www.amazon.com.au/Tamron-28-200-2-8-5-6-Mirrorless-Mount/dp/B08B34HWKV?crid=2KXUS0I4U82EM&dib=eyJ2IjoiMSJ9.CirVtLEYR7BE9okHzn54invQLY0R2IpCxFbXtvO1NnS3N7bkvewO8f1Yq8HoRp8by7g8fCAGFxwZReQZiHGIleWQhBiyxX6NqLuWc2JcY0SatfWtItHN56up3Chh0D8MWnZx1sZMHuhw7JMF1wW-t-_JV04YdmuFHxRHCAkZE68WtA-D3L-Dzu4PGUjAvPjTp5SldK7-BzyvSBMXmLxJIRehuwg0-GotkfHE9WlIC_4H_U3a4PyQdb9pUPOs3wgOSlpAZtRp5xUnt9EVdnDOoa8N5AFkcblsba8g9gFHmgg.ywMyfDborErcaHwGfqjwuU9BKivzUuvVcowT6gYYSgc&dib_tag=se&keywords=Tamron%2B28%E2%80%93200mm%2B(Full-Frame)&qid=1757035157&sprefix=tamron%2B28%2B200mm%2Bfull-frame%2B,aps,322&sr=8-1&th=1&linkCode=sl1&tag=carltomich-22&linkId=48c5cc0e9d510609bb5d001f6a9afffc&language=en_AU&ref_=as_li_ss_tl",yes,n/a,no,no,no,missing target=_blank; missing rel nofollow sponsored
https://www.carltravels.com/ninhbinhtravelguide.html,ninhbinhtravelguide.html,468,Amazon Associates,RØDE Wireless PRO,https://amzn.to/46kv8CG,200,"https://www.amazon.com.au/R%C3%98DE-Microphone-Recording-Microphones-Filmmaking/dp/B0CB2HGR9Q?crid=2CDBT69BZHLYA&dib=eyJ2IjoiMSJ9.Fwy-kxiSUMPxfuFncUDsU_A5ghupefIniz-REQnE6cTWsXHx1AB2Ujp56lEEJfYAXcz8f7ItdheKMJJEt3fbcDMaXA9z2vvl2SUhzXgbV4Ukq3M5KEeOMdSPoj2cooPZeZPhHMSlekWnOVWq4c0QaOzHxx6P7Hyvkb1eAIDVxOLyj1OA_3uyhvfsRMAssRUi_DZnq7KAobBNLtcDs2i8qN-URdgmgdbkNRbQvdaF9rucUW2oiHlnh0JMDv_DLbLkroYoa-fywaWO7QG159ijgMSHpfo0uXgaCvS9UJEj_s0.c_FuiqtAbfwdPKd4F4lJZzRIPwBnxfR6xx2cadHO14I&dib_tag=se&keywords=rode%2Bwireless%2Bpro&qid=1757035251&sprefix=rode%2Bw,aps,347&sr=8-5&th=1&linkCode=sl1&tag=carltomich-22&linkId=5c5361991d8e56b532939c61e269e8be&language=en_AU&ref_=as_li_ss_tl",yes,n/a,no,no,no,missing target=_blank; missing rel nofollow sponsored
https://www.carltravels.com/ninhbinhtravelguide.html,ninhbinhtravelguide.html,469,Amazon Associates,Think Tank Backpack,https://amzn.to/3I5mApV,200,"https://www.amazon.com.au/Think-Photo-Airport-Commuter-Backpack/dp/B0083GQI5Y?crid=C0BCCANHIF1P&dib=eyJ2IjoiMSJ9.FP6oWa3JfVz8mPQHHtuj2j56z3fDBCwLggHr6aC_VQkOVxUS8E-jSv8mMw2xvwAwKKp3yS3EAZDahiqzg1lUnJ4OI4bd4xC6w4ixKLoGdQQzlllNF5w7ZnNwMLs2cJUeG6JrDAmhFlIOVrQUbQfDbizfr5yKJOBszOQia6SfusuS4weSmOcfJvJKrX1mPtUZWqSiIfvSDzHdKlE3g8kCUmOJ15MWf_Y1bSIbO8NTex-o5CV-I2CF9MLgeMPW8TqjqtcJhcqbNXq4StxmCGriYFO89wZjALKw2reJs6HtCIw.qhwKjNiiihdX328DrvLyHXcJLf0AWPHeRP_c-KJrh90&dib_tag=se&keywords=thinktank%2Btravel%2Bcommuter&qid=1757035351&sprefix=thinktank%2Btravel%2Bcommuter,aps,269&sr=8-4&th=1&psc=1&linkCode=sl1&tag=carltomich-22&linkId=500149597f5ad39a813be7771a3c54f0&language=en_AU&ref_=as_li_ss_tl",yes,n/a,no,no,no,missing target=_blank; missing rel nofollow sponsored
https://www.carltravels.com/ninhbinhtravelguide.html,ninhbinhtravelguide.html,493,Saily eSIM,👉 Activate your eSIM now,https://go.saily.site/aff_c?offer_id=101&aff_id=12234,403,https://saily.com/special/?utm_source=12234&utm_medium=affiliate&utm_campaign=101&aff_transaction_id=102671cde85b9dc60aa1208c946ed9&aff_sub=&aff_offer_id=101&aff_id=12234&url={url}&utm_content=&params[ho_asub1]=,yes,no,yes,no,no,not working or blocked; missing CARLRI5370; old Saily affiliate URL format; missing rel nofollow sponsored
https://www.carltravels.com/nusa-lembongan-travel-guide/,nusa-lembongan-travel-guide/index.html,555,Wise,Sign up here,https://wise.com/invite/irhc/carlt62,200,https://wise.com/invite/irhc/carlt62,yes,n/a,no,no,no,missing target=_blank; missing rel nofollow sponsored
https://www.carltravels.com/nusa-lembongan-travel-guide/,nusa-lembongan-travel-guide/index.html,561,Dehancer,dehancer.com/subscribe,https://www.dehancer.com/pricing/monthly,200,https://www.dehancer.com/pricing/monthly,no,n/a,no,no,no,missing tracking; missing target=_blank; missing rel nofollow sponsored
https://www.carltravels.com/nusa-lembongan-travel-guide/,nusa-lembongan-travel-guide/index.html,568,Amazon Associates,DJI Flip,https://amzn.to/45iZULT,200,"https://www.amazon.com.au/DJI-Controller-Takeoff-Intelligent-Batteries/dp/B0DJ1FKDGP?crid=2R4BEGV4GCOVO&dib=eyJ2IjoiMSJ9.B3ZGiV_NB4CWvaKZC46HHhqNPIONGEffr9hyQ7doXp3AXko2J8XgtkAXDGsuiEAotNNI2PbCB1AYBnn8BEqRKQmDgWoDst39DJE8gasnXCLc-jUhcRDkTU-kNRFzDwVNjg3G3I5emTMygueqNFSxWtlrc8daGW3mi4t632aghZDCMYSRFrI9w-WsipGgN-AlFd9MHv5fvM5SOZdJ3ZRc3S6dP5ZdvaJbD8dpLuwD9xBibVGNVEA8sqdNPUGc1-QA6emRyHoQcDY9W1wK8g5M_GK-2rSHwY-u6nRI0GtXeD4.0l6QuT-oAkSZ2X00AMSTCdok07QQfjyAKzBb_DdWawE&dib_tag=se&keywords=dji%2Bflip&qid=1755253304&sprefix=dji%2B,aps,500&sr=8-1&th=1&linkCode=sl1&tag=sonymoviemast-22&linkId=3f5281eb31b07e511b695e37c70531d8&language=en_AU&ref_=as_li_ss_tl",yes,n/a,no,no,no,missing target=_blank; missing rel nofollow sponsored
https://www.carltravels.com/nusa-lembongan-travel-guide/,nusa-lembongan-travel-guide/index.html,569,Amazon Associates,Sony A7C II,https://amzn.to/4mHhQ8H,200,"https://www.amazon.com.au/Alpha-Full-Frame-Interchangeable-Lens-Camera/dp/B0CGTTVYGM?crid=3UFGY3ITUFRIG&dib=eyJ2IjoiMSJ9.ev7c1E-3pbpbmadeh7VdWFcGksbpaD0LcfMpyGiafmIkmo2jGBt5M2E9J5fx_zQvYoa9cwkYx9Ms4314aD_KvlRP7kN7v44y5OVvwCe0hrwu3EmNb_ynMVmokWAEqEhATekuA2inkDK21iarXslKa-cwhVZmzX5YQxtcRmGKFeR772jpYj3HTrPbeI3ZQ4U9pdrLR2LEwE7JqN1U8Zd-BBT_0SJG6AhX8DL4MXBQZGSJ8ZS-_aLCTtitWZHc2pdFMTaRj76KAi4xLj1fzwW26k4n3Tyl4DcnDLsPS0O6csE.M7nmeQ9rGw5lWrk0OStz3sFcXb6hUUBIYxuSm25RGtM&dib_tag=se&keywords=Sony%2BA7CII&qid=1755253330&sprefix=sony%2Ba7ci,aps,339&sr=8-2&th=1&linkCode=sl1&tag=carltomich-22&linkId=e268d46ab451781fa56ff54460f43b36&language=en_AU&ref_=as_li_ss_tl",yes,n/a,no,no,no,missing target=_blank; missing rel nofollow sponsored
https://www.carltravels.com/nusa-lembongan-travel-guide/,nusa-lembongan-travel-guide/index.html,570,Amazon Associates,DJI Pocket 3,https://amzn.to/4miS3UJ,200,"https://www.amazon.com.au/DJI-Vlogging-Stabilization-Tracking-Photography/dp/B0CG19FGQ5?crid=1G6X1VC3KQ5EX&dib=eyJ2IjoiMSJ9.OLzTlYtdM2w0TP6xjlSDCa_ccSbGz-LuIU4RgcQOCNGa_FFl2x1iOz2JX6S15ZXETql3rFDOM9ga-vhK36LgBaVMgdsL9DjJ1rGI703o8l2CU7qjqJgJrjk4bbf-Ae7lDW2VKJCOIhx3uSDXuParcMtR2mX2C58Se55j-iXTxZtUyCT_KpmGnxAiC29MDSrLM27fcIM9hNcLt9qfKC4X0H4XYBQK9QDfGIOYCCdiD5lduJ45hKRSb_vcDqRsfUclWisMqQvRUilvFcJNunY7PQEwXIkjphgmLW2BdwCZLnw.kXFrNmjSvoqF8aSCDLEiVO6jy41xldw8QKHmK03PQpg&dib_tag=se&keywords=DJI%2Bpocket%2B3&qid=1755253366&sprefix=dji%2Bpocket%2B34,aps,341&sr=8-5&th=1&linkCode=sl1&tag=carltomich-22&linkId=f574fc6c948e413d7828caf3917f88c7&language=en_AU&ref_=as_li_ss_tl",yes,n/a,no,no,no,missing target=_blank; missing rel nofollow sponsored
https://www.carltravels.com/nusa-lembongan-travel-guide/,nusa-lembongan-travel-guide/index.html,571,Amazon Associates,Tamron 28–200,https://amzn.to/4lvd1hI,200,"https://www.amazon.com.au/Tamron-28-200-2-8-5-6-Mirrorless-Mount/dp/B08B34HWKV?crid=1QEN08AGHDA5P&dib=eyJ2IjoiMSJ9.F-1xObnXZ1qvBYq3zqlPY-NONJhLnpZLBqOzJ3HO5tTaMoqBS6y-yCzp9X2gf74AvY9AfeP0NaxoH7DZ9-baBGYipuEDZdeZDPhnjFQLAPKtme5_4_FG3s6XXvOiBciFRCc2uuwqEeNlASTcgcCCZMSMFQeah9VIUe8nfvKw3waCva02_S3xX9d-JyGDBuG_e3MirkHsz23lqve2L2QVLMa5j0OVts-mmsfQ8VCk2Mk21ZgO9UeZSpWiqPf46ib3p97ybHMdj-mSwAvwDGZsUplC0W8j79hDLbEyt4rRRsc.RD-ZusuknzzNJEQwUdBnNUgT4NbgXfMrZD-cLbs7Izg&dib_tag=se&keywords=tamron%2B24-150mm%2Bsony&qid=1755253413&sprefix=tamron%2B24-150mm%2Bson,aps,332&sr=8-8&th=1&linkCode=sl1&tag=carltomich-22&linkId=369f0dc13ba29944c2261e58637d5916&language=en_AU&ref_=as_li_ss_tl",yes,n/a,no,no,no,missing target=_blank; missing rel nofollow sponsored
https://www.carltravels.com/nusa-lembongan-travel-guide/,nusa-lembongan-travel-guide/index.html,572,Amazon Associates,RØDE Wireless PRO,https://amzn.to/4oHMXTy,200,"https://www.amazon.com.au/R%C3%98DE-Microphone-Recording-Microphones-Filmmaking/dp/B0CB2HGR9Q?crid=EGFFU6UZWCLT&dib=eyJ2IjoiMSJ9.DGm925iQklRK-0FmBcE9db-XNNBHUbEQUmSpGwxYevTWsXHx1AB2Ujp56lEEJfYAXcz8f7ItdheKMJJEt3fbcFJwLM0qbJZFbyXmeGeum-sa0VEabMsoDLY8CTncKG_wcQknrVxzofZHSnY2hjgptBqrzbKBtON6CpGKjvZLWJbF12me_IIzxbcIdQ8xyAiv4MZEEmpSth_cBUSNn31q0t3k7bBm6YhlZLAdCOz86vQKfMf3dxTZHnqFsWMWlUF7v0fy7dJRty-80-hdaPlVDfUAYTPOMRmPYrwuoDhkGHE.Jyv_XTXDBOYqJ4Rg5nZ0RKMDurBNR5Nag68iZPXdLmc&dib_tag=se&keywords=rode%2Bwireless%2Bpro&qid=1755253496&sprefix=Rode%2Bwirle,aps,388&sr=8-3&th=1&linkCode=sl1&tag=carltomich-22&linkId=c45e7c55dd1516f0f8708eea1e3df28d&language=en_AU&ref_=as_li_ss_tl",yes,n/a,no,no,no,missing target=_blank; missing rel nofollow sponsored
https://www.carltravels.com/nusa-lembongan-travel-guide/,nusa-lembongan-travel-guide/index.html,573,Amazon Associates,Think Tank Backpack,https://amzn.to/467fEAU,200,"https://www.amazon.com/Think-Tank-Airport-Commuter-Backpack/dp/B0083GQI5Y?crid=2DUIR27E54VFF&dib=eyJ2IjoiMSJ9.9XG5TZXY0VQe_JM4tf_rYqZTZVCpD3yhgWrqqRz7QRe2p5T785DRre0iq_knj0lCgwWu61gX6gQhU1gnkpa0Oy5NL2IJTmQqwU2OgKZOy7CJNXpEWJDXjz5XMOXhk-qfM1nF08sucPDsn0dmURafC38s2OcI8cViV1Q67OF01Sr2OmjeufUSQg0GHKX3twaAL-kI-4oLThlIo3FD4R9r9a-4ZQqUBJQ7iiDS97TIM2g.yGwuqwlPiTaZdkN4hPtMx2ru_ylVkLWkPPgvjFU3Vo4&dib_tag=se&keywords=thinktank+travel+backpack&qid=1757035483&sprefix=thinktank+travel+backpac,aps,316&sr=8-3&linkCode=sl1&tag=carltomichtec-20&linkId=5a1043bdd87861e72327b4d1be2226de&language=en_US&ref_=as_li_ss_tl",yes,n/a,no,no,no,missing target=_blank; missing rel nofollow sponsored
https://www.carltravels.com/nusa-lembongan-travel-guide/,nusa-lembongan-travel-guide/index.html,579,Amazon Associates,DJI Flip,https://amzn.to/41zmAVV,200,"https://www.amazon.com.au/DJI-Controller-Takeoff-Intelligent-Batteries/dp/B0DJ1FKDGP?crid=27CLM6RRHHRB4&dib=eyJ2IjoiMSJ9.xHJwj2C5oeF6OHTI195Mdn3sPKEY3lQQtbR1Ffinq4nZrf0vJkhLIitjW3VBJOJxwyVeE4yQAuXGFbWTEwFrlWWsax_d6SMbu6MShKn__FMm0mh-GoBsHRxdET8U2ZnqpxXklLfQqiThEX0uRx_FzYCEWuAVyvXSelhqtv3be5YD_EsWRzMIULJGPJlSUrdUmmEa5c91FR8syo0ZeIfK0g6nYhVRBSfryUO8DyP7t9w0yINa3lmqQbKaTVkAljF0zY95g7ligNcgPIUNDRqXXx8IdElfmIcz-LTDbcXZCVY.BHpsQw5p_iwN_R_6cb79XAe-ZNr3mHBd-DXY4w99rs8&dib_tag=se&keywords=dji%2Bflip&qid=1757034937&sprefix=dji%2Bflip,aps,261&sr=8-1&th=1&linkCode=sl1&tag=carltomich-22&linkId=086f0f4dda5311ea4c0fa2a020c7fc62&language=en_AU&ref_=as_li_ss_tl",yes,n/a,no,no,no,missing target=_blank; missing rel nofollow sponsored
https://www.carltravels.com/nusa-lembongan-travel-guide/,nusa-lembongan-travel-guide/index.html,580,Amazon Associates,Sony A7C II,https://amzn.to/45Qk2Fw,200,"https://www.amazon.com.au/Sony-Alpha-System-Camera-28-60mm/dp/B0CGFBMNDH?crid=Y4V8WSCJABT6&dib=eyJ2IjoiMSJ9.ev7c1E-3pbpbmadeh7VdWGGGwBPVPgenkV33RBsEipu2uXVpDOT-4N719LE8z5ZZkuiatxECfZOdzpPy6zsWyTaCC9-YjTsjmmcZSgzVbtIhv6nwiqrhip-8XLyFVM8TJI0S9CtfzEuF20mZcy_wovPC1FlRfSxCGu-1DiuOJ6Z2es25G9g5miw4rVwdl2YcxPhn0n3sJchrolpd3esOjIp0QaLGvz7n3uFMc-O48l4pYSj__YDttER8crkPx69f7mSxS8ujQijijWSjmj4h9XUlNdHSaq2KQBm7l6vTkyg.johmDKkudmYJ6Vp3A83ZS0WmLiuItffyIHcQrNpcTpM&dib_tag=se&keywords=sony%2Ba7cii&qid=1757035042&sprefix=sony%2Ba7cii,aps,242&sr=8-7&th=1&linkCode=sl1&tag=carltomich-22&linkId=e6839e00766785a47c09e7449989c441&language=en_AU&ref_=as_li_ss_tl",yes,n/a,no,no,no,missing target=_blank; missing rel nofollow sponsored
https://www.carltravels.com/nusa-lembongan-travel-guide/,nusa-lembongan-travel-guide/index.html,581,Amazon Associates,DJI Osmo Pocket 3,https://amzn.to/4gaYLJZ,200,"https://www.amazon.com.au/DJI-Stabilization-Rotatable-Touchscreen-Photography/dp/B0CG19QXWD?crid=3SHCFANSRK2GV&dib=eyJ2IjoiMSJ9.hn-IKcsoi27x5Xtepf1O0xSEJ-Xc0yIsZ5hiLNsRo0_pnL0HwMARDMaGpGot5vRUIoisskZuJLNO1vrHcsMAQPRIRCdFRvFwlfyVPydN5FfkKgbYw0s29BMkgJiljvn0_ugxYU6JZ9cLZJ8Oj30vFVBWWAWBuepYqTkzRyVqmr2ii2X5OCrM6ae484zpYvqQCRiXcJMt0dgPItUfZ0RL6z-y7KTTesad4agjzTRTAcf1lSsm2yEzEH72afh7B2OEGD2c87RWuC02g7fgtlSVS8E50gbD3A0TmSTnzJ8VLKQ.Bx4cRITeVOMwGs0D0DKW1fgGx14CLCMyLTVRjMuItUs&dib_tag=se&keywords=dji%2Bosmo%2Bpocket%2B3&qid=1757035105&sprefix=DJI,aps,491&sr=8-5&th=1&linkCode=sl1&tag=carltomich-22&linkId=6c45d0909c1797b83d49c364f2b311b2&language=en_AU&ref_=as_li_ss_tl",yes,n/a,no,no,no,missing target=_blank; missing rel nofollow sponsored
https://www.carltravels.com/nusa-lembongan-travel-guide/,nusa-lembongan-travel-guide/index.html,582,Amazon Associates,Tamron 24–200,https://amzn.to/4n73D5P,200,"https://www.amazon.com.au/Tamron-28-200-2-8-5-6-Mirrorless-Mount/dp/B08B34HWKV?crid=2KXUS0I4U82EM&dib=eyJ2IjoiMSJ9.CirVtLEYR7BE9okHzn54invQLY0R2IpCxFbXtvO1NnS3N7bkvewO8f1Yq8HoRp8by7g8fCAGFxwZReQZiHGIleWQhBiyxX6NqLuWc2JcY0SatfWtItHN56up3Chh0D8MWnZx1sZMHuhw7JMF1wW-t-_JV04YdmuFHxRHCAkZE68WtA-D3L-Dzu4PGUjAvPjTp5SldK7-BzyvSBMXmLxJIRehuwg0-GotkfHE9WlIC_4H_U3a4PyQdb9pUPOs3wgOSlpAZtRp5xUnt9EVdnDOoa8N5AFkcblsba8g9gFHmgg.ywMyfDborErcaHwGfqjwuU9BKivzUuvVcowT6gYYSgc&dib_tag=se&keywords=Tamron%2B28%E2%80%93200mm%2B(Full-Frame)&qid=1757035157&sprefix=tamron%2B28%2B200mm%2Bfull-frame%2B,aps,322&sr=8-1&th=1&linkCode=sl1&tag=carltomich-22&linkId=48c5cc0e9d510609bb5d001f6a9afffc&language=en_AU&ref_=as_li_ss_tl",yes,n/a,no,no,no,missing target=_blank; missing rel nofollow sponsored
https://www.carltravels.com/nusa-lembongan-travel-guide/,nusa-lembongan-travel-guide/index.html,583,Amazon Associates,RØDE Wireless PRO,https://amzn.to/46kv8CG,200,"https://www.amazon.com.au/R%C3%98DE-Microphone-Recording-Microphones-Filmmaking/dp/B0CB2HGR9Q?crid=2CDBT69BZHLYA&dib=eyJ2IjoiMSJ9.Fwy-kxiSUMPxfuFncUDsU_A5ghupefIniz-REQnE6cTWsXHx1AB2Ujp56lEEJfYAXcz8f7ItdheKMJJEt3fbcDMaXA9z2vvl2SUhzXgbV4Ukq3M5KEeOMdSPoj2cooPZeZPhHMSlekWnOVWq4c0QaOzHxx6P7Hyvkb1eAIDVxOLyj1OA_3uyhvfsRMAssRUi_DZnq7KAobBNLtcDs2i8qN-URdgmgdbkNRbQvdaF9rucUW2oiHlnh0JMDv_DLbLkroYoa-fywaWO7QG159ijgMSHpfo0uXgaCvS9UJEj_s0.c_FuiqtAbfwdPKd4F4lJZzRIPwBnxfR6xx2cadHO14I&dib_tag=se&keywords=rode%2Bwireless%2Bpro&qid=1757035251&sprefix=rode%2Bw,aps,347&sr=8-5&th=1&linkCode=sl1&tag=carltomich-22&linkId=5c5361991d8e56b532939c61e269e8be&language=en_AU&ref_=as_li_ss_tl",yes,n/a,no,no,no,missing target=_blank; missing rel nofollow sponsored
https://www.carltravels.com/nusa-lembongan-travel-guide/,nusa-lembongan-travel-guide/index.html,584,Amazon Associates,Think Tank Backpack,https://amzn.to/3I5mApV,200,"https://www.amazon.com.au/Think-Photo-Airport-Commuter-Backpack/dp/B0083GQI5Y?crid=C0BCCANHIF1P&dib=eyJ2IjoiMSJ9.FP6oWa3JfVz8mPQHHtuj2j56z3fDBCwLggHr6aC_VQkOVxUS8E-jSv8mMw2xvwAwKKp3yS3EAZDahiqzg1lUnJ4OI4bd4xC6w4ixKLoGdQQzlllNF5w7ZnNwMLs2cJUeG6JrDAmhFlIOVrQUbQfDbizfr5yKJOBszOQia6SfusuS4weSmOcfJvJKrX1mPtUZWqSiIfvSDzHdKlE3g8kCUmOJ15MWf_Y1bSIbO8NTex-o5CV-I2CF9MLgeMPW8TqjqtcJhcqbNXq4StxmCGriYFO89wZjALKw2reJs6HtCIw.qhwKjNiiihdX328DrvLyHXcJLf0AWPHeRP_c-KJrh90&dib_tag=se&keywords=thinktank%2Btravel%2Bcommuter&qid=1757035351&sprefix=thinktank%2Btravel%2Bcommuter,aps,269&sr=8-4&th=1&psc=1&linkCode=sl1&tag=carltomich-22&linkId=500149597f5ad39a813be7771a3c54f0&language=en_AU&ref_=as_li_ss_tl",yes,n/a,no,no,no,missing target=_blank; missing rel nofollow sponsored
https://www.carltravels.com/nusa-lembongan-travel-guide/,nusa-lembongan-travel-guide/index.html,606,Saily eSIM,👉 Activate your eSIM now,https://go.saily.site/aff_c?offer_id=101&aff_id=12234,403,https://saily.com/special/?utm_source=12234&utm_medium=affiliate&utm_campaign=101&aff_transaction_id=102671cde85b9dc60aa1208c946ed9&aff_sub=&aff_offer_id=101&aff_id=12234&url={url}&utm_content=&params[ho_asub1]=,yes,no,yes,no,no,not working or blocked; missing CARLRI5370; old Saily affiliate URL format; missing rel nofollow sponsored
https://www.carltravels.com/old-quarter-scams-hanoi.html,old-quarter-scams-hanoi.html,497,Saily eSIM,👉 Activate your eSIM now,https://go.saily.site/aff_c?offer_id=101&aff_id=12234,403,https://saily.com/special/?utm_source=12234&utm_medium=affiliate&utm_campaign=101&aff_transaction_id=102671cde85b9dc60aa1208c946ed9&aff_sub=&aff_offer_id=101&aff_id=12234&url={url}&utm_content=&params[ho_asub1]=,yes,no,yes,no,no,not working or blocked; missing CARLRI5370; old Saily affiliate URL format; missing rel nofollow sponsored
https://www.carltravels.com/one-day-in-hcmc-guide.html,one-day-in-hcmc-guide.html,384,Wise,Sign up here,https://wise.com/invite/irhc/carlt62,200,https://wise.com/invite/irhc/carlt62,yes,n/a,no,no,no,missing target=_blank; missing rel nofollow sponsored
https://www.carltravels.com/one-day-in-hcmc-guide.html,one-day-in-hcmc-guide.html,390,Dehancer,dehancer.com/subscribe,https://www.dehancer.com/pricing/monthly,200,https://www.dehancer.com/pricing/monthly,no,n/a,no,no,no,missing tracking; missing target=_blank; missing rel nofollow sponsored
https://www.carltravels.com/one-day-in-hcmc-guide.html,one-day-in-hcmc-guide.html,397,Amazon Associates,DJI Flip,https://amzn.to/45iZULT,200,"https://www.amazon.com.au/DJI-Controller-Takeoff-Intelligent-Batteries/dp/B0DJ1FKDGP?crid=2R4BEGV4GCOVO&dib=eyJ2IjoiMSJ9.B3ZGiV_NB4CWvaKZC46HHhqNPIONGEffr9hyQ7doXp3AXko2J8XgtkAXDGsuiEAotNNI2PbCB1AYBnn8BEqRKQmDgWoDst39DJE8gasnXCLc-jUhcRDkTU-kNRFzDwVNjg3G3I5emTMygueqNFSxWtlrc8daGW3mi4t632aghZDCMYSRFrI9w-WsipGgN-AlFd9MHv5fvM5SOZdJ3ZRc3S6dP5ZdvaJbD8dpLuwD9xBibVGNVEA8sqdNPUGc1-QA6emRyHoQcDY9W1wK8g5M_GK-2rSHwY-u6nRI0GtXeD4.0l6QuT-oAkSZ2X00AMSTCdok07QQfjyAKzBb_DdWawE&dib_tag=se&keywords=dji%2Bflip&qid=1755253304&sprefix=dji%2B,aps,500&sr=8-1&th=1&linkCode=sl1&tag=sonymoviemast-22&linkId=3f5281eb31b07e511b695e37c70531d8&language=en_AU&ref_=as_li_ss_tl",yes,n/a,no,no,no,missing target=_blank; missing rel nofollow sponsored
https://www.carltravels.com/one-day-in-hcmc-guide.html,one-day-in-hcmc-guide.html,398,Amazon Associates,Sony A7C II,https://amzn.to/4mHhQ8H,200,"https://www.amazon.com.au/Alpha-Full-Frame-Interchangeable-Lens-Camera/dp/B0CGTTVYGM?crid=3UFGY3ITUFRIG&dib=eyJ2IjoiMSJ9.ev7c1E-3pbpbmadeh7VdWFcGksbpaD0LcfMpyGiafmIkmo2jGBt5M2E9J5fx_zQvYoa9cwkYx9Ms4314aD_KvlRP7kN7v44y5OVvwCe0hrwu3EmNb_ynMVmokWAEqEhATekuA2inkDK21iarXslKa-cwhVZmzX5YQxtcRmGKFeR772jpYj3HTrPbeI3ZQ4U9pdrLR2LEwE7JqN1U8Zd-BBT_0SJG6AhX8DL4MXBQZGSJ8ZS-_aLCTtitWZHc2pdFMTaRj76KAi4xLj1fzwW26k4n3Tyl4DcnDLsPS0O6csE.M7nmeQ9rGw5lWrk0OStz3sFcXb6hUUBIYxuSm25RGtM&dib_tag=se&keywords=Sony%2BA7CII&qid=1755253330&sprefix=sony%2Ba7ci,aps,339&sr=8-2&th=1&linkCode=sl1&tag=carltomich-22&linkId=e268d46ab451781fa56ff54460f43b36&language=en_AU&ref_=as_li_ss_tl",yes,n/a,no,no,no,missing target=_blank; missing rel nofollow sponsored
https://www.carltravels.com/one-day-in-hcmc-guide.html,one-day-in-hcmc-guide.html,399,Amazon Associates,DJI Pocket 3,https://amzn.to/4miS3UJ,200,"https://www.amazon.com.au/DJI-Vlogging-Stabilization-Tracking-Photography/dp/B0CG19FGQ5?crid=1G6X1VC3KQ5EX&dib=eyJ2IjoiMSJ9.OLzTlYtdM2w0TP6xjlSDCa_ccSbGz-LuIU4RgcQOCNGa_FFl2x1iOz2JX6S15ZXETql3rFDOM9ga-vhK36LgBaVMgdsL9DjJ1rGI703o8l2CU7qjqJgJrjk4bbf-Ae7lDW2VKJCOIhx3uSDXuParcMtR2mX2C58Se55j-iXTxZtUyCT_KpmGnxAiC29MDSrLM27fcIM9hNcLt9qfKC4X0H4XYBQK9QDfGIOYCCdiD5lduJ45hKRSb_vcDqRsfUclWisMqQvRUilvFcJNunY7PQEwXIkjphgmLW2BdwCZLnw.kXFrNmjSvoqF8aSCDLEiVO6jy41xldw8QKHmK03PQpg&dib_tag=se&keywords=DJI%2Bpocket%2B3&qid=1755253366&sprefix=dji%2Bpocket%2B34,aps,341&sr=8-5&th=1&linkCode=sl1&tag=carltomich-22&linkId=f574fc6c948e413d7828caf3917f88c7&language=en_AU&ref_=as_li_ss_tl",yes,n/a,no,no,no,missing target=_blank; missing rel nofollow sponsored
https://www.carltravels.com/one-day-in-hcmc-guide.html,one-day-in-hcmc-guide.html,400,Amazon Associates,Tamron 28–200,https://amzn.to/4lvd1hI,200,"https://www.amazon.com.au/Tamron-28-200-2-8-5-6-Mirrorless-Mount/dp/B08B34HWKV?crid=1QEN08AGHDA5P&dib=eyJ2IjoiMSJ9.F-1xObnXZ1qvBYq3zqlPY-NONJhLnpZLBqOzJ3HO5tTaMoqBS6y-yCzp9X2gf74AvY9AfeP0NaxoH7DZ9-baBGYipuEDZdeZDPhnjFQLAPKtme5_4_FG3s6XXvOiBciFRCc2uuwqEeNlASTcgcCCZMSMFQeah9VIUe8nfvKw3waCva02_S3xX9d-JyGDBuG_e3MirkHsz23lqve2L2QVLMa5j0OVts-mmsfQ8VCk2Mk21ZgO9UeZSpWiqPf46ib3p97ybHMdj-mSwAvwDGZsUplC0W8j79hDLbEyt4rRRsc.RD-ZusuknzzNJEQwUdBnNUgT4NbgXfMrZD-cLbs7Izg&dib_tag=se&keywords=tamron%2B24-150mm%2Bsony&qid=1755253413&sprefix=tamron%2B24-150mm%2Bson,aps,332&sr=8-8&th=1&linkCode=sl1&tag=carltomich-22&linkId=369f0dc13ba29944c2261e58637d5916&language=en_AU&ref_=as_li_ss_tl",yes,n/a,no,no,no,missing target=_blank; missing rel nofollow sponsored
https://www.carltravels.com/one-day-in-hcmc-guide.html,one-day-in-hcmc-guide.html,401,Amazon Associates,RØDE Wireless PRO,https://amzn.to/4oHMXTy,200,"https://www.amazon.com.au/R%C3%98DE-Microphone-Recording-Microphones-Filmmaking/dp/B0CB2HGR9Q?crid=EGFFU6UZWCLT&dib=eyJ2IjoiMSJ9.DGm925iQklRK-0FmBcE9db-XNNBHUbEQUmSpGwxYevTWsXHx1AB2Ujp56lEEJfYAXcz8f7ItdheKMJJEt3fbcFJwLM0qbJZFbyXmeGeum-sa0VEabMsoDLY8CTncKG_wcQknrVxzofZHSnY2hjgptBqrzbKBtON6CpGKjvZLWJbF12me_IIzxbcIdQ8xyAiv4MZEEmpSth_cBUSNn31q0t3k7bBm6YhlZLAdCOz86vQKfMf3dxTZHnqFsWMWlUF7v0fy7dJRty-80-hdaPlVDfUAYTPOMRmPYrwuoDhkGHE.Jyv_XTXDBOYqJ4Rg5nZ0RKMDurBNR5Nag68iZPXdLmc&dib_tag=se&keywords=rode%2Bwireless%2Bpro&qid=1755253496&sprefix=Rode%2Bwirle,aps,388&sr=8-3&th=1&linkCode=sl1&tag=carltomich-22&linkId=c45e7c55dd1516f0f8708eea1e3df28d&language=en_AU&ref_=as_li_ss_tl",yes,n/a,no,no,no,missing target=_blank; missing rel nofollow sponsored
https://www.carltravels.com/one-day-in-hcmc-guide.html,one-day-in-hcmc-guide.html,402,Amazon Associates,Think Tank Backpack,https://amzn.to/467fEAU,200,"https://www.amazon.com/Think-Tank-Airport-Commuter-Backpack/dp/B0083GQI5Y?crid=2DUIR27E54VFF&dib=eyJ2IjoiMSJ9.9XG5TZXY0VQe_JM4tf_rYqZTZVCpD3yhgWrqqRz7QRe2p5T785DRre0iq_knj0lCgwWu61gX6gQhU1gnkpa0Oy5NL2IJTmQqwU2OgKZOy7CJNXpEWJDXjz5XMOXhk-qfM1nF08sucPDsn0dmURafC38s2OcI8cViV1Q67OF01Sr2OmjeufUSQg0GHKX3twaAL-kI-4oLThlIo3FD4R9r9a-4ZQqUBJQ7iiDS97TIM2g.yGwuqwlPiTaZdkN4hPtMx2ru_ylVkLWkPPgvjFU3Vo4&dib_tag=se&keywords=thinktank+travel+backpack&qid=1757035483&sprefix=thinktank+travel+backpac,aps,316&sr=8-3&linkCode=sl1&tag=carltomichtec-20&linkId=5a1043bdd87861e72327b4d1be2226de&language=en_US&ref_=as_li_ss_tl",yes,n/a,no,no,no,missing target=_blank; missing rel nofollow sponsored
https://www.carltravels.com/one-day-in-hcmc-guide.html,one-day-in-hcmc-guide.html,408,Amazon Associates,DJI Flip,https://amzn.to/41zmAVV,200,"https://www.amazon.com.au/DJI-Controller-Takeoff-Intelligent-Batteries/dp/B0DJ1FKDGP?crid=27CLM6RRHHRB4&dib=eyJ2IjoiMSJ9.xHJwj2C5oeF6OHTI195Mdn3sPKEY3lQQtbR1Ffinq4nZrf0vJkhLIitjW3VBJOJxwyVeE4yQAuXGFbWTEwFrlWWsax_d6SMbu6MShKn__FMm0mh-GoBsHRxdET8U2ZnqpxXklLfQqiThEX0uRx_FzYCEWuAVyvXSelhqtv3be5YD_EsWRzMIULJGPJlSUrdUmmEa5c91FR8syo0ZeIfK0g6nYhVRBSfryUO8DyP7t9w0yINa3lmqQbKaTVkAljF0zY95g7ligNcgPIUNDRqXXx8IdElfmIcz-LTDbcXZCVY.BHpsQw5p_iwN_R_6cb79XAe-ZNr3mHBd-DXY4w99rs8&dib_tag=se&keywords=dji%2Bflip&qid=1757034937&sprefix=dji%2Bflip,aps,261&sr=8-1&th=1&linkCode=sl1&tag=carltomich-22&linkId=086f0f4dda5311ea4c0fa2a020c7fc62&language=en_AU&ref_=as_li_ss_tl",yes,n/a,no,no,no,missing target=_blank; missing rel nofollow sponsored
https://www.carltravels.com/one-day-in-hcmc-guide.html,one-day-in-hcmc-guide.html,409,Amazon Associates,Sony A7C II,https://amzn.to/45Qk2Fw,200,"https://www.amazon.com.au/Sony-Alpha-System-Camera-28-60mm/dp/B0CGFBMNDH?crid=Y4V8WSCJABT6&dib=eyJ2IjoiMSJ9.ev7c1E-3pbpbmadeh7VdWGGGwBPVPgenkV33RBsEipu2uXVpDOT-4N719LE8z5ZZkuiatxECfZOdzpPy6zsWyTaCC9-YjTsjmmcZSgzVbtIhv6nwiqrhip-8XLyFVM8TJI0S9CtfzEuF20mZcy_wovPC1FlRfSxCGu-1DiuOJ6Z2es25G9g5miw4rVwdl2YcxPhn0n3sJchrolpd3esOjIp0QaLGvz7n3uFMc-O48l4pYSj__YDttER8crkPx69f7mSxS8ujQijijWSjmj4h9XUlNdHSaq2KQBm7l6vTkyg.johmDKkudmYJ6Vp3A83ZS0WmLiuItffyIHcQrNpcTpM&dib_tag=se&keywords=sony%2Ba7cii&qid=1757035042&sprefix=sony%2Ba7cii,aps,242&sr=8-7&th=1&linkCode=sl1&tag=carltomich-22&linkId=e6839e00766785a47c09e7449989c441&language=en_AU&ref_=as_li_ss_tl",yes,n/a,no,no,no,missing target=_blank; missing rel nofollow sponsored
https://www.carltravels.com/one-day-in-hcmc-guide.html,one-day-in-hcmc-guide.html,410,Amazon Associates,DJI Osmo Pocket 3,https://amzn.to/4gaYLJZ,200,"https://www.amazon.com.au/DJI-Stabilization-Rotatable-Touchscreen-Photography/dp/B0CG19QXWD?crid=3SHCFANSRK2GV&dib=eyJ2IjoiMSJ9.hn-IKcsoi27x5Xtepf1O0xSEJ-Xc0yIsZ5hiLNsRo0_pnL0HwMARDMaGpGot5vRUIoisskZuJLNO1vrHcsMAQPRIRCdFRvFwlfyVPydN5FfkKgbYw0s29BMkgJiljvn0_ugxYU6JZ9cLZJ8Oj30vFVBWWAWBuepYqTkzRyVqmr2ii2X5OCrM6ae484zpYvqQCRiXcJMt0dgPItUfZ0RL6z-y7KTTesad4agjzTRTAcf1lSsm2yEzEH72afh7B2OEGD2c87RWuC02g7fgtlSVS8E50gbD3A0TmSTnzJ8VLKQ.Bx4cRITeVOMwGs0D0DKW1fgGx14CLCMyLTVRjMuItUs&dib_tag=se&keywords=dji%2Bosmo%2Bpocket%2B3&qid=1757035105&sprefix=DJI,aps,491&sr=8-5&th=1&linkCode=sl1&tag=carltomich-22&linkId=6c45d0909c1797b83d49c364f2b311b2&language=en_AU&ref_=as_li_ss_tl",yes,n/a,no,no,no,missing target=_blank; missing rel nofollow sponsored
https://www.carltravels.com/one-day-in-hcmc-guide.html,one-day-in-hcmc-guide.html,411,Amazon Associates,Tamron 24–200,https://amzn.to/4n73D5P,200,"https://www.amazon.com.au/Tamron-28-200-2-8-5-6-Mirrorless-Mount/dp/B08B34HWKV?crid=2KXUS0I4U82EM&dib=eyJ2IjoiMSJ9.CirVtLEYR7BE9okHzn54invQLY0R2IpCxFbXtvO1NnS3N7bkvewO8f1Yq8HoRp8by7g8fCAGFxwZReQZiHGIleWQhBiyxX6NqLuWc2JcY0SatfWtItHN56up3Chh0D8MWnZx1sZMHuhw7JMF1wW-t-_JV04YdmuFHxRHCAkZE68WtA-D3L-Dzu4PGUjAvPjTp5SldK7-BzyvSBMXmLxJIRehuwg0-GotkfHE9WlIC_4H_U3a4PyQdb9pUPOs3wgOSlpAZtRp5xUnt9EVdnDOoa8N5AFkcblsba8g9gFHmgg.ywMyfDborErcaHwGfqjwuU9BKivzUuvVcowT6gYYSgc&dib_tag=se&keywords=Tamron%2B28%E2%80%93200mm%2B(Full-Frame)&qid=1757035157&sprefix=tamron%2B28%2B200mm%2Bfull-frame%2B,aps,322&sr=8-1&th=1&linkCode=sl1&tag=carltomich-22&linkId=48c5cc0e9d510609bb5d001f6a9afffc&language=en_AU&ref_=as_li_ss_tl",yes,n/a,no,no,no,missing target=_blank; missing rel nofollow sponsored
https://www.carltravels.com/one-day-in-hcmc-guide.html,one-day-in-hcmc-guide.html,412,Amazon Associates,RØDE Wireless PRO,https://amzn.to/46kv8CG,200,"https://www.amazon.com.au/R%C3%98DE-Microphone-Recording-Microphones-Filmmaking/dp/B0CB2HGR9Q?crid=2CDBT69BZHLYA&dib=eyJ2IjoiMSJ9.Fwy-kxiSUMPxfuFncUDsU_A5ghupefIniz-REQnE6cTWsXHx1AB2Ujp56lEEJfYAXcz8f7ItdheKMJJEt3fbcDMaXA9z2vvl2SUhzXgbV4Ukq3M5KEeOMdSPoj2cooPZeZPhHMSlekWnOVWq4c0QaOzHxx6P7Hyvkb1eAIDVxOLyj1OA_3uyhvfsRMAssRUi_DZnq7KAobBNLtcDs2i8qN-URdgmgdbkNRbQvdaF9rucUW2oiHlnh0JMDv_DLbLkroYoa-fywaWO7QG159ijgMSHpfo0uXgaCvS9UJEj_s0.c_FuiqtAbfwdPKd4F4lJZzRIPwBnxfR6xx2cadHO14I&dib_tag=se&keywords=rode%2Bwireless%2Bpro&qid=1757035251&sprefix=rode%2Bw,aps,347&sr=8-5&th=1&linkCode=sl1&tag=carltomich-22&linkId=5c5361991d8e56b532939c61e269e8be&language=en_AU&ref_=as_li_ss_tl",yes,n/a,no,no,no,missing target=_blank; missing rel nofollow sponsored
https://www.carltravels.com/one-day-in-hcmc-guide.html,one-day-in-hcmc-guide.html,413,Amazon Associates,Think Tank Backpack,https://amzn.to/3I5mApV,200,"https://www.amazon.com.au/Think-Photo-Airport-Commuter-Backpack/dp/B0083GQI5Y?crid=C0BCCANHIF1P&dib=eyJ2IjoiMSJ9.FP6oWa3JfVz8mPQHHtuj2j56z3fDBCwLggHr6aC_VQkOVxUS8E-jSv8mMw2xvwAwKKp3yS3EAZDahiqzg1lUnJ4OI4bd4xC6w4ixKLoGdQQzlllNF5w7ZnNwMLs2cJUeG6JrDAmhFlIOVrQUbQfDbizfr5yKJOBszOQia6SfusuS4weSmOcfJvJKrX1mPtUZWqSiIfvSDzHdKlE3g8kCUmOJ15MWf_Y1bSIbO8NTex-o5CV-I2CF9MLgeMPW8TqjqtcJhcqbNXq4StxmCGriYFO89wZjALKw2reJs6HtCIw.qhwKjNiiihdX328DrvLyHXcJLf0AWPHeRP_c-KJrh90&dib_tag=se&keywords=thinktank%2Btravel%2Bcommuter&qid=1757035351&sprefix=thinktank%2Btravel%2Bcommuter,aps,269&sr=8-4&th=1&psc=1&linkCode=sl1&tag=carltomich-22&linkId=500149597f5ad39a813be7771a3c54f0&language=en_AU&ref_=as_li_ss_tl",yes,n/a,no,no,no,missing target=_blank; missing rel nofollow sponsored
https://www.carltravels.com/one-day-in-hcmc-guide.html,one-day-in-hcmc-guide.html,437,Saily eSIM,👉 Activate your eSIM now,https://go.saily.site/aff_c?offer_id=101&aff_id=12234,403,https://saily.com/special/?utm_source=12234&utm_medium=affiliate&utm_campaign=101&aff_transaction_id=102671cde85b9dc60aa1208c946ed9&aff_sub=&aff_offer_id=101&aff_id=12234&url={url}&utm_content=&params[ho_asub1]=,yes,no,yes,no,no,not working or blocked; missing CARLRI5370; old Saily affiliate URL format; missing rel nofollow sponsored
https://www.carltravels.com/osakatravelguide.html,osakatravelguide.html,497,Wise,Sign up here,https://wise.com/invite/irhc/carlt62,200,https://wise.com/invite/irhc/carlt62,yes,n/a,no,no,no,missing target=_blank; missing rel nofollow sponsored
https://www.carltravels.com/osakatravelguide.html,osakatravelguide.html,503,Dehancer,dehancer.com/subscribe,https://www.dehancer.com/pricing/monthly,200,https://www.dehancer.com/pricing/monthly,no,n/a,no,no,no,missing tracking; missing target=_blank; missing rel nofollow sponsored
https://www.carltravels.com/osakatravelguide.html,osakatravelguide.html,510,Amazon Associates,DJI Flip,https://amzn.to/45iZULT,200,"https://www.amazon.com.au/DJI-Controller-Takeoff-Intelligent-Batteries/dp/B0DJ1FKDGP?crid=2R4BEGV4GCOVO&dib=eyJ2IjoiMSJ9.B3ZGiV_NB4CWvaKZC46HHhqNPIONGEffr9hyQ7doXp3AXko2J8XgtkAXDGsuiEAotNNI2PbCB1AYBnn8BEqRKQmDgWoDst39DJE8gasnXCLc-jUhcRDkTU-kNRFzDwVNjg3G3I5emTMygueqNFSxWtlrc8daGW3mi4t632aghZDCMYSRFrI9w-WsipGgN-AlFd9MHv5fvM5SOZdJ3ZRc3S6dP5ZdvaJbD8dpLuwD9xBibVGNVEA8sqdNPUGc1-QA6emRyHoQcDY9W1wK8g5M_GK-2rSHwY-u6nRI0GtXeD4.0l6QuT-oAkSZ2X00AMSTCdok07QQfjyAKzBb_DdWawE&dib_tag=se&keywords=dji%2Bflip&qid=1755253304&sprefix=dji%2B,aps,500&sr=8-1&th=1&linkCode=sl1&tag=sonymoviemast-22&linkId=3f5281eb31b07e511b695e37c70531d8&language=en_AU&ref_=as_li_ss_tl",yes,n/a,no,no,no,missing target=_blank; missing rel nofollow sponsored
https://www.carltravels.com/osakatravelguide.html,osakatravelguide.html,511,Amazon Associates,Sony A7C II,https://amzn.to/4mHhQ8H,200,"https://www.amazon.com.au/Alpha-Full-Frame-Interchangeable-Lens-Camera/dp/B0CGTTVYGM?crid=3UFGY3ITUFRIG&dib=eyJ2IjoiMSJ9.ev7c1E-3pbpbmadeh7VdWFcGksbpaD0LcfMpyGiafmIkmo2jGBt5M2E9J5fx_zQvYoa9cwkYx9Ms4314aD_KvlRP7kN7v44y5OVvwCe0hrwu3EmNb_ynMVmokWAEqEhATekuA2inkDK21iarXslKa-cwhVZmzX5YQxtcRmGKFeR772jpYj3HTrPbeI3ZQ4U9pdrLR2LEwE7JqN1U8Zd-BBT_0SJG6AhX8DL4MXBQZGSJ8ZS-_aLCTtitWZHc2pdFMTaRj76KAi4xLj1fzwW26k4n3Tyl4DcnDLsPS0O6csE.M7nmeQ9rGw5lWrk0OStz3sFcXb6hUUBIYxuSm25RGtM&dib_tag=se&keywords=Sony%2BA7CII&qid=1755253330&sprefix=sony%2Ba7ci,aps,339&sr=8-2&th=1&linkCode=sl1&tag=carltomich-22&linkId=e268d46ab451781fa56ff54460f43b36&language=en_AU&ref_=as_li_ss_tl",yes,n/a,no,no,no,missing target=_blank; missing rel nofollow sponsored
https://www.carltravels.com/osakatravelguide.html,osakatravelguide.html,512,Amazon Associates,DJI Pocket 3,https://amzn.to/4miS3UJ,200,"https://www.amazon.com.au/DJI-Vlogging-Stabilization-Tracking-Photography/dp/B0CG19FGQ5?crid=1G6X1VC3KQ5EX&dib=eyJ2IjoiMSJ9.OLzTlYtdM2w0TP6xjlSDCa_ccSbGz-LuIU4RgcQOCNGa_FFl2x1iOz2JX6S15ZXETql3rFDOM9ga-vhK36LgBaVMgdsL9DjJ1rGI703o8l2CU7qjqJgJrjk4bbf-Ae7lDW2VKJCOIhx3uSDXuParcMtR2mX2C58Se55j-iXTxZtUyCT_KpmGnxAiC29MDSrLM27fcIM9hNcLt9qfKC4X0H4XYBQK9QDfGIOYCCdiD5lduJ45hKRSb_vcDqRsfUclWisMqQvRUilvFcJNunY7PQEwXIkjphgmLW2BdwCZLnw.kXFrNmjSvoqF8aSCDLEiVO6jy41xldw8QKHmK03PQpg&dib_tag=se&keywords=DJI%2Bpocket%2B3&qid=1755253366&sprefix=dji%2Bpocket%2B34,aps,341&sr=8-5&th=1&linkCode=sl1&tag=carltomich-22&linkId=f574fc6c948e413d7828caf3917f88c7&language=en_AU&ref_=as_li_ss_tl",yes,n/a,no,no,no,missing target=_blank; missing rel nofollow sponsored
https://www.carltravels.com/osakatravelguide.html,osakatravelguide.html,513,Amazon Associates,Tamron 28–200,https://amzn.to/4lvd1hI,200,"https://www.amazon.com.au/Tamron-28-200-2-8-5-6-Mirrorless-Mount/dp/B08B34HWKV?crid=1QEN08AGHDA5P&dib=eyJ2IjoiMSJ9.F-1xObnXZ1qvBYq3zqlPY-NONJhLnpZLBqOzJ3HO5tTaMoqBS6y-yCzp9X2gf74AvY9AfeP0NaxoH7DZ9-baBGYipuEDZdeZDPhnjFQLAPKtme5_4_FG3s6XXvOiBciFRCc2uuwqEeNlASTcgcCCZMSMFQeah9VIUe8nfvKw3waCva02_S3xX9d-JyGDBuG_e3MirkHsz23lqve2L2QVLMa5j0OVts-mmsfQ8VCk2Mk21ZgO9UeZSpWiqPf46ib3p97ybHMdj-mSwAvwDGZsUplC0W8j79hDLbEyt4rRRsc.RD-ZusuknzzNJEQwUdBnNUgT4NbgXfMrZD-cLbs7Izg&dib_tag=se&keywords=tamron%2B24-150mm%2Bsony&qid=1755253413&sprefix=tamron%2B24-150mm%2Bson,aps,332&sr=8-8&th=1&linkCode=sl1&tag=carltomich-22&linkId=369f0dc13ba29944c2261e58637d5916&language=en_AU&ref_=as_li_ss_tl",yes,n/a,no,no,no,missing target=_blank; missing rel nofollow sponsored
https://www.carltravels.com/osakatravelguide.html,osakatravelguide.html,514,Amazon Associates,RØDE Wireless PRO,https://amzn.to/4oHMXTy,200,"https://www.amazon.com.au/R%C3%98DE-Microphone-Recording-Microphones-Filmmaking/dp/B0CB2HGR9Q?crid=EGFFU6UZWCLT&dib=eyJ2IjoiMSJ9.DGm925iQklRK-0FmBcE9db-XNNBHUbEQUmSpGwxYevTWsXHx1AB2Ujp56lEEJfYAXcz8f7ItdheKMJJEt3fbcFJwLM0qbJZFbyXmeGeum-sa0VEabMsoDLY8CTncKG_wcQknrVxzofZHSnY2hjgptBqrzbKBtON6CpGKjvZLWJbF12me_IIzxbcIdQ8xyAiv4MZEEmpSth_cBUSNn31q0t3k7bBm6YhlZLAdCOz86vQKfMf3dxTZHnqFsWMWlUF7v0fy7dJRty-80-hdaPlVDfUAYTPOMRmPYrwuoDhkGHE.Jyv_XTXDBOYqJ4Rg5nZ0RKMDurBNR5Nag68iZPXdLmc&dib_tag=se&keywords=rode%2Bwireless%2Bpro&qid=1755253496&sprefix=Rode%2Bwirle,aps,388&sr=8-3&th=1&linkCode=sl1&tag=carltomich-22&linkId=c45e7c55dd1516f0f8708eea1e3df28d&language=en_AU&ref_=as_li_ss_tl",yes,n/a,no,no,no,missing target=_blank; missing rel nofollow sponsored
https://www.carltravels.com/osakatravelguide.html,osakatravelguide.html,515,Amazon Associates,Think Tank Backpack,https://amzn.to/467fEAU,200,"https://www.amazon.com/Think-Tank-Airport-Commuter-Backpack/dp/B0083GQI5Y?crid=2DUIR27E54VFF&dib=eyJ2IjoiMSJ9.9XG5TZXY0VQe_JM4tf_rYqZTZVCpD3yhgWrqqRz7QRe2p5T785DRre0iq_knj0lCgwWu61gX6gQhU1gnkpa0Oy5NL2IJTmQqwU2OgKZOy7CJNXpEWJDXjz5XMOXhk-qfM1nF08sucPDsn0dmURafC38s2OcI8cViV1Q67OF01Sr2OmjeufUSQg0GHKX3twaAL-kI-4oLThlIo3FD4R9r9a-4ZQqUBJQ7iiDS97TIM2g.yGwuqwlPiTaZdkN4hPtMx2ru_ylVkLWkPPgvjFU3Vo4&dib_tag=se&keywords=thinktank+travel+backpack&qid=1757035483&sprefix=thinktank+travel+backpac,aps,316&sr=8-3&linkCode=sl1&tag=carltomichtec-20&linkId=5a1043bdd87861e72327b4d1be2226de&language=en_US&ref_=as_li_ss_tl",yes,n/a,no,no,no,missing target=_blank; missing rel nofollow sponsored
https://www.carltravels.com/osakatravelguide.html,osakatravelguide.html,521,Amazon Associates,DJI Flip,https://amzn.to/41zmAVV,200,"https://www.amazon.com.au/DJI-Controller-Takeoff-Intelligent-Batteries/dp/B0DJ1FKDGP?crid=27CLM6RRHHRB4&dib=eyJ2IjoiMSJ9.xHJwj2C5oeF6OHTI195Mdn3sPKEY3lQQtbR1Ffinq4nZrf0vJkhLIitjW3VBJOJxwyVeE4yQAuXGFbWTEwFrlWWsax_d6SMbu6MShKn__FMm0mh-GoBsHRxdET8U2ZnqpxXklLfQqiThEX0uRx_FzYCEWuAVyvXSelhqtv3be5YD_EsWRzMIULJGPJlSUrdUmmEa5c91FR8syo0ZeIfK0g6nYhVRBSfryUO8DyP7t9w0yINa3lmqQbKaTVkAljF0zY95g7ligNcgPIUNDRqXXx8IdElfmIcz-LTDbcXZCVY.BHpsQw5p_iwN_R_6cb79XAe-ZNr3mHBd-DXY4w99rs8&dib_tag=se&keywords=dji%2Bflip&qid=1757034937&sprefix=dji%2Bflip,aps,261&sr=8-1&th=1&linkCode=sl1&tag=carltomich-22&linkId=086f0f4dda5311ea4c0fa2a020c7fc62&language=en_AU&ref_=as_li_ss_tl",yes,n/a,no,no,no,missing target=_blank; missing rel nofollow sponsored
https://www.carltravels.com/osakatravelguide.html,osakatravelguide.html,522,Amazon Associates,Sony A7C II,https://amzn.to/45Qk2Fw,200,"https://www.amazon.com.au/Sony-Alpha-System-Camera-28-60mm/dp/B0CGFBMNDH?crid=Y4V8WSCJABT6&dib=eyJ2IjoiMSJ9.ev7c1E-3pbpbmadeh7VdWGGGwBPVPgenkV33RBsEipu2uXVpDOT-4N719LE8z5ZZkuiatxECfZOdzpPy6zsWyTaCC9-YjTsjmmcZSgzVbtIhv6nwiqrhip-8XLyFVM8TJI0S9CtfzEuF20mZcy_wovPC1FlRfSxCGu-1DiuOJ6Z2es25G9g5miw4rVwdl2YcxPhn0n3sJchrolpd3esOjIp0QaLGvz7n3uFMc-O48l4pYSj__YDttER8crkPx69f7mSxS8ujQijijWSjmj4h9XUlNdHSaq2KQBm7l6vTkyg.johmDKkudmYJ6Vp3A83ZS0WmLiuItffyIHcQrNpcTpM&dib_tag=se&keywords=sony%2Ba7cii&qid=1757035042&sprefix=sony%2Ba7cii,aps,242&sr=8-7&th=1&linkCode=sl1&tag=carltomich-22&linkId=e6839e00766785a47c09e7449989c441&language=en_AU&ref_=as_li_ss_tl",yes,n/a,no,no,no,missing target=_blank; missing rel nofollow sponsored
https://www.carltravels.com/osakatravelguide.html,osakatravelguide.html,523,Amazon Associates,DJI Osmo Pocket 3,https://amzn.to/4gaYLJZ,200,"https://www.amazon.com.au/DJI-Stabilization-Rotatable-Touchscreen-Photography/dp/B0CG19QXWD?crid=3SHCFANSRK2GV&dib=eyJ2IjoiMSJ9.hn-IKcsoi27x5Xtepf1O0xSEJ-Xc0yIsZ5hiLNsRo0_pnL0HwMARDMaGpGot5vRUIoisskZuJLNO1vrHcsMAQPRIRCdFRvFwlfyVPydN5FfkKgbYw0s29BMkgJiljvn0_ugxYU6JZ9cLZJ8Oj30vFVBWWAWBuepYqTkzRyVqmr2ii2X5OCrM6ae484zpYvqQCRiXcJMt0dgPItUfZ0RL6z-y7KTTesad4agjzTRTAcf1lSsm2yEzEH72afh7B2OEGD2c87RWuC02g7fgtlSVS8E50gbD3A0TmSTnzJ8VLKQ.Bx4cRITeVOMwGs0D0DKW1fgGx14CLCMyLTVRjMuItUs&dib_tag=se&keywords=dji%2Bosmo%2Bpocket%2B3&qid=1757035105&sprefix=DJI,aps,491&sr=8-5&th=1&linkCode=sl1&tag=carltomich-22&linkId=6c45d0909c1797b83d49c364f2b311b2&language=en_AU&ref_=as_li_ss_tl",yes,n/a,no,no,no,missing target=_blank; missing rel nofollow sponsored
https://www.carltravels.com/osakatravelguide.html,osakatravelguide.html,524,Amazon Associates,Tamron 24–200,https://amzn.to/4n73D5P,200,"https://www.amazon.com.au/Tamron-28-200-2-8-5-6-Mirrorless-Mount/dp/B08B34HWKV?crid=2KXUS0I4U82EM&dib=eyJ2IjoiMSJ9.CirVtLEYR7BE9okHzn54invQLY0R2IpCxFbXtvO1NnS3N7bkvewO8f1Yq8HoRp8by7g8fCAGFxwZReQZiHGIleWQhBiyxX6NqLuWc2JcY0SatfWtItHN56up3Chh0D8MWnZx1sZMHuhw7JMF1wW-t-_JV04YdmuFHxRHCAkZE68WtA-D3L-Dzu4PGUjAvPjTp5SldK7-BzyvSBMXmLxJIRehuwg0-GotkfHE9WlIC_4H_U3a4PyQdb9pUPOs3wgOSlpAZtRp5xUnt9EVdnDOoa8N5AFkcblsba8g9gFHmgg.ywMyfDborErcaHwGfqjwuU9BKivzUuvVcowT6gYYSgc&dib_tag=se&keywords=Tamron%2B28%E2%80%93200mm%2B(Full-Frame)&qid=1757035157&sprefix=tamron%2B28%2B200mm%2Bfull-frame%2B,aps,322&sr=8-1&th=1&linkCode=sl1&tag=carltomich-22&linkId=48c5cc0e9d510609bb5d001f6a9afffc&language=en_AU&ref_=as_li_ss_tl",yes,n/a,no,no,no,missing target=_blank; missing rel nofollow sponsored
https://www.carltravels.com/osakatravelguide.html,osakatravelguide.html,525,Amazon Associates,RØDE Wireless PRO,https://amzn.to/46kv8CG,200,"https://www.amazon.com.au/R%C3%98DE-Microphone-Recording-Microphones-Filmmaking/dp/B0CB2HGR9Q?crid=2CDBT69BZHLYA&dib=eyJ2IjoiMSJ9.Fwy-kxiSUMPxfuFncUDsU_A5ghupefIniz-REQnE6cTWsXHx1AB2Ujp56lEEJfYAXcz8f7ItdheKMJJEt3fbcDMaXA9z2vvl2SUhzXgbV4Ukq3M5KEeOMdSPoj2cooPZeZPhHMSlekWnOVWq4c0QaOzHxx6P7Hyvkb1eAIDVxOLyj1OA_3uyhvfsRMAssRUi_DZnq7KAobBNLtcDs2i8qN-URdgmgdbkNRbQvdaF9rucUW2oiHlnh0JMDv_DLbLkroYoa-fywaWO7QG159ijgMSHpfo0uXgaCvS9UJEj_s0.c_FuiqtAbfwdPKd4F4lJZzRIPwBnxfR6xx2cadHO14I&dib_tag=se&keywords=rode%2Bwireless%2Bpro&qid=1757035251&sprefix=rode%2Bw,aps,347&sr=8-5&th=1&linkCode=sl1&tag=carltomich-22&linkId=5c5361991d8e56b532939c61e269e8be&language=en_AU&ref_=as_li_ss_tl",yes,n/a,no,no,no,missing target=_blank; missing rel nofollow sponsored
https://www.carltravels.com/osakatravelguide.html,osakatravelguide.html,526,Amazon Associates,Think Tank Backpack,https://amzn.to/3I5mApV,200,"https://www.amazon.com.au/Think-Photo-Airport-Commuter-Backpack/dp/B0083GQI5Y?crid=C0BCCANHIF1P&dib=eyJ2IjoiMSJ9.FP6oWa3JfVz8mPQHHtuj2j56z3fDBCwLggHr6aC_VQkOVxUS8E-jSv8mMw2xvwAwKKp3yS3EAZDahiqzg1lUnJ4OI4bd4xC6w4ixKLoGdQQzlllNF5w7ZnNwMLs2cJUeG6JrDAmhFlIOVrQUbQfDbizfr5yKJOBszOQia6SfusuS4weSmOcfJvJKrX1mPtUZWqSiIfvSDzHdKlE3g8kCUmOJ15MWf_Y1bSIbO8NTex-o5CV-I2CF9MLgeMPW8TqjqtcJhcqbNXq4StxmCGriYFO89wZjALKw2reJs6HtCIw.qhwKjNiiihdX328DrvLyHXcJLf0AWPHeRP_c-KJrh90&dib_tag=se&keywords=thinktank%2Btravel%2Bcommuter&qid=1757035351&sprefix=thinktank%2Btravel%2Bcommuter,aps,269&sr=8-4&th=1&psc=1&linkCode=sl1&tag=carltomich-22&linkId=500149597f5ad39a813be7771a3c54f0&language=en_AU&ref_=as_li_ss_tl",yes,n/a,no,no,no,missing target=_blank; missing rel nofollow sponsored
https://www.carltravels.com/osakatravelguide.html,osakatravelguide.html,551,Saily eSIM,👉 Activate your eSIM now,https://go.saily.site/aff_c?offer_id=101&aff_id=12234,403,https://saily.com/special/?utm_source=12234&utm_medium=affiliate&utm_campaign=101&aff_transaction_id=102671cde85b9dc60aa1208c946ed9&aff_sub=&aff_offer_id=101&aff_id=12234&url={url}&utm_content=&params[ho_asub1]=,yes,no,yes,no,no,not working or blocked; missing CARLRI5370; old Saily affiliate URL format; missing rel nofollow sponsored
https://www.carltravels.com/phuketravelguide.html,phuketravelguide.html,472,Wise,Sign up here,https://wise.com/invite/irhc/carlt62,200,https://wise.com/invite/irhc/carlt62,yes,n/a,no,no,no,missing target=_blank; missing rel nofollow sponsored
https://www.carltravels.com/phuketravelguide.html,phuketravelguide.html,478,Dehancer,dehancer.com/subscribe,https://www.dehancer.com/pricing/monthly,200,https://www.dehancer.com/pricing/monthly,no,n/a,no,no,no,missing tracking; missing target=_blank; missing rel nofollow sponsored
https://www.carltravels.com/phuketravelguide.html,phuketravelguide.html,485,Amazon Associates,DJI Flip,https://amzn.to/45iZULT,200,"https://www.amazon.com.au/DJI-Controller-Takeoff-Intelligent-Batteries/dp/B0DJ1FKDGP?crid=2R4BEGV4GCOVO&dib=eyJ2IjoiMSJ9.B3ZGiV_NB4CWvaKZC46HHhqNPIONGEffr9hyQ7doXp3AXko2J8XgtkAXDGsuiEAotNNI2PbCB1AYBnn8BEqRKQmDgWoDst39DJE8gasnXCLc-jUhcRDkTU-kNRFzDwVNjg3G3I5emTMygueqNFSxWtlrc8daGW3mi4t632aghZDCMYSRFrI9w-WsipGgN-AlFd9MHv5fvM5SOZdJ3ZRc3S6dP5ZdvaJbD8dpLuwD9xBibVGNVEA8sqdNPUGc1-QA6emRyHoQcDY9W1wK8g5M_GK-2rSHwY-u6nRI0GtXeD4.0l6QuT-oAkSZ2X00AMSTCdok07QQfjyAKzBb_DdWawE&dib_tag=se&keywords=dji%2Bflip&qid=1755253304&sprefix=dji%2B,aps,500&sr=8-1&th=1&linkCode=sl1&tag=sonymoviemast-22&linkId=3f5281eb31b07e511b695e37c70531d8&language=en_AU&ref_=as_li_ss_tl",yes,n/a,no,no,no,missing target=_blank; missing rel nofollow sponsored
https://www.carltravels.com/phuketravelguide.html,phuketravelguide.html,486,Amazon Associates,Sony A7C II,https://amzn.to/4mHhQ8H,200,"https://www.amazon.com.au/Alpha-Full-Frame-Interchangeable-Lens-Camera/dp/B0CGTTVYGM?crid=3UFGY3ITUFRIG&dib=eyJ2IjoiMSJ9.ev7c1E-3pbpbmadeh7VdWFcGksbpaD0LcfMpyGiafmIkmo2jGBt5M2E9J5fx_zQvYoa9cwkYx9Ms4314aD_KvlRP7kN7v44y5OVvwCe0hrwu3EmNb_ynMVmokWAEqEhATekuA2inkDK21iarXslKa-cwhVZmzX5YQxtcRmGKFeR772jpYj3HTrPbeI3ZQ4U9pdrLR2LEwE7JqN1U8Zd-BBT_0SJG6AhX8DL4MXBQZGSJ8ZS-_aLCTtitWZHc2pdFMTaRj76KAi4xLj1fzwW26k4n3Tyl4DcnDLsPS0O6csE.M7nmeQ9rGw5lWrk0OStz3sFcXb6hUUBIYxuSm25RGtM&dib_tag=se&keywords=Sony%2BA7CII&qid=1755253330&sprefix=sony%2Ba7ci,aps,339&sr=8-2&th=1&linkCode=sl1&tag=carltomich-22&linkId=e268d46ab451781fa56ff54460f43b36&language=en_AU&ref_=as_li_ss_tl",yes,n/a,no,no,no,missing target=_blank; missing rel nofollow sponsored
https://www.carltravels.com/phuketravelguide.html,phuketravelguide.html,487,Amazon Associates,DJI Pocket 3,https://amzn.to/4miS3UJ,200,"https://www.amazon.com.au/DJI-Vlogging-Stabilization-Tracking-Photography/dp/B0CG19FGQ5?crid=1G6X1VC3KQ5EX&dib=eyJ2IjoiMSJ9.OLzTlYtdM2w0TP6xjlSDCa_ccSbGz-LuIU4RgcQOCNGa_FFl2x1iOz2JX6S15ZXETql3rFDOM9ga-vhK36LgBaVMgdsL9DjJ1rGI703o8l2CU7qjqJgJrjk4bbf-Ae7lDW2VKJCOIhx3uSDXuParcMtR2mX2C58Se55j-iXTxZtUyCT_KpmGnxAiC29MDSrLM27fcIM9hNcLt9qfKC4X0H4XYBQK9QDfGIOYCCdiD5lduJ45hKRSb_vcDqRsfUclWisMqQvRUilvFcJNunY7PQEwXIkjphgmLW2BdwCZLnw.kXFrNmjSvoqF8aSCDLEiVO6jy41xldw8QKHmK03PQpg&dib_tag=se&keywords=DJI%2Bpocket%2B3&qid=1755253366&sprefix=dji%2Bpocket%2B34,aps,341&sr=8-5&th=1&linkCode=sl1&tag=carltomich-22&linkId=f574fc6c948e413d7828caf3917f88c7&language=en_AU&ref_=as_li_ss_tl",yes,n/a,no,no,no,missing target=_blank; missing rel nofollow sponsored
https://www.carltravels.com/phuketravelguide.html,phuketravelguide.html,488,Amazon Associates,Tamron 28–200,https://amzn.to/4lvd1hI,200,"https://www.amazon.com.au/Tamron-28-200-2-8-5-6-Mirrorless-Mount/dp/B08B34HWKV?crid=1QEN08AGHDA5P&dib=eyJ2IjoiMSJ9.F-1xObnXZ1qvBYq3zqlPY-NONJhLnpZLBqOzJ3HO5tTaMoqBS6y-yCzp9X2gf74AvY9AfeP0NaxoH7DZ9-baBGYipuEDZdeZDPhnjFQLAPKtme5_4_FG3s6XXvOiBciFRCc2uuwqEeNlASTcgcCCZMSMFQeah9VIUe8nfvKw3waCva02_S3xX9d-JyGDBuG_e3MirkHsz23lqve2L2QVLMa5j0OVts-mmsfQ8VCk2Mk21ZgO9UeZSpWiqPf46ib3p97ybHMdj-mSwAvwDGZsUplC0W8j79hDLbEyt4rRRsc.RD-ZusuknzzNJEQwUdBnNUgT4NbgXfMrZD-cLbs7Izg&dib_tag=se&keywords=tamron%2B24-150mm%2Bsony&qid=1755253413&sprefix=tamron%2B24-150mm%2Bson,aps,332&sr=8-8&th=1&linkCode=sl1&tag=carltomich-22&linkId=369f0dc13ba29944c2261e58637d5916&language=en_AU&ref_=as_li_ss_tl",yes,n/a,no,no,no,missing target=_blank; missing rel nofollow sponsored
https://www.carltravels.com/phuketravelguide.html,phuketravelguide.html,489,Amazon Associates,RØDE Wireless PRO,https://amzn.to/4oHMXTy,200,"https://www.amazon.com.au/R%C3%98DE-Microphone-Recording-Microphones-Filmmaking/dp/B0CB2HGR9Q?crid=EGFFU6UZWCLT&dib=eyJ2IjoiMSJ9.DGm925iQklRK-0FmBcE9db-XNNBHUbEQUmSpGwxYevTWsXHx1AB2Ujp56lEEJfYAXcz8f7ItdheKMJJEt3fbcFJwLM0qbJZFbyXmeGeum-sa0VEabMsoDLY8CTncKG_wcQknrVxzofZHSnY2hjgptBqrzbKBtON6CpGKjvZLWJbF12me_IIzxbcIdQ8xyAiv4MZEEmpSth_cBUSNn31q0t3k7bBm6YhlZLAdCOz86vQKfMf3dxTZHnqFsWMWlUF7v0fy7dJRty-80-hdaPlVDfUAYTPOMRmPYrwuoDhkGHE.Jyv_XTXDBOYqJ4Rg5nZ0RKMDurBNR5Nag68iZPXdLmc&dib_tag=se&keywords=rode%2Bwireless%2Bpro&qid=1755253496&sprefix=Rode%2Bwirle,aps,388&sr=8-3&th=1&linkCode=sl1&tag=carltomich-22&linkId=c45e7c55dd1516f0f8708eea1e3df28d&language=en_AU&ref_=as_li_ss_tl",yes,n/a,no,no,no,missing target=_blank; missing rel nofollow sponsored
https://www.carltravels.com/phuketravelguide.html,phuketravelguide.html,490,Amazon Associates,Think Tank Backpack,https://amzn.to/467fEAU,200,"https://www.amazon.com/Think-Tank-Airport-Commuter-Backpack/dp/B0083GQI5Y?crid=2DUIR27E54VFF&dib=eyJ2IjoiMSJ9.9XG5TZXY0VQe_JM4tf_rYqZTZVCpD3yhgWrqqRz7QRe2p5T785DRre0iq_knj0lCgwWu61gX6gQhU1gnkpa0Oy5NL2IJTmQqwU2OgKZOy7CJNXpEWJDXjz5XMOXhk-qfM1nF08sucPDsn0dmURafC38s2OcI8cViV1Q67OF01Sr2OmjeufUSQg0GHKX3twaAL-kI-4oLThlIo3FD4R9r9a-4ZQqUBJQ7iiDS97TIM2g.yGwuqwlPiTaZdkN4hPtMx2ru_ylVkLWkPPgvjFU3Vo4&dib_tag=se&keywords=thinktank+travel+backpack&qid=1757035483&sprefix=thinktank+travel+backpac,aps,316&sr=8-3&linkCode=sl1&tag=carltomichtec-20&linkId=5a1043bdd87861e72327b4d1be2226de&language=en_US&ref_=as_li_ss_tl",yes,n/a,no,no,no,missing target=_blank; missing rel nofollow sponsored
https://www.carltravels.com/phuketravelguide.html,phuketravelguide.html,496,Amazon Associates,DJI Flip,https://amzn.to/41zmAVV,200,"https://www.amazon.com.au/DJI-Controller-Takeoff-Intelligent-Batteries/dp/B0DJ1FKDGP?crid=27CLM6RRHHRB4&dib=eyJ2IjoiMSJ9.xHJwj2C5oeF6OHTI195Mdn3sPKEY3lQQtbR1Ffinq4nZrf0vJkhLIitjW3VBJOJxwyVeE4yQAuXGFbWTEwFrlWWsax_d6SMbu6MShKn__FMm0mh-GoBsHRxdET8U2ZnqpxXklLfQqiThEX0uRx_FzYCEWuAVyvXSelhqtv3be5YD_EsWRzMIULJGPJlSUrdUmmEa5c91FR8syo0ZeIfK0g6nYhVRBSfryUO8DyP7t9w0yINa3lmqQbKaTVkAljF0zY95g7ligNcgPIUNDRqXXx8IdElfmIcz-LTDbcXZCVY.BHpsQw5p_iwN_R_6cb79XAe-ZNr3mHBd-DXY4w99rs8&dib_tag=se&keywords=dji%2Bflip&qid=1757034937&sprefix=dji%2Bflip,aps,261&sr=8-1&th=1&linkCode=sl1&tag=carltomich-22&linkId=086f0f4dda5311ea4c0fa2a020c7fc62&language=en_AU&ref_=as_li_ss_tl",yes,n/a,no,no,no,missing target=_blank; missing rel nofollow sponsored
https://www.carltravels.com/phuketravelguide.html,phuketravelguide.html,497,Amazon Associates,Sony A7C II,https://amzn.to/45Qk2Fw,200,"https://www.amazon.com.au/Sony-Alpha-System-Camera-28-60mm/dp/B0CGFBMNDH?crid=Y4V8WSCJABT6&dib=eyJ2IjoiMSJ9.ev7c1E-3pbpbmadeh7VdWGGGwBPVPgenkV33RBsEipu2uXVpDOT-4N719LE8z5ZZkuiatxECfZOdzpPy6zsWyTaCC9-YjTsjmmcZSgzVbtIhv6nwiqrhip-8XLyFVM8TJI0S9CtfzEuF20mZcy_wovPC1FlRfSxCGu-1DiuOJ6Z2es25G9g5miw4rVwdl2YcxPhn0n3sJchrolpd3esOjIp0QaLGvz7n3uFMc-O48l4pYSj__YDttER8crkPx69f7mSxS8ujQijijWSjmj4h9XUlNdHSaq2KQBm7l6vTkyg.johmDKkudmYJ6Vp3A83ZS0WmLiuItffyIHcQrNpcTpM&dib_tag=se&keywords=sony%2Ba7cii&qid=1757035042&sprefix=sony%2Ba7cii,aps,242&sr=8-7&th=1&linkCode=sl1&tag=carltomich-22&linkId=e6839e00766785a47c09e7449989c441&language=en_AU&ref_=as_li_ss_tl",yes,n/a,no,no,no,missing target=_blank; missing rel nofollow sponsored
https://www.carltravels.com/phuketravelguide.html,phuketravelguide.html,498,Amazon Associates,DJI Osmo Pocket 3,https://amzn.to/4gaYLJZ,200,"https://www.amazon.com.au/DJI-Stabilization-Rotatable-Touchscreen-Photography/dp/B0CG19QXWD?crid=3SHCFANSRK2GV&dib=eyJ2IjoiMSJ9.hn-IKcsoi27x5Xtepf1O0xSEJ-Xc0yIsZ5hiLNsRo0_pnL0HwMARDMaGpGot5vRUIoisskZuJLNO1vrHcsMAQPRIRCdFRvFwlfyVPydN5FfkKgbYw0s29BMkgJiljvn0_ugxYU6JZ9cLZJ8Oj30vFVBWWAWBuepYqTkzRyVqmr2ii2X5OCrM6ae484zpYvqQCRiXcJMt0dgPItUfZ0RL6z-y7KTTesad4agjzTRTAcf1lSsm2yEzEH72afh7B2OEGD2c87RWuC02g7fgtlSVS8E50gbD3A0TmSTnzJ8VLKQ.Bx4cRITeVOMwGs0D0DKW1fgGx14CLCMyLTVRjMuItUs&dib_tag=se&keywords=dji%2Bosmo%2Bpocket%2B3&qid=1757035105&sprefix=DJI,aps,491&sr=8-5&th=1&linkCode=sl1&tag=carltomich-22&linkId=6c45d0909c1797b83d49c364f2b311b2&language=en_AU&ref_=as_li_ss_tl",yes,n/a,no,no,no,missing target=_blank; missing rel nofollow sponsored
https://www.carltravels.com/phuketravelguide.html,phuketravelguide.html,499,Amazon Associates,Tamron 24–200,https://amzn.to/4n73D5P,200,"https://www.amazon.com.au/Tamron-28-200-2-8-5-6-Mirrorless-Mount/dp/B08B34HWKV?crid=2KXUS0I4U82EM&dib=eyJ2IjoiMSJ9.CirVtLEYR7BE9okHzn54invQLY0R2IpCxFbXtvO1NnS3N7bkvewO8f1Yq8HoRp8by7g8fCAGFxwZReQZiHGIleWQhBiyxX6NqLuWc2JcY0SatfWtItHN56up3Chh0D8MWnZx1sZMHuhw7JMF1wW-t-_JV04YdmuFHxRHCAkZE68WtA-D3L-Dzu4PGUjAvPjTp5SldK7-BzyvSBMXmLxJIRehuwg0-GotkfHE9WlIC_4H_U3a4PyQdb9pUPOs3wgOSlpAZtRp5xUnt9EVdnDOoa8N5AFkcblsba8g9gFHmgg.ywMyfDborErcaHwGfqjwuU9BKivzUuvVcowT6gYYSgc&dib_tag=se&keywords=Tamron%2B28%E2%80%93200mm%2B(Full-Frame)&qid=1757035157&sprefix=tamron%2B28%2B200mm%2Bfull-frame%2B,aps,322&sr=8-1&th=1&linkCode=sl1&tag=carltomich-22&linkId=48c5cc0e9d510609bb5d001f6a9afffc&language=en_AU&ref_=as_li_ss_tl",yes,n/a,no,no,no,missing target=_blank; missing rel nofollow sponsored
https://www.carltravels.com/phuketravelguide.html,phuketravelguide.html,500,Amazon Associates,RØDE Wireless PRO,https://amzn.to/46kv8CG,200,"https://www.amazon.com.au/R%C3%98DE-Microphone-Recording-Microphones-Filmmaking/dp/B0CB2HGR9Q?crid=2CDBT69BZHLYA&dib=eyJ2IjoiMSJ9.Fwy-kxiSUMPxfuFncUDsU_A5ghupefIniz-REQnE6cTWsXHx1AB2Ujp56lEEJfYAXcz8f7ItdheKMJJEt3fbcDMaXA9z2vvl2SUhzXgbV4Ukq3M5KEeOMdSPoj2cooPZeZPhHMSlekWnOVWq4c0QaOzHxx6P7Hyvkb1eAIDVxOLyj1OA_3uyhvfsRMAssRUi_DZnq7KAobBNLtcDs2i8qN-URdgmgdbkNRbQvdaF9rucUW2oiHlnh0JMDv_DLbLkroYoa-fywaWO7QG159ijgMSHpfo0uXgaCvS9UJEj_s0.c_FuiqtAbfwdPKd4F4lJZzRIPwBnxfR6xx2cadHO14I&dib_tag=se&keywords=rode%2Bwireless%2Bpro&qid=1757035251&sprefix=rode%2Bw,aps,347&sr=8-5&th=1&linkCode=sl1&tag=carltomich-22&linkId=5c5361991d8e56b532939c61e269e8be&language=en_AU&ref_=as_li_ss_tl",yes,n/a,no,no,no,missing target=_blank; missing rel nofollow sponsored
https://www.carltravels.com/phuketravelguide.html,phuketravelguide.html,501,Amazon Associates,Think Tank Backpack,https://amzn.to/3I5mApV,200,"https://www.amazon.com.au/Think-Photo-Airport-Commuter-Backpack/dp/B0083GQI5Y?crid=C0BCCANHIF1P&dib=eyJ2IjoiMSJ9.FP6oWa3JfVz8mPQHHtuj2j56z3fDBCwLggHr6aC_VQkOVxUS8E-jSv8mMw2xvwAwKKp3yS3EAZDahiqzg1lUnJ4OI4bd4xC6w4ixKLoGdQQzlllNF5w7ZnNwMLs2cJUeG6JrDAmhFlIOVrQUbQfDbizfr5yKJOBszOQia6SfusuS4weSmOcfJvJKrX1mPtUZWqSiIfvSDzHdKlE3g8kCUmOJ15MWf_Y1bSIbO8NTex-o5CV-I2CF9MLgeMPW8TqjqtcJhcqbNXq4StxmCGriYFO89wZjALKw2reJs6HtCIw.qhwKjNiiihdX328DrvLyHXcJLf0AWPHeRP_c-KJrh90&dib_tag=se&keywords=thinktank%2Btravel%2Bcommuter&qid=1757035351&sprefix=thinktank%2Btravel%2Bcommuter,aps,269&sr=8-4&th=1&psc=1&linkCode=sl1&tag=carltomich-22&linkId=500149597f5ad39a813be7771a3c54f0&language=en_AU&ref_=as_li_ss_tl",yes,n/a,no,no,no,missing target=_blank; missing rel nofollow sponsored
https://www.carltravels.com/phuketravelguide.html,phuketravelguide.html,525,Saily eSIM,👉 Activate your eSIM now,https://go.saily.site/aff_c?offer_id=101&aff_id=12234,403,https://saily.com/special/?utm_source=12234&utm_medium=affiliate&utm_campaign=101&aff_transaction_id=102671cde85b9dc60aa1208c946ed9&aff_sub=&aff_offer_id=101&aff_id=12234&url={url}&utm_content=&params[ho_asub1]=,yes,no,yes,no,no,not working or blocked; missing CARLRI5370; old Saily affiliate URL format; missing rel nofollow sponsored
https://www.carltravels.com/port-douglas-travel-guide/,port-douglas-travel-guide/index.html,553,Wise,Sign up here,https://wise.com/invite/irhc/carlt62,200,https://wise.com/invite/irhc/carlt62,yes,n/a,no,no,no,missing target=_blank; missing rel nofollow sponsored
https://www.carltravels.com/port-douglas-travel-guide/,port-douglas-travel-guide/index.html,559,Dehancer,dehancer.com/subscribe,https://www.dehancer.com/pricing/monthly,200,https://www.dehancer.com/pricing/monthly,no,n/a,no,no,no,missing tracking; missing target=_blank; missing rel nofollow sponsored
https://www.carltravels.com/port-douglas-travel-guide/,port-douglas-travel-guide/index.html,566,Amazon Associates,DJI Flip,https://amzn.to/45iZULT,200,"https://www.amazon.com.au/DJI-Controller-Takeoff-Intelligent-Batteries/dp/B0DJ1FKDGP?crid=2R4BEGV4GCOVO&dib=eyJ2IjoiMSJ9.B3ZGiV_NB4CWvaKZC46HHhqNPIONGEffr9hyQ7doXp3AXko2J8XgtkAXDGsuiEAotNNI2PbCB1AYBnn8BEqRKQmDgWoDst39DJE8gasnXCLc-jUhcRDkTU-kNRFzDwVNjg3G3I5emTMygueqNFSxWtlrc8daGW3mi4t632aghZDCMYSRFrI9w-WsipGgN-AlFd9MHv5fvM5SOZdJ3ZRc3S6dP5ZdvaJbD8dpLuwD9xBibVGNVEA8sqdNPUGc1-QA6emRyHoQcDY9W1wK8g5M_GK-2rSHwY-u6nRI0GtXeD4.0l6QuT-oAkSZ2X00AMSTCdok07QQfjyAKzBb_DdWawE&dib_tag=se&keywords=dji%2Bflip&qid=1755253304&sprefix=dji%2B,aps,500&sr=8-1&th=1&linkCode=sl1&tag=sonymoviemast-22&linkId=3f5281eb31b07e511b695e37c70531d8&language=en_AU&ref_=as_li_ss_tl",yes,n/a,no,no,no,missing target=_blank; missing rel nofollow sponsored
https://www.carltravels.com/port-douglas-travel-guide/,port-douglas-travel-guide/index.html,567,Amazon Associates,Sony A7C II,https://amzn.to/4mHhQ8H,200,"https://www.amazon.com.au/Alpha-Full-Frame-Interchangeable-Lens-Camera/dp/B0CGTTVYGM?crid=3UFGY3ITUFRIG&dib=eyJ2IjoiMSJ9.ev7c1E-3pbpbmadeh7VdWFcGksbpaD0LcfMpyGiafmIkmo2jGBt5M2E9J5fx_zQvYoa9cwkYx9Ms4314aD_KvlRP7kN7v44y5OVvwCe0hrwu3EmNb_ynMVmokWAEqEhATekuA2inkDK21iarXslKa-cwhVZmzX5YQxtcRmGKFeR772jpYj3HTrPbeI3ZQ4U9pdrLR2LEwE7JqN1U8Zd-BBT_0SJG6AhX8DL4MXBQZGSJ8ZS-_aLCTtitWZHc2pdFMTaRj76KAi4xLj1fzwW26k4n3Tyl4DcnDLsPS0O6csE.M7nmeQ9rGw5lWrk0OStz3sFcXb6hUUBIYxuSm25RGtM&dib_tag=se&keywords=Sony%2BA7CII&qid=1755253330&sprefix=sony%2Ba7ci,aps,339&sr=8-2&th=1&linkCode=sl1&tag=carltomich-22&linkId=e268d46ab451781fa56ff54460f43b36&language=en_AU&ref_=as_li_ss_tl",yes,n/a,no,no,no,missing target=_blank; missing rel nofollow sponsored
https://www.carltravels.com/port-douglas-travel-guide/,port-douglas-travel-guide/index.html,568,Amazon Associates,DJI Pocket 3,https://amzn.to/4miS3UJ,200,"https://www.amazon.com.au/DJI-Vlogging-Stabilization-Tracking-Photography/dp/B0CG19FGQ5?crid=1G6X1VC3KQ5EX&dib=eyJ2IjoiMSJ9.OLzTlYtdM2w0TP6xjlSDCa_ccSbGz-LuIU4RgcQOCNGa_FFl2x1iOz2JX6S15ZXETql3rFDOM9ga-vhK36LgBaVMgdsL9DjJ1rGI703o8l2CU7qjqJgJrjk4bbf-Ae7lDW2VKJCOIhx3uSDXuParcMtR2mX2C58Se55j-iXTxZtUyCT_KpmGnxAiC29MDSrLM27fcIM9hNcLt9qfKC4X0H4XYBQK9QDfGIOYCCdiD5lduJ45hKRSb_vcDqRsfUclWisMqQvRUilvFcJNunY7PQEwXIkjphgmLW2BdwCZLnw.kXFrNmjSvoqF8aSCDLEiVO6jy41xldw8QKHmK03PQpg&dib_tag=se&keywords=DJI%2Bpocket%2B3&qid=1755253366&sprefix=dji%2Bpocket%2B34,aps,341&sr=8-5&th=1&linkCode=sl1&tag=carltomich-22&linkId=f574fc6c948e413d7828caf3917f88c7&language=en_AU&ref_=as_li_ss_tl",yes,n/a,no,no,no,missing target=_blank; missing rel nofollow sponsored
https://www.carltravels.com/port-douglas-travel-guide/,port-douglas-travel-guide/index.html,569,Amazon Associates,Tamron 28–200,https://amzn.to/4lvd1hI,200,"https://www.amazon.com.au/Tamron-28-200-2-8-5-6-Mirrorless-Mount/dp/B08B34HWKV?crid=1QEN08AGHDA5P&dib=eyJ2IjoiMSJ9.F-1xObnXZ1qvBYq3zqlPY-NONJhLnpZLBqOzJ3HO5tTaMoqBS6y-yCzp9X2gf74AvY9AfeP0NaxoH7DZ9-baBGYipuEDZdeZDPhnjFQLAPKtme5_4_FG3s6XXvOiBciFRCc2uuwqEeNlASTcgcCCZMSMFQeah9VIUe8nfvKw3waCva02_S3xX9d-JyGDBuG_e3MirkHsz23lqve2L2QVLMa5j0OVts-mmsfQ8VCk2Mk21ZgO9UeZSpWiqPf46ib3p97ybHMdj-mSwAvwDGZsUplC0W8j79hDLbEyt4rRRsc.RD-ZusuknzzNJEQwUdBnNUgT4NbgXfMrZD-cLbs7Izg&dib_tag=se&keywords=tamron%2B24-150mm%2Bsony&qid=1755253413&sprefix=tamron%2B24-150mm%2Bson,aps,332&sr=8-8&th=1&linkCode=sl1&tag=carltomich-22&linkId=369f0dc13ba29944c2261e58637d5916&language=en_AU&ref_=as_li_ss_tl",yes,n/a,no,no,no,missing target=_blank; missing rel nofollow sponsored
https://www.carltravels.com/port-douglas-travel-guide/,port-douglas-travel-guide/index.html,570,Amazon Associates,RØDE Wireless PRO,https://amzn.to/4oHMXTy,200,"https://www.amazon.com.au/R%C3%98DE-Microphone-Recording-Microphones-Filmmaking/dp/B0CB2HGR9Q?crid=EGFFU6UZWCLT&dib=eyJ2IjoiMSJ9.DGm925iQklRK-0FmBcE9db-XNNBHUbEQUmSpGwxYevTWsXHx1AB2Ujp56lEEJfYAXcz8f7ItdheKMJJEt3fbcFJwLM0qbJZFbyXmeGeum-sa0VEabMsoDLY8CTncKG_wcQknrVxzofZHSnY2hjgptBqrzbKBtON6CpGKjvZLWJbF12me_IIzxbcIdQ8xyAiv4MZEEmpSth_cBUSNn31q0t3k7bBm6YhlZLAdCOz86vQKfMf3dxTZHnqFsWMWlUF7v0fy7dJRty-80-hdaPlVDfUAYTPOMRmPYrwuoDhkGHE.Jyv_XTXDBOYqJ4Rg5nZ0RKMDurBNR5Nag68iZPXdLmc&dib_tag=se&keywords=rode%2Bwireless%2Bpro&qid=1755253496&sprefix=Rode%2Bwirle,aps,388&sr=8-3&th=1&linkCode=sl1&tag=carltomich-22&linkId=c45e7c55dd1516f0f8708eea1e3df28d&language=en_AU&ref_=as_li_ss_tl",yes,n/a,no,no,no,missing target=_blank; missing rel nofollow sponsored
https://www.carltravels.com/port-douglas-travel-guide/,port-douglas-travel-guide/index.html,571,Amazon Associates,Think Tank Backpack,https://amzn.to/467fEAU,200,"https://www.amazon.com/Think-Tank-Airport-Commuter-Backpack/dp/B0083GQI5Y?crid=2DUIR27E54VFF&dib=eyJ2IjoiMSJ9.9XG5TZXY0VQe_JM4tf_rYqZTZVCpD3yhgWrqqRz7QRe2p5T785DRre0iq_knj0lCgwWu61gX6gQhU1gnkpa0Oy5NL2IJTmQqwU2OgKZOy7CJNXpEWJDXjz5XMOXhk-qfM1nF08sucPDsn0dmURafC38s2OcI8cViV1Q67OF01Sr2OmjeufUSQg0GHKX3twaAL-kI-4oLThlIo3FD4R9r9a-4ZQqUBJQ7iiDS97TIM2g.yGwuqwlPiTaZdkN4hPtMx2ru_ylVkLWkPPgvjFU3Vo4&dib_tag=se&keywords=thinktank+travel+backpack&qid=1757035483&sprefix=thinktank+travel+backpac,aps,316&sr=8-3&linkCode=sl1&tag=carltomichtec-20&linkId=5a1043bdd87861e72327b4d1be2226de&language=en_US&ref_=as_li_ss_tl",yes,n/a,no,no,no,missing target=_blank; missing rel nofollow sponsored
https://www.carltravels.com/port-douglas-travel-guide/,port-douglas-travel-guide/index.html,577,Amazon Associates,DJI Flip,https://amzn.to/41zmAVV,200,"https://www.amazon.com.au/DJI-Controller-Takeoff-Intelligent-Batteries/dp/B0DJ1FKDGP?crid=27CLM6RRHHRB4&dib=eyJ2IjoiMSJ9.xHJwj2C5oeF6OHTI195Mdn3sPKEY3lQQtbR1Ffinq4nZrf0vJkhLIitjW3VBJOJxwyVeE4yQAuXGFbWTEwFrlWWsax_d6SMbu6MShKn__FMm0mh-GoBsHRxdET8U2ZnqpxXklLfQqiThEX0uRx_FzYCEWuAVyvXSelhqtv3be5YD_EsWRzMIULJGPJlSUrdUmmEa5c91FR8syo0ZeIfK0g6nYhVRBSfryUO8DyP7t9w0yINa3lmqQbKaTVkAljF0zY95g7ligNcgPIUNDRqXXx8IdElfmIcz-LTDbcXZCVY.BHpsQw5p_iwN_R_6cb79XAe-ZNr3mHBd-DXY4w99rs8&dib_tag=se&keywords=dji%2Bflip&qid=1757034937&sprefix=dji%2Bflip,aps,261&sr=8-1&th=1&linkCode=sl1&tag=carltomich-22&linkId=086f0f4dda5311ea4c0fa2a020c7fc62&language=en_AU&ref_=as_li_ss_tl",yes,n/a,no,no,no,missing target=_blank; missing rel nofollow sponsored
https://www.carltravels.com/port-douglas-travel-guide/,port-douglas-travel-guide/index.html,578,Amazon Associates,Sony A7C II,https://amzn.to/45Qk2Fw,200,"https://www.amazon.com.au/Sony-Alpha-System-Camera-28-60mm/dp/B0CGFBMNDH?crid=Y4V8WSCJABT6&dib=eyJ2IjoiMSJ9.ev7c1E-3pbpbmadeh7VdWGGGwBPVPgenkV33RBsEipu2uXVpDOT-4N719LE8z5ZZkuiatxECfZOdzpPy6zsWyTaCC9-YjTsjmmcZSgzVbtIhv6nwiqrhip-8XLyFVM8TJI0S9CtfzEuF20mZcy_wovPC1FlRfSxCGu-1DiuOJ6Z2es25G9g5miw4rVwdl2YcxPhn0n3sJchrolpd3esOjIp0QaLGvz7n3uFMc-O48l4pYSj__YDttER8crkPx69f7mSxS8ujQijijWSjmj4h9XUlNdHSaq2KQBm7l6vTkyg.johmDKkudmYJ6Vp3A83ZS0WmLiuItffyIHcQrNpcTpM&dib_tag=se&keywords=sony%2Ba7cii&qid=1757035042&sprefix=sony%2Ba7cii,aps,242&sr=8-7&th=1&linkCode=sl1&tag=carltomich-22&linkId=e6839e00766785a47c09e7449989c441&language=en_AU&ref_=as_li_ss_tl",yes,n/a,no,no,no,missing target=_blank; missing rel nofollow sponsored
https://www.carltravels.com/port-douglas-travel-guide/,port-douglas-travel-guide/index.html,579,Amazon Associates,DJI Osmo Pocket 3,https://amzn.to/4gaYLJZ,200,"https://www.amazon.com.au/DJI-Stabilization-Rotatable-Touchscreen-Photography/dp/B0CG19QXWD?crid=3SHCFANSRK2GV&dib=eyJ2IjoiMSJ9.hn-IKcsoi27x5Xtepf1O0xSEJ-Xc0yIsZ5hiLNsRo0_pnL0HwMARDMaGpGot5vRUIoisskZuJLNO1vrHcsMAQPRIRCdFRvFwlfyVPydN5FfkKgbYw0s29BMkgJiljvn0_ugxYU6JZ9cLZJ8Oj30vFVBWWAWBuepYqTkzRyVqmr2ii2X5OCrM6ae484zpYvqQCRiXcJMt0dgPItUfZ0RL6z-y7KTTesad4agjzTRTAcf1lSsm2yEzEH72afh7B2OEGD2c87RWuC02g7fgtlSVS8E50gbD3A0TmSTnzJ8VLKQ.Bx4cRITeVOMwGs0D0DKW1fgGx14CLCMyLTVRjMuItUs&dib_tag=se&keywords=dji%2Bosmo%2Bpocket%2B3&qid=1757035105&sprefix=DJI,aps,491&sr=8-5&th=1&linkCode=sl1&tag=carltomich-22&linkId=6c45d0909c1797b83d49c364f2b311b2&language=en_AU&ref_=as_li_ss_tl",yes,n/a,no,no,no,missing target=_blank; missing rel nofollow sponsored
https://www.carltravels.com/port-douglas-travel-guide/,port-douglas-travel-guide/index.html,580,Amazon Associates,Tamron 24–200,https://amzn.to/4n73D5P,200,"https://www.amazon.com.au/Tamron-28-200-2-8-5-6-Mirrorless-Mount/dp/B08B34HWKV?crid=2KXUS0I4U82EM&dib=eyJ2IjoiMSJ9.CirVtLEYR7BE9okHzn54invQLY0R2IpCxFbXtvO1NnS3N7bkvewO8f1Yq8HoRp8by7g8fCAGFxwZReQZiHGIleWQhBiyxX6NqLuWc2JcY0SatfWtItHN56up3Chh0D8MWnZx1sZMHuhw7JMF1wW-t-_JV04YdmuFHxRHCAkZE68WtA-D3L-Dzu4PGUjAvPjTp5SldK7-BzyvSBMXmLxJIRehuwg0-GotkfHE9WlIC_4H_U3a4PyQdb9pUPOs3wgOSlpAZtRp5xUnt9EVdnDOoa8N5AFkcblsba8g9gFHmgg.ywMyfDborErcaHwGfqjwuU9BKivzUuvVcowT6gYYSgc&dib_tag=se&keywords=Tamron%2B28%E2%80%93200mm%2B(Full-Frame)&qid=1757035157&sprefix=tamron%2B28%2B200mm%2Bfull-frame%2B,aps,322&sr=8-1&th=1&linkCode=sl1&tag=carltomich-22&linkId=48c5cc0e9d510609bb5d001f6a9afffc&language=en_AU&ref_=as_li_ss_tl",yes,n/a,no,no,no,missing target=_blank; missing rel nofollow sponsored
https://www.carltravels.com/port-douglas-travel-guide/,port-douglas-travel-guide/index.html,581,Amazon Associates,RØDE Wireless PRO,https://amzn.to/46kv8CG,200,"https://www.amazon.com.au/R%C3%98DE-Microphone-Recording-Microphones-Filmmaking/dp/B0CB2HGR9Q?crid=2CDBT69BZHLYA&dib=eyJ2IjoiMSJ9.Fwy-kxiSUMPxfuFncUDsU_A5ghupefIniz-REQnE6cTWsXHx1AB2Ujp56lEEJfYAXcz8f7ItdheKMJJEt3fbcDMaXA9z2vvl2SUhzXgbV4Ukq3M5KEeOMdSPoj2cooPZeZPhHMSlekWnOVWq4c0QaOzHxx6P7Hyvkb1eAIDVxOLyj1OA_3uyhvfsRMAssRUi_DZnq7KAobBNLtcDs2i8qN-URdgmgdbkNRbQvdaF9rucUW2oiHlnh0JMDv_DLbLkroYoa-fywaWO7QG159ijgMSHpfo0uXgaCvS9UJEj_s0.c_FuiqtAbfwdPKd4F4lJZzRIPwBnxfR6xx2cadHO14I&dib_tag=se&keywords=rode%2Bwireless%2Bpro&qid=1757035251&sprefix=rode%2Bw,aps,347&sr=8-5&th=1&linkCode=sl1&tag=carltomich-22&linkId=5c5361991d8e56b532939c61e269e8be&language=en_AU&ref_=as_li_ss_tl",yes,n/a,no,no,no,missing target=_blank; missing rel nofollow sponsored
https://www.carltravels.com/port-douglas-travel-guide/,port-douglas-travel-guide/index.html,582,Amazon Associates,Think Tank Backpack,https://amzn.to/3I5mApV,200,"https://www.amazon.com.au/Think-Photo-Airport-Commuter-Backpack/dp/B0083GQI5Y?crid=C0BCCANHIF1P&dib=eyJ2IjoiMSJ9.FP6oWa3JfVz8mPQHHtuj2j56z3fDBCwLggHr6aC_VQkOVxUS8E-jSv8mMw2xvwAwKKp3yS3EAZDahiqzg1lUnJ4OI4bd4xC6w4ixKLoGdQQzlllNF5w7ZnNwMLs2cJUeG6JrDAmhFlIOVrQUbQfDbizfr5yKJOBszOQia6SfusuS4weSmOcfJvJKrX1mPtUZWqSiIfvSDzHdKlE3g8kCUmOJ15MWf_Y1bSIbO8NTex-o5CV-I2CF9MLgeMPW8TqjqtcJhcqbNXq4StxmCGriYFO89wZjALKw2reJs6HtCIw.qhwKjNiiihdX328DrvLyHXcJLf0AWPHeRP_c-KJrh90&dib_tag=se&keywords=thinktank%2Btravel%2Bcommuter&qid=1757035351&sprefix=thinktank%2Btravel%2Bcommuter,aps,269&sr=8-4&th=1&psc=1&linkCode=sl1&tag=carltomich-22&linkId=500149597f5ad39a813be7771a3c54f0&language=en_AU&ref_=as_li_ss_tl",yes,n/a,no,no,no,missing target=_blank; missing rel nofollow sponsored
https://www.carltravels.com/port-douglas-travel-guide/,port-douglas-travel-guide/index.html,604,Saily eSIM,👉 Activate your eSIM now,https://go.saily.site/aff_c?offer_id=101&aff_id=12234,403,https://saily.com/special/?utm_source=12234&utm_medium=affiliate&utm_campaign=101&aff_transaction_id=102671cde85b9dc60aa1208c946ed9&aff_sub=&aff_offer_id=101&aff_id=12234&url={url}&utm_content=&params[ho_asub1]=,yes,no,yes,no,no,not working or blocked; missing CARLRI5370; old Saily affiliate URL format; missing rel nofollow sponsored
https://www.carltravels.com/portdouglas.html,portdouglas.html,565,Saily eSIM,👉 Activate your eSIM now,https://go.saily.site/aff_c?offer_id=101&aff_id=12234,403,https://saily.com/special/?utm_source=12234&utm_medium=affiliate&utm_campaign=101&aff_transaction_id=102671cde85b9dc60aa1208c946ed9&aff_sub=&aff_offer_id=101&aff_id=12234&url={url}&utm_content=&params[ho_asub1]=,yes,no,yes,no,no,not working or blocked; missing CARLRI5370; old Saily affiliate URL format; missing rel nofollow sponsored
https://www.carltravels.com/pros-and-cons-and-cost-of-living-in-hanoi.html,pros-and-cons-and-cost-of-living-in-hanoi.html,550,Saily eSIM,👉 Activate your eSIM now,https://go.saily.site/aff_c?offer_id=101&aff_id=12234,403,https://saily.com/special/?utm_source=12234&utm_medium=affiliate&utm_campaign=101&aff_transaction_id=102671cde85b9dc60aa1208c946ed9&aff_sub=&aff_offer_id=101&aff_id=12234&url={url}&utm_content=&params[ho_asub1]=,yes,no,yes,no,no,not working or blocked; missing CARLRI5370; old Saily affiliate URL format; missing rel nofollow sponsored
https://www.carltravels.com/saily-e-simguide.html,saily-e-simguide.html,103,Saily eSIM,Try Saily,https://go.saily.site/aff_c?offer_id=101&aff_id=12234,403,https://saily.com/special/?utm_source=12234&utm_medium=affiliate&utm_campaign=101&aff_transaction_id=102671cde85b9dc60aa1208c946ed9&aff_sub=&aff_offer_id=101&aff_id=12234&url={url}&utm_content=&params[ho_asub1]=,yes,no,yes,no,no,not working or blocked; missing CARLRI5370; old Saily affiliate URL format; missing rel nofollow sponsored
https://www.carltravels.com/saily-e-simguide.html,saily-e-simguide.html,108,Yesim eSIM,Yesim Guide,https://www.carltravels.com/yesim-guide.html,200,https://www.carltravels.com/yesim-guide.html,no,n/a,no,no,no,missing tracking; missing target=_blank; missing rel nofollow sponsored
https://www.carltravels.com/sapa-travel-guide.html,sapa-travel-guide.html,336,Saily eSIM,👉 Activate your eSIM now,https://go.saily.site/aff_c?offer_id=101&aff_id=12234,403,https://saily.com/special/?utm_source=12234&utm_medium=affiliate&utm_campaign=101&aff_transaction_id=102671cde85b9dc60aa1208c946ed9&aff_sub=&aff_offer_id=101&aff_id=12234&url={url}&utm_content=&params[ho_asub1]=,yes,no,yes,no,no,not working or blocked; missing CARLRI5370; old Saily affiliate URL format; missing rel nofollow sponsored
https://www.carltravels.com/somnipods-3-review.html,somnipods-3-review.html,296,Somnipods/Fitnexa,Get $5 Off (Code: CARL5),https://go.fitnexa.com/s0moIS,200,https://www.fitnexa.com/product/fitnexa-somnipods-3?utm_source=kol&utm_medium=youtube&utm_campaign=CarlTomichTech,yes,n/a,yes,no,no,missing rel nofollow sponsored
https://www.carltravels.com/somnipods-3-review.html,somnipods-3-review.html,296,Somnipods/Fitnexa,🎧 Order SomniPods 3 Here,https://go.fitnexa.com/s0moIS,200,https://www.fitnexa.com/product/fitnexa-somnipods-3?utm_source=kol&utm_medium=youtube&utm_campaign=CarlTomichTech,yes,n/a,yes,no,no,missing rel nofollow sponsored
https://www.carltravels.com/somnipods-3-review.html,somnipods-3-review.html,296,Somnipods/Fitnexa,Grab the Deal,https://go.fitnexa.com/s0moIS,200,https://www.fitnexa.com/product/fitnexa-somnipods-3?utm_source=kol&utm_medium=youtube&utm_campaign=CarlTomichTech,yes,n/a,yes,no,no,missing rel nofollow sponsored
https://www.carltravels.com/somnipods-3-review.html,somnipods-3-review.html,484,Saily eSIM,👉 Activate your eSIM now,https://go.saily.site/aff_c?offer_id=101&aff_id=12234,403,https://saily.com/special/?utm_source=12234&utm_medium=affiliate&utm_campaign=101&aff_transaction_id=102671cde85b9dc60aa1208c946ed9&aff_sub=&aff_offer_id=101&aff_id=12234&url={url}&utm_content=&params[ho_asub1]=,yes,no,yes,no,no,not working or blocked; missing CARLRI5370; old Saily affiliate URL format; missing rel nofollow sponsored
https://www.carltravels.com/sony-a7cii-review.html,sony-a7cii-review.html,384,Amazon Associates,Main Camera (Sony A7CII),https://amzn.to/4c41Mde,200,"https://www.amazon.com/Sony-Alpha-Full-Frame-Interchangeable-Camera/dp/B0CGTWZGWB?crid=3DUG7SYRD189G&dib=eyJ2IjoiMSJ9.ev7c1E-3pbpbmadeh7VdWIIAsLsepdNz-6K9_6D2DSeTW11NZLtBvIeGzEtgdeSbSIU-yFEfg--hVoQ0gJdmur2uvTLiE4wv5o-g_pdJWYOSE2L5jH1T4eCL5Fv9L3oRdh8DZ3BQNA5MatuZlATG0NHDeaUWPKuYS44eTiJPmcx_JwpRWUePkfVLm-eozbikzOevCUORBpIL11bZP_81R0V5xVWCog5IWaweyun-jF0.w_GvGnaQfZCLFu3gPhqFueFEAC4YHi7VRTEN8lBWi64&dib_tag=se&keywords=sony%2Ba7cii&qid=1742790115&sprefix=sony%2Ba7cii,aps,278&sr=8-1&th=1&linkCode=sl1&tag=carltomichtec-20&linkId=3d786ab6fb1b568679469bd7f57a3f9a&language=en_US&ref_=as_li_ss_tl",yes,n/a,no,no,no,missing target=_blank; missing rel nofollow sponsored
https://www.carltravels.com/sony-a7cii-review.html,sony-a7cii-review.html,385,Amazon Associates,Camera Backpack,https://amzn.to/4c0rCPk,200,"https://www.amazon.com/Think-Tank-Airport-Essentials-Backpack/dp/B0083GRJDE?crid=3EZ3TM1TXXYRO&dib=eyJ2IjoiMSJ9.M6E5sk_m1xxIBvupj3tZGIZhbsYtgetkkp_o8UQf3YGOFKQoM1rk_4odILzZJg1ijxZIx-9-KOTDYG6OGdUzscZgTPKyrcXU71nm7rt3T4PeQhdMtORMW97mTHwiKsCz8TPl8Iayxk6JdJRuPZihOzjnUiq3U_5ZiDxMnjzeowTuBUxL3mMU6i93I3j89idFzBcbcq5BJ2H_-l0MkFkc5ZkIHIAvL8VASR6T-Sj1aR4.0aI-C10hGw6FeIQtLmhQrvGkv3VIReAJFLGPStqm5n8&dib_tag=se&keywords=think+tank+airport+commuter+backpack&qid=1742790274&sprefix=airport+commu,aps,315&sr=8-1&linkCode=sl1&tag=carltomichtec-20&linkId=3660ce0a633e8356b217b5c706e076cd&language=en_US&ref_=as_li_ss_tl",yes,n/a,no,no,no,missing target=_blank; missing rel nofollow sponsored
https://www.carltravels.com/sony-a7cii-review.html,sony-a7cii-review.html,386,Amazon Associates,Lens: Tamron 24–200mm,https://amzn.to/4hy5EUQ,200,"https://www.amazon.com/Tamron-28-200-2-8-5-6-Mirrorless-Mount/dp/B08B34HWKV?crid=2GX8MUI8KKWMQ&dib=eyJ2IjoiMSJ9.-TVtaZpdcou7J5BiRywWV2vlcLYEkD1iNn_TTPuUetTLqCIrCiUv4uHwmmvVkbHWk1Jd62tVr_SZkTpwZgT9fJLLofGJpVZ6uGHJ3ZpY0jPO63qcyOQh4d9arPehqaq-oIse6ePGPqigYfCgLDeuoKflqLlXKhgppC9j42ewf4_FhZjvRrhHOoO9Xf158MviEIGmlttJQgvdY6vqKaGZeUUaZElKyFKWyRpaMK0p3bA.NpodXnpHgvdSd8c2XIKRZhhbdXyXUAuqsqAGHXcfypw&dib_tag=se&keywords=tamron+24-200+f2.8+sony+e+mount&qid=1742790454&sprefix=tamron+24-200,aps,266&sr=8-1&linkCode=sl1&tag=carltomichtec-20&linkId=870b5db590d77bad5523f1c854f6c6cc&language=en_US&ref_=as_li_ss_tl",yes,n/a,no,no,no,missing target=_blank; missing rel nofollow sponsored
https://www.carltravels.com/sony-a7cii-review.html,sony-a7cii-review.html,387,Amazon Associates,Field Monitor,https://amzn.to/3RRXpZC,202,https://www.amazon.com/,yes,n/a,no,no,no,missing target=_blank; missing rel nofollow sponsored
https://www.carltravels.com/sony-a7cii-review.html,sony-a7cii-review.html,388,Amazon Associates,RØDE Wireless Pro,https://www.amazon.com/s?k=Rode+Wireless+Pro,503,https://www.amazon.com/s?k=Rode+Wireless+Pro,no,n/a,no,no,no,not working or blocked; missing tracking; missing target=_blank; missing rel nofollow sponsored
https://www.carltravels.com/sony-a7cii-review.html,sony-a7cii-review.html,389,Amazon Associates,Lighting Kit,https://amzn.to/421eJjs,200,"https://www.amazon.com/Aputure-Pixel-Mappable-10000K-Pixels-Built/dp/B0B6V5CGP3?crid=3EVHRGNBJU3MS&dib=eyJ2IjoiMSJ9.AAY7eGoxJSODGZjjcDedD3Bd0og29CMqD2VfY-ldd-GKc7pNaD7LcIrw_1PJ2kSCDWJ7jemwb_X74Rpr74bsvKm6qLzu4IfbU3p2qdZAY4S8FKlsJ1bcSNZWjmW1_XA6CPUFhYrTf4rrxmuaVO5vs8K5jqXDM6smZ-M1byVou3iw8nyNg3t6BQqOTy-GWgxmTyVqu2M5dHh_J7ZJn-XDhCpkTQbiboHM0WORoKJc4Y0.YW5Mo5xj2F5thDM7ftyUy5CJRsf_XOq2GD9wXpiUzhY&dib_tag=se&keywords=aputure+mt+pro&qid=1742790630&sprefix=apature+mt+,aps,274&sr=8-1-spons&sp_csd=d2lkZ2V0TmFtZT1zcF9hdGY&psc=1&linkCode=sl1&tag=carltomichtec-20&linkId=a9e0dd7a531d775bbe21322fe12b9370&language=en_US&ref_=as_li_ss_tl",yes,n/a,no,no,no,missing target=_blank; missing rel nofollow sponsored
https://www.carltravels.com/sony-a7cii-review.html,sony-a7cii-review.html,485,Saily eSIM,👉 Activate your eSIM now,https://go.saily.site/aff_c?offer_id=101&aff_id=12234,403,https://saily.com/special/?utm_source=12234&utm_medium=affiliate&utm_campaign=101&aff_transaction_id=102671cde85b9dc60aa1208c946ed9&aff_sub=&aff_offer_id=101&aff_id=12234&url={url}&utm_content=&params[ho_asub1]=,yes,no,yes,no,no,not working or blocked; missing CARLRI5370; old Saily affiliate URL format; missing rel nofollow sponsored
https://www.carltravels.com/sony-a7iii-review-2025.html,sony-a7iii-review-2025.html,181,Saily eSIM,👉 Activate your eSIM now,https://go.saily.site/aff_c?offer_id=101&aff_id=12234,403,https://saily.com/special/?utm_source=12234&utm_medium=affiliate&utm_campaign=101&aff_transaction_id=102671cde85b9dc60aa1208c946ed9&aff_sub=&aff_offer_id=101&aff_id=12234&url={url}&utm_content=&params[ho_asub1]=,yes,no,yes,no,no,not working or blocked; missing CARLRI5370; old Saily affiliate URL format; missing rel nofollow sponsored
https://www.carltravels.com/sony-fx30-setup-guide.html,sony-fx30-setup-guide.html,276,Amazon Associates,CHECK PRICE ON AMAZON →,https://www.amazon.com/s?k=Sigma+18-50mm+f2.8+Sony+E,503,https://www.amazon.com/s?k=Sigma+18-50mm+f2.8+Sony+E,no,n/a,no,no,no,not working or blocked; missing tracking; missing target=_blank; missing rel nofollow sponsored
https://www.carltravels.com/sony-fx30-setup-guide.html,sony-fx30-setup-guide.html,290,Amazon Associates,CHECK PRICE ON AMAZON →,https://www.amazon.com/s?k=Sony+15mm+f1.4+G,503,https://www.amazon.com/s?k=Sony+15mm+f1.4+G,no,n/a,no,no,no,not working or blocked; missing tracking; missing target=_blank; missing rel nofollow sponsored
https://www.carltravels.com/sony-fx30-setup-guide.html,sony-fx30-setup-guide.html,351,Saily eSIM,👉 Activate your eSIM now,https://go.saily.site/aff_c?offer_id=101&aff_id=12234,403,https://saily.com/special/?utm_source=12234&utm_medium=affiliate&utm_campaign=101&aff_transaction_id=102671cde85b9dc60aa1208c946ed9&aff_sub=&aff_offer_id=101&aff_id=12234&url={url}&utm_content=&params[ho_asub1]=,yes,no,yes,no,no,not working or blocked; missing CARLRI5370; old Saily affiliate URL format; missing rel nofollow sponsored
https://www.carltravels.com/soundmarket.html,soundmarket.html,178,Other tracked outbound,Visit SoundMarket,https://soundmarket.io/?ref=CarlTravels,200,https://soundmarket.io/?ref=CarlTravels,yes,n/a,yes,no,no,missing rel nofollow sponsored
https://www.carltravels.com/soundmarket.html,soundmarket.html,178,Other tracked outbound,soundmarket.io,https://soundmarket.io/?ref=CarlTravels,200,https://soundmarket.io/?ref=CarlTravels,yes,n/a,yes,no,no,missing rel nofollow sponsored
https://www.carltravels.com/starting-over-at-40.html,starting-over-at-40.html,364,Saily eSIM,👉 Activate your eSIM now,https://go.saily.site/aff_c?offer_id=101&aff_id=12234,403,https://saily.com/special/?utm_source=12234&utm_medium=affiliate&utm_campaign=101&aff_transaction_id=102671cde85b9dc60aa1208c946ed9&aff_sub=&aff_offer_id=101&aff_id=12234&url={url}&utm_content=&params[ho_asub1]=,yes,no,yes,no,no,not working or blocked; missing CARLRI5370; old Saily affiliate URL format; missing rel nofollow sponsored
https://www.carltravels.com/tech-review-dji-mavic3.html,tech-review-dji-mavic3.html,371,Amazon Associates,DJI Mavic 3 (Standard Combo),https://www.amazon.com/s?k=DJI+Mavic+3,503,https://www.amazon.com/s?k=DJI+Mavic+3,no,n/a,no,no,no,not working or blocked; missing tracking; missing target=_blank; missing rel nofollow sponsored
https://www.carltravels.com/tech-review-dji-mavic3.html,tech-review-dji-mavic3.html,372,Amazon Associates,DJI ND Filter Set,https://www.amazon.com/s?k=DJI+Mavic+3+ND+filters,503,https://www.amazon.com/s?k=DJI+Mavic+3+ND+filters,no,n/a,no,no,no,not working or blocked; missing tracking; missing target=_blank; missing rel nofollow sponsored
https://www.carltravels.com/tech-review-dji-mavic3.html,tech-review-dji-mavic3.html,373,Amazon Associates,Mavic 3 Extra Battery,https://www.amazon.com/s?k=DJI+Mavic+3+battery,503,https://www.amazon.com/s?k=DJI+Mavic+3+battery,no,n/a,no,no,no,not working or blocked; missing tracking; missing target=_blank; missing rel nofollow sponsored
https://www.carltravels.com/tech-review-dji-mavic3.html,tech-review-dji-mavic3.html,374,Amazon Associates,Drone Carry Case,https://www.amazon.com/s?k=drone+carry+case,503,https://www.amazon.com/s?k=drone+carry+case,no,n/a,no,no,no,not working or blocked; missing tracking; missing target=_blank; missing rel nofollow sponsored
https://www.carltravels.com/tech-review-dji-mavic3.html,tech-review-dji-mavic3.html,470,Saily eSIM,👉 Activate your eSIM now,https://go.saily.site/aff_c?offer_id=101&aff_id=12234,403,https://saily.com/special/?utm_source=12234&utm_medium=affiliate&utm_campaign=101&aff_transaction_id=102671cde85b9dc60aa1208c946ed9&aff_sub=&aff_offer_id=101&aff_id=12234&url={url}&utm_content=&params[ho_asub1]=,yes,no,yes,no,no,not working or blocked; missing CARLRI5370; old Saily affiliate URL format; missing rel nofollow sponsored
https://www.carltravels.com/tech-review-sony-a7siii.html,tech-review-sony-a7siii.html,412,Amazon Associates,See Current Deals,https://amzn.to/3Ktc4tq,200,"https://www.amazon.com/Sony-Full-Frame-Mirrorless-Interchangeable-Lens-ILCE7M3/dp/B07B43WPVK?crid=3QNM77LARF9GH&dib=eyJ2IjoiMSJ9.4NuxoLCbLb-dfaxfQmy0ycwN7dmCCPwm84KyW-bdcuaQ499rUoRvJoWwFywH53j6Vaom-_2JOzGGTgojVUpbxZ5ZiUseMnAaKvwyhPgkgn-mX1rSXfIYAphSv4jbfwmL4ZX6vKqvBDvuLs3oa65jMQj-VjdOQLOU0x52e0S0AqAtJBnHCRatDHq-fTFqhLwuEfrJOSIPgJohoDrgWQmQO51n70NyvLlozm2nM-gRNR8.zFO4j9n50SJ_UXK8wfRkBh5_vtidZzcmymLXnj8getA&dib_tag=se&keywords=sony%2Ba7iii&qid=1758254663&sprefix=sona7iii,aps,334&sr=8-1&th=1&linkCode=sl1&tag=carltomichtec-20&linkId=3820060a66672f78b5d42122129ae2d6&language=en_US&ref_=as_li_ss_tl",yes,n/a,yes,no,no,missing rel nofollow sponsored
https://www.carltravels.com/tech-review-sony-a7siii.html,tech-review-sony-a7siii.html,412,Amazon Associates,Buy the Sony A7III on Amazon,https://amzn.to/3Ktc4tq,200,"https://www.amazon.com/Sony-Full-Frame-Mirrorless-Interchangeable-Lens-ILCE7M3/dp/B07B43WPVK?crid=3QNM77LARF9GH&dib=eyJ2IjoiMSJ9.4NuxoLCbLb-dfaxfQmy0ycwN7dmCCPwm84KyW-bdcuaQ499rUoRvJoWwFywH53j6Vaom-_2JOzGGTgojVUpbxZ5ZiUseMnAaKvwyhPgkgn-mX1rSXfIYAphSv4jbfwmL4ZX6vKqvBDvuLs3oa65jMQj-VjdOQLOU0x52e0S0AqAtJBnHCRatDHq-fTFqhLwuEfrJOSIPgJohoDrgWQmQO51n70NyvLlozm2nM-gRNR8.zFO4j9n50SJ_UXK8wfRkBh5_vtidZzcmymLXnj8getA&dib_tag=se&keywords=sony%2Ba7iii&qid=1758254663&sprefix=sona7iii,aps,334&sr=8-1&th=1&linkCode=sl1&tag=carltomichtec-20&linkId=3820060a66672f78b5d42122129ae2d6&language=en_US&ref_=as_li_ss_tl",yes,n/a,yes,no,no,missing rel nofollow sponsored
https://www.carltravels.com/tech-review-sony-a7siii.html,tech-review-sony-a7siii.html,476,Saily eSIM,👉 Activate your eSIM now,https://go.saily.site/aff_c?offer_id=101&aff_id=12234,403,https://saily.com/special/?utm_source=12234&utm_medium=affiliate&utm_campaign=101&aff_transaction_id=102671cde85b9dc60aa1208c946ed9&aff_sub=&aff_offer_id=101&aff_id=12234&url={url}&utm_content=&params[ho_asub1]=,yes,no,yes,no,no,not working or blocked; missing CARLRI5370; old Saily affiliate URL format; missing rel nofollow sponsored
https://www.carltravels.com/tech-review-zhiyun-weebill2.html,tech-review-zhiyun-weebill2.html,323,Amazon Associates,Check Price,https://www.amazon.com/s?k=Zhiyun+Weebill+2,503,https://www.amazon.com/s?k=Zhiyun+Weebill+2,no,n/a,yes,no,no,not working or blocked; missing tracking; missing rel nofollow sponsored
https://www.carltravels.com/tech-review-zhiyun-weebill2.html,tech-review-zhiyun-weebill2.html,382,Saily eSIM,👉 Activate your eSIM now,https://go.saily.site/aff_c?offer_id=101&aff_id=12234,403,https://saily.com/special/?utm_source=12234&utm_medium=affiliate&utm_campaign=101&aff_transaction_id=102671cde85b9dc60aa1208c946ed9&aff_sub=&aff_offer_id=101&aff_id=12234&url={url}&utm_content=&params[ho_asub1]=,yes,no,yes,no,no,not working or blocked; missing CARLRI5370; old Saily affiliate URL format; missing rel nofollow sponsored
https://www.carltravels.com/the-reality-of-living-overseas.html,the-reality-of-living-overseas.html,354,Saily eSIM,👉 Activate your eSIM now,https://go.saily.site/aff_c?offer_id=101&aff_id=12234,403,https://saily.com/special/?utm_source=12234&utm_medium=affiliate&utm_campaign=101&aff_transaction_id=102671cde85b9dc60aa1208c946ed9&aff_sub=&aff_offer_id=101&aff_id=12234&url={url}&utm_content=&params[ho_asub1]=,yes,no,yes,no,no,not working or blocked; missing CARLRI5370; old Saily affiliate URL format; missing rel nofollow sponsored
https://www.carltravels.com/thebesttemplesinhanoi.html,thebesttemplesinhanoi.html,346,Amazon Associates,DJI Flip (US),https://amzn.to/45iZULT,200,"https://www.amazon.com.au/DJI-Controller-Takeoff-Intelligent-Batteries/dp/B0DJ1FKDGP?crid=2R4BEGV4GCOVO&dib=eyJ2IjoiMSJ9.B3ZGiV_NB4CWvaKZC46HHhqNPIONGEffr9hyQ7doXp3AXko2J8XgtkAXDGsuiEAotNNI2PbCB1AYBnn8BEqRKQmDgWoDst39DJE8gasnXCLc-jUhcRDkTU-kNRFzDwVNjg3G3I5emTMygueqNFSxWtlrc8daGW3mi4t632aghZDCMYSRFrI9w-WsipGgN-AlFd9MHv5fvM5SOZdJ3ZRc3S6dP5ZdvaJbD8dpLuwD9xBibVGNVEA8sqdNPUGc1-QA6emRyHoQcDY9W1wK8g5M_GK-2rSHwY-u6nRI0GtXeD4.0l6QuT-oAkSZ2X00AMSTCdok07QQfjyAKzBb_DdWawE&dib_tag=se&keywords=dji%2Bflip&qid=1755253304&sprefix=dji%2B,aps,500&sr=8-1&th=1&linkCode=sl1&tag=sonymoviemast-22&linkId=3f5281eb31b07e511b695e37c70531d8&language=en_AU&ref_=as_li_ss_tl",yes,n/a,yes,no,no,missing rel nofollow sponsored
https://www.carltravels.com/thebesttemplesinhanoi.html,thebesttemplesinhanoi.html,347,Amazon Associates,Sony A7C II (US),https://amzn.to/4mHhQ8H,200,"https://www.amazon.com.au/Alpha-Full-Frame-Interchangeable-Lens-Camera/dp/B0CGTTVYGM?crid=3UFGY3ITUFRIG&dib=eyJ2IjoiMSJ9.ev7c1E-3pbpbmadeh7VdWFcGksbpaD0LcfMpyGiafmIkmo2jGBt5M2E9J5fx_zQvYoa9cwkYx9Ms4314aD_KvlRP7kN7v44y5OVvwCe0hrwu3EmNb_ynMVmokWAEqEhATekuA2inkDK21iarXslKa-cwhVZmzX5YQxtcRmGKFeR772jpYj3HTrPbeI3ZQ4U9pdrLR2LEwE7JqN1U8Zd-BBT_0SJG6AhX8DL4MXBQZGSJ8ZS-_aLCTtitWZHc2pdFMTaRj76KAi4xLj1fzwW26k4n3Tyl4DcnDLsPS0O6csE.M7nmeQ9rGw5lWrk0OStz3sFcXb6hUUBIYxuSm25RGtM&dib_tag=se&keywords=Sony%2BA7CII&qid=1755253330&sprefix=sony%2Ba7ci,aps,339&sr=8-2&th=1&linkCode=sl1&tag=carltomich-22&linkId=e268d46ab451781fa56ff54460f43b36&language=en_AU&ref_=as_li_ss_tl",yes,n/a,yes,no,no,missing rel nofollow sponsored
https://www.carltravels.com/thebesttemplesinhanoi.html,thebesttemplesinhanoi.html,348,Amazon Associates,DJI Pocket 3 Creator Combo (US),https://amzn.to/4miS3UJ,200,"https://www.amazon.com.au/DJI-Vlogging-Stabilization-Tracking-Photography/dp/B0CG19FGQ5?crid=1G6X1VC3KQ5EX&dib=eyJ2IjoiMSJ9.OLzTlYtdM2w0TP6xjlSDCa_ccSbGz-LuIU4RgcQOCNGa_FFl2x1iOz2JX6S15ZXETql3rFDOM9ga-vhK36LgBaVMgdsL9DjJ1rGI703o8l2CU7qjqJgJrjk4bbf-Ae7lDW2VKJCOIhx3uSDXuParcMtR2mX2C58Se55j-iXTxZtUyCT_KpmGnxAiC29MDSrLM27fcIM9hNcLt9qfKC4X0H4XYBQK9QDfGIOYCCdiD5lduJ45hKRSb_vcDqRsfUclWisMqQvRUilvFcJNunY7PQEwXIkjphgmLW2BdwCZLnw.kXFrNmjSvoqF8aSCDLEiVO6jy41xldw8QKHmK03PQpg&dib_tag=se&keywords=DJI%2Bpocket%2B3&qid=1755253366&sprefix=dji%2Bpocket%2B34,aps,341&sr=8-5&th=1&linkCode=sl1&tag=carltomich-22&linkId=f574fc6c948e413d7828caf3917f88c7&language=en_AU&ref_=as_li_ss_tl",yes,n/a,yes,no,no,missing rel nofollow sponsored
https://www.carltravels.com/thebesttemplesinhanoi.html,thebesttemplesinhanoi.html,349,Amazon Associates,Tamron 28–200mm (US),https://amzn.to/4lvd1hI,200,"https://www.amazon.com.au/Tamron-28-200-2-8-5-6-Mirrorless-Mount/dp/B08B34HWKV?crid=1QEN08AGHDA5P&dib=eyJ2IjoiMSJ9.F-1xObnXZ1qvBYq3zqlPY-NONJhLnpZLBqOzJ3HO5tTaMoqBS6y-yCzp9X2gf74AvY9AfeP0NaxoH7DZ9-baBGYipuEDZdeZDPhnjFQLAPKtme5_4_FG3s6XXvOiBciFRCc2uuwqEeNlASTcgcCCZMSMFQeah9VIUe8nfvKw3waCva02_S3xX9d-JyGDBuG_e3MirkHsz23lqve2L2QVLMa5j0OVts-mmsfQ8VCk2Mk21ZgO9UeZSpWiqPf46ib3p97ybHMdj-mSwAvwDGZsUplC0W8j79hDLbEyt4rRRsc.RD-ZusuknzzNJEQwUdBnNUgT4NbgXfMrZD-cLbs7Izg&dib_tag=se&keywords=tamron%2B24-150mm%2Bsony&qid=1755253413&sprefix=tamron%2B24-150mm%2Bson,aps,332&sr=8-8&th=1&linkCode=sl1&tag=carltomich-22&linkId=369f0dc13ba29944c2261e58637d5916&language=en_AU&ref_=as_li_ss_tl",yes,n/a,yes,no,no,missing rel nofollow sponsored
https://www.carltravels.com/thebesttemplesinhanoi.html,thebesttemplesinhanoi.html,350,Amazon Associates,Rode Wireless PRO (US),https://amzn.to/4oHMXTy,200,"https://www.amazon.com.au/R%C3%98DE-Microphone-Recording-Microphones-Filmmaking/dp/B0CB2HGR9Q?crid=EGFFU6UZWCLT&dib=eyJ2IjoiMSJ9.DGm925iQklRK-0FmBcE9db-XNNBHUbEQUmSpGwxYevTWsXHx1AB2Ujp56lEEJfYAXcz8f7ItdheKMJJEt3fbcFJwLM0qbJZFbyXmeGeum-sa0VEabMsoDLY8CTncKG_wcQknrVxzofZHSnY2hjgptBqrzbKBtON6CpGKjvZLWJbF12me_IIzxbcIdQ8xyAiv4MZEEmpSth_cBUSNn31q0t3k7bBm6YhlZLAdCOz86vQKfMf3dxTZHnqFsWMWlUF7v0fy7dJRty-80-hdaPlVDfUAYTPOMRmPYrwuoDhkGHE.Jyv_XTXDBOYqJ4Rg5nZ0RKMDurBNR5Nag68iZPXdLmc&dib_tag=se&keywords=rode%2Bwireless%2Bpro&qid=1755253496&sprefix=Rode%2Bwirle,aps,388&sr=8-3&th=1&linkCode=sl1&tag=carltomich-22&linkId=c45e7c55dd1516f0f8708eea1e3df28d&language=en_AU&ref_=as_li_ss_tl",yes,n/a,yes,no,no,missing rel nofollow sponsored
https://www.carltravels.com/thebesttemplesinhanoi.html,thebesttemplesinhanoi.html,351,Amazon Associates,Thinktank Travel Commuter Backpack (US),https://amzn.to/467fEAU,200,"https://www.amazon.com/Think-Tank-Airport-Commuter-Backpack/dp/B0083GQI5Y?crid=2DUIR27E54VFF&dib=eyJ2IjoiMSJ9.9XG5TZXY0VQe_JM4tf_rYqZTZVCpD3yhgWrqqRz7QRe2p5T785DRre0iq_knj0lCgwWu61gX6gQhU1gnkpa0Oy5NL2IJTmQqwU2OgKZOy7CJNXpEWJDXjz5XMOXhk-qfM1nF08sucPDsn0dmURafC38s2OcI8cViV1Q67OF01Sr2OmjeufUSQg0GHKX3twaAL-kI-4oLThlIo3FD4R9r9a-4ZQqUBJQ7iiDS97TIM2g.yGwuqwlPiTaZdkN4hPtMx2ru_ylVkLWkPPgvjFU3Vo4&dib_tag=se&keywords=thinktank+travel+backpack&qid=1757035483&sprefix=thinktank+travel+backpac,aps,316&sr=8-3&linkCode=sl1&tag=carltomichtec-20&linkId=5a1043bdd87861e72327b4d1be2226de&language=en_US&ref_=as_li_ss_tl",yes,n/a,yes,no,no,missing rel nofollow sponsored
https://www.carltravels.com/thebesttemplesinhanoi.html,thebesttemplesinhanoi.html,358,Amazon Associates,DJI Flip,https://amzn.to/41zmAVV,200,"https://www.amazon.com.au/DJI-Controller-Takeoff-Intelligent-Batteries/dp/B0DJ1FKDGP?crid=27CLM6RRHHRB4&dib=eyJ2IjoiMSJ9.xHJwj2C5oeF6OHTI195Mdn3sPKEY3lQQtbR1Ffinq4nZrf0vJkhLIitjW3VBJOJxwyVeE4yQAuXGFbWTEwFrlWWsax_d6SMbu6MShKn__FMm0mh-GoBsHRxdET8U2ZnqpxXklLfQqiThEX0uRx_FzYCEWuAVyvXSelhqtv3be5YD_EsWRzMIULJGPJlSUrdUmmEa5c91FR8syo0ZeIfK0g6nYhVRBSfryUO8DyP7t9w0yINa3lmqQbKaTVkAljF0zY95g7ligNcgPIUNDRqXXx8IdElfmIcz-LTDbcXZCVY.BHpsQw5p_iwN_R_6cb79XAe-ZNr3mHBd-DXY4w99rs8&dib_tag=se&keywords=dji%2Bflip&qid=1757034937&sprefix=dji%2Bflip,aps,261&sr=8-1&th=1&linkCode=sl1&tag=carltomich-22&linkId=086f0f4dda5311ea4c0fa2a020c7fc62&language=en_AU&ref_=as_li_ss_tl",yes,n/a,yes,no,no,missing rel nofollow sponsored
https://www.carltravels.com/thebesttemplesinhanoi.html,thebesttemplesinhanoi.html,359,Amazon Associates,Sony 7CII,https://amzn.to/45Qk2Fw,200,"https://www.amazon.com.au/Sony-Alpha-System-Camera-28-60mm/dp/B0CGFBMNDH?crid=Y4V8WSCJABT6&dib=eyJ2IjoiMSJ9.ev7c1E-3pbpbmadeh7VdWGGGwBPVPgenkV33RBsEipu2uXVpDOT-4N719LE8z5ZZkuiatxECfZOdzpPy6zsWyTaCC9-YjTsjmmcZSgzVbtIhv6nwiqrhip-8XLyFVM8TJI0S9CtfzEuF20mZcy_wovPC1FlRfSxCGu-1DiuOJ6Z2es25G9g5miw4rVwdl2YcxPhn0n3sJchrolpd3esOjIp0QaLGvz7n3uFMc-O48l4pYSj__YDttER8crkPx69f7mSxS8ujQijijWSjmj4h9XUlNdHSaq2KQBm7l6vTkyg.johmDKkudmYJ6Vp3A83ZS0WmLiuItffyIHcQrNpcTpM&dib_tag=se&keywords=sony%2Ba7cii&qid=1757035042&sprefix=sony%2Ba7cii,aps,242&sr=8-7&th=1&linkCode=sl1&tag=carltomich-22&linkId=e6839e00766785a47c09e7449989c441&language=en_AU&ref_=as_li_ss_tl",yes,n/a,yes,no,no,missing rel nofollow sponsored
https://www.carltravels.com/thebesttemplesinhanoi.html,thebesttemplesinhanoi.html,360,Amazon Associates,DJI Osmo Pocket 3,https://amzn.to/4gaYLJZ,200,"https://www.amazon.com.au/DJI-Stabilization-Rotatable-Touchscreen-Photography/dp/B0CG19QXWD?crid=3SHCFANSRK2GV&dib=eyJ2IjoiMSJ9.hn-IKcsoi27x5Xtepf1O0xSEJ-Xc0yIsZ5hiLNsRo0_pnL0HwMARDMaGpGot5vRUIoisskZuJLNO1vrHcsMAQPRIRCdFRvFwlfyVPydN5FfkKgbYw0s29BMkgJiljvn0_ugxYU6JZ9cLZJ8Oj30vFVBWWAWBuepYqTkzRyVqmr2ii2X5OCrM6ae484zpYvqQCRiXcJMt0dgPItUfZ0RL6z-y7KTTesad4agjzTRTAcf1lSsm2yEzEH72afh7B2OEGD2c87RWuC02g7fgtlSVS8E50gbD3A0TmSTnzJ8VLKQ.Bx4cRITeVOMwGs0D0DKW1fgGx14CLCMyLTVRjMuItUs&dib_tag=se&keywords=dji%2Bosmo%2Bpocket%2B3&qid=1757035105&sprefix=DJI,aps,491&sr=8-5&th=1&linkCode=sl1&tag=carltomich-22&linkId=6c45d0909c1797b83d49c364f2b311b2&language=en_AU&ref_=as_li_ss_tl",yes,n/a,yes,no,no,missing rel nofollow sponsored
https://www.carltravels.com/thebesttemplesinhanoi.html,thebesttemplesinhanoi.html,361,Amazon Associates,Tamron 24–200mm,https://amzn.to/4n73D5P,200,"https://www.amazon.com.au/Tamron-28-200-2-8-5-6-Mirrorless-Mount/dp/B08B34HWKV?crid=2KXUS0I4U82EM&dib=eyJ2IjoiMSJ9.CirVtLEYR7BE9okHzn54invQLY0R2IpCxFbXtvO1NnS3N7bkvewO8f1Yq8HoRp8by7g8fCAGFxwZReQZiHGIleWQhBiyxX6NqLuWc2JcY0SatfWtItHN56up3Chh0D8MWnZx1sZMHuhw7JMF1wW-t-_JV04YdmuFHxRHCAkZE68WtA-D3L-Dzu4PGUjAvPjTp5SldK7-BzyvSBMXmLxJIRehuwg0-GotkfHE9WlIC_4H_U3a4PyQdb9pUPOs3wgOSlpAZtRp5xUnt9EVdnDOoa8N5AFkcblsba8g9gFHmgg.ywMyfDborErcaHwGfqjwuU9BKivzUuvVcowT6gYYSgc&dib_tag=se&keywords=Tamron%2B28%E2%80%93200mm%2B(Full-Frame)&qid=1757035157&sprefix=tamron%2B28%2B200mm%2Bfull-frame%2B,aps,322&sr=8-1&th=1&linkCode=sl1&tag=carltomich-22&linkId=48c5cc0e9d510609bb5d001f6a9afffc&language=en_AU&ref_=as_li_ss_tl",yes,n/a,yes,no,no,missing rel nofollow sponsored
https://www.carltravels.com/thebesttemplesinhanoi.html,thebesttemplesinhanoi.html,362,Amazon Associates,Rode Wireless Pro,https://amzn.to/46kv8CG,200,"https://www.amazon.com.au/R%C3%98DE-Microphone-Recording-Microphones-Filmmaking/dp/B0CB2HGR9Q?crid=2CDBT69BZHLYA&dib=eyJ2IjoiMSJ9.Fwy-kxiSUMPxfuFncUDsU_A5ghupefIniz-REQnE6cTWsXHx1AB2Ujp56lEEJfYAXcz8f7ItdheKMJJEt3fbcDMaXA9z2vvl2SUhzXgbV4Ukq3M5KEeOMdSPoj2cooPZeZPhHMSlekWnOVWq4c0QaOzHxx6P7Hyvkb1eAIDVxOLyj1OA_3uyhvfsRMAssRUi_DZnq7KAobBNLtcDs2i8qN-URdgmgdbkNRbQvdaF9rucUW2oiHlnh0JMDv_DLbLkroYoa-fywaWO7QG159ijgMSHpfo0uXgaCvS9UJEj_s0.c_FuiqtAbfwdPKd4F4lJZzRIPwBnxfR6xx2cadHO14I&dib_tag=se&keywords=rode%2Bwireless%2Bpro&qid=1757035251&sprefix=rode%2Bw,aps,347&sr=8-5&th=1&linkCode=sl1&tag=carltomich-22&linkId=5c5361991d8e56b532939c61e269e8be&language=en_AU&ref_=as_li_ss_tl",yes,n/a,yes,no,no,missing rel nofollow sponsored
https://www.carltravels.com/thebesttemplesinhanoi.html,thebesttemplesinhanoi.html,363,Amazon Associates,Thinktank Travel Commuter Backpack,https://amzn.to/3I5mApV,200,"https://www.amazon.com.au/Think-Photo-Airport-Commuter-Backpack/dp/B0083GQI5Y?crid=C0BCCANHIF1P&dib=eyJ2IjoiMSJ9.FP6oWa3JfVz8mPQHHtuj2j56z3fDBCwLggHr6aC_VQkOVxUS8E-jSv8mMw2xvwAwKKp3yS3EAZDahiqzg1lUnJ4OI4bd4xC6w4ixKLoGdQQzlllNF5w7ZnNwMLs2cJUeG6JrDAmhFlIOVrQUbQfDbizfr5yKJOBszOQia6SfusuS4weSmOcfJvJKrX1mPtUZWqSiIfvSDzHdKlE3g8kCUmOJ15MWf_Y1bSIbO8NTex-o5CV-I2CF9MLgeMPW8TqjqtcJhcqbNXq4StxmCGriYFO89wZjALKw2reJs6HtCIw.qhwKjNiiihdX328DrvLyHXcJLf0AWPHeRP_c-KJrh90&dib_tag=se&keywords=thinktank%2Btravel%2Bcommuter&qid=1757035351&sprefix=thinktank%2Btravel%2Bcommuter,aps,269&sr=8-4&th=1&psc=1&linkCode=sl1&tag=carltomich-22&linkId=500149597f5ad39a813be7771a3c54f0&language=en_AU&ref_=as_li_ss_tl",yes,n/a,yes,no,no,missing rel nofollow sponsored
https://www.carltravels.com/thebesttemplesinhanoi.html,thebesttemplesinhanoi.html,388,Wise,Sign up here,https://wise.com/invite/irhc/carlt62,200,https://wise.com/invite/irhc/carlt62,yes,n/a,no,no,no,missing target=_blank; missing rel nofollow sponsored
https://www.carltravels.com/thebesttemplesinhanoi.html,thebesttemplesinhanoi.html,394,Dehancer,dehancer.com/subscribe,https://www.dehancer.com/pricing/monthly,200,https://www.dehancer.com/pricing/monthly,no,n/a,no,no,no,missing tracking; missing target=_blank; missing rel nofollow sponsored
https://www.carltravels.com/thebesttemplesinhanoi.html,thebesttemplesinhanoi.html,346,Amazon Associates,DJI Flip,https://amzn.to/45iZULT,200,"https://www.amazon.com.au/DJI-Controller-Takeoff-Intelligent-Batteries/dp/B0DJ1FKDGP?crid=2R4BEGV4GCOVO&dib=eyJ2IjoiMSJ9.B3ZGiV_NB4CWvaKZC46HHhqNPIONGEffr9hyQ7doXp3AXko2J8XgtkAXDGsuiEAotNNI2PbCB1AYBnn8BEqRKQmDgWoDst39DJE8gasnXCLc-jUhcRDkTU-kNRFzDwVNjg3G3I5emTMygueqNFSxWtlrc8daGW3mi4t632aghZDCMYSRFrI9w-WsipGgN-AlFd9MHv5fvM5SOZdJ3ZRc3S6dP5ZdvaJbD8dpLuwD9xBibVGNVEA8sqdNPUGc1-QA6emRyHoQcDY9W1wK8g5M_GK-2rSHwY-u6nRI0GtXeD4.0l6QuT-oAkSZ2X00AMSTCdok07QQfjyAKzBb_DdWawE&dib_tag=se&keywords=dji%2Bflip&qid=1755253304&sprefix=dji%2B,aps,500&sr=8-1&th=1&linkCode=sl1&tag=sonymoviemast-22&linkId=3f5281eb31b07e511b695e37c70531d8&language=en_AU&ref_=as_li_ss_tl",yes,n/a,no,no,no,missing target=_blank; missing rel nofollow sponsored
https://www.carltravels.com/thebesttemplesinhanoi.html,thebesttemplesinhanoi.html,347,Amazon Associates,Sony A7C II,https://amzn.to/4mHhQ8H,200,"https://www.amazon.com.au/Alpha-Full-Frame-Interchangeable-Lens-Camera/dp/B0CGTTVYGM?crid=3UFGY3ITUFRIG&dib=eyJ2IjoiMSJ9.ev7c1E-3pbpbmadeh7VdWFcGksbpaD0LcfMpyGiafmIkmo2jGBt5M2E9J5fx_zQvYoa9cwkYx9Ms4314aD_KvlRP7kN7v44y5OVvwCe0hrwu3EmNb_ynMVmokWAEqEhATekuA2inkDK21iarXslKa-cwhVZmzX5YQxtcRmGKFeR772jpYj3HTrPbeI3ZQ4U9pdrLR2LEwE7JqN1U8Zd-BBT_0SJG6AhX8DL4MXBQZGSJ8ZS-_aLCTtitWZHc2pdFMTaRj76KAi4xLj1fzwW26k4n3Tyl4DcnDLsPS0O6csE.M7nmeQ9rGw5lWrk0OStz3sFcXb6hUUBIYxuSm25RGtM&dib_tag=se&keywords=Sony%2BA7CII&qid=1755253330&sprefix=sony%2Ba7ci,aps,339&sr=8-2&th=1&linkCode=sl1&tag=carltomich-22&linkId=e268d46ab451781fa56ff54460f43b36&language=en_AU&ref_=as_li_ss_tl",yes,n/a,no,no,no,missing target=_blank; missing rel nofollow sponsored
https://www.carltravels.com/thebesttemplesinhanoi.html,thebesttemplesinhanoi.html,348,Amazon Associates,DJI Pocket 3,https://amzn.to/4miS3UJ,200,"https://www.amazon.com.au/DJI-Vlogging-Stabilization-Tracking-Photography/dp/B0CG19FGQ5?crid=1G6X1VC3KQ5EX&dib=eyJ2IjoiMSJ9.OLzTlYtdM2w0TP6xjlSDCa_ccSbGz-LuIU4RgcQOCNGa_FFl2x1iOz2JX6S15ZXETql3rFDOM9ga-vhK36LgBaVMgdsL9DjJ1rGI703o8l2CU7qjqJgJrjk4bbf-Ae7lDW2VKJCOIhx3uSDXuParcMtR2mX2C58Se55j-iXTxZtUyCT_KpmGnxAiC29MDSrLM27fcIM9hNcLt9qfKC4X0H4XYBQK9QDfGIOYCCdiD5lduJ45hKRSb_vcDqRsfUclWisMqQvRUilvFcJNunY7PQEwXIkjphgmLW2BdwCZLnw.kXFrNmjSvoqF8aSCDLEiVO6jy41xldw8QKHmK03PQpg&dib_tag=se&keywords=DJI%2Bpocket%2B3&qid=1755253366&sprefix=dji%2Bpocket%2B34,aps,341&sr=8-5&th=1&linkCode=sl1&tag=carltomich-22&linkId=f574fc6c948e413d7828caf3917f88c7&language=en_AU&ref_=as_li_ss_tl",yes,n/a,no,no,no,missing target=_blank; missing rel nofollow sponsored
https://www.carltravels.com/thebesttemplesinhanoi.html,thebesttemplesinhanoi.html,349,Amazon Associates,Tamron 28–200,https://amzn.to/4lvd1hI,200,"https://www.amazon.com.au/Tamron-28-200-2-8-5-6-Mirrorless-Mount/dp/B08B34HWKV?crid=1QEN08AGHDA5P&dib=eyJ2IjoiMSJ9.F-1xObnXZ1qvBYq3zqlPY-NONJhLnpZLBqOzJ3HO5tTaMoqBS6y-yCzp9X2gf74AvY9AfeP0NaxoH7DZ9-baBGYipuEDZdeZDPhnjFQLAPKtme5_4_FG3s6XXvOiBciFRCc2uuwqEeNlASTcgcCCZMSMFQeah9VIUe8nfvKw3waCva02_S3xX9d-JyGDBuG_e3MirkHsz23lqve2L2QVLMa5j0OVts-mmsfQ8VCk2Mk21ZgO9UeZSpWiqPf46ib3p97ybHMdj-mSwAvwDGZsUplC0W8j79hDLbEyt4rRRsc.RD-ZusuknzzNJEQwUdBnNUgT4NbgXfMrZD-cLbs7Izg&dib_tag=se&keywords=tamron%2B24-150mm%2Bsony&qid=1755253413&sprefix=tamron%2B24-150mm%2Bson,aps,332&sr=8-8&th=1&linkCode=sl1&tag=carltomich-22&linkId=369f0dc13ba29944c2261e58637d5916&language=en_AU&ref_=as_li_ss_tl",yes,n/a,no,no,no,missing target=_blank; missing rel nofollow sponsored
https://www.carltravels.com/thebesttemplesinhanoi.html,thebesttemplesinhanoi.html,350,Amazon Associates,RØDE Wireless PRO,https://amzn.to/4oHMXTy,200,"https://www.amazon.com.au/R%C3%98DE-Microphone-Recording-Microphones-Filmmaking/dp/B0CB2HGR9Q?crid=EGFFU6UZWCLT&dib=eyJ2IjoiMSJ9.DGm925iQklRK-0FmBcE9db-XNNBHUbEQUmSpGwxYevTWsXHx1AB2Ujp56lEEJfYAXcz8f7ItdheKMJJEt3fbcFJwLM0qbJZFbyXmeGeum-sa0VEabMsoDLY8CTncKG_wcQknrVxzofZHSnY2hjgptBqrzbKBtON6CpGKjvZLWJbF12me_IIzxbcIdQ8xyAiv4MZEEmpSth_cBUSNn31q0t3k7bBm6YhlZLAdCOz86vQKfMf3dxTZHnqFsWMWlUF7v0fy7dJRty-80-hdaPlVDfUAYTPOMRmPYrwuoDhkGHE.Jyv_XTXDBOYqJ4Rg5nZ0RKMDurBNR5Nag68iZPXdLmc&dib_tag=se&keywords=rode%2Bwireless%2Bpro&qid=1755253496&sprefix=Rode%2Bwirle,aps,388&sr=8-3&th=1&linkCode=sl1&tag=carltomich-22&linkId=c45e7c55dd1516f0f8708eea1e3df28d&language=en_AU&ref_=as_li_ss_tl",yes,n/a,no,no,no,missing target=_blank; missing rel nofollow sponsored
https://www.carltravels.com/thebesttemplesinhanoi.html,thebesttemplesinhanoi.html,351,Amazon Associates,Think Tank Backpack,https://amzn.to/467fEAU,200,"https://www.amazon.com/Think-Tank-Airport-Commuter-Backpack/dp/B0083GQI5Y?crid=2DUIR27E54VFF&dib=eyJ2IjoiMSJ9.9XG5TZXY0VQe_JM4tf_rYqZTZVCpD3yhgWrqqRz7QRe2p5T785DRre0iq_knj0lCgwWu61gX6gQhU1gnkpa0Oy5NL2IJTmQqwU2OgKZOy7CJNXpEWJDXjz5XMOXhk-qfM1nF08sucPDsn0dmURafC38s2OcI8cViV1Q67OF01Sr2OmjeufUSQg0GHKX3twaAL-kI-4oLThlIo3FD4R9r9a-4ZQqUBJQ7iiDS97TIM2g.yGwuqwlPiTaZdkN4hPtMx2ru_ylVkLWkPPgvjFU3Vo4&dib_tag=se&keywords=thinktank+travel+backpack&qid=1757035483&sprefix=thinktank+travel+backpac,aps,316&sr=8-3&linkCode=sl1&tag=carltomichtec-20&linkId=5a1043bdd87861e72327b4d1be2226de&language=en_US&ref_=as_li_ss_tl",yes,n/a,no,no,no,missing target=_blank; missing rel nofollow sponsored
https://www.carltravels.com/thebesttemplesinhanoi.html,thebesttemplesinhanoi.html,358,Amazon Associates,DJI Flip,https://amzn.to/41zmAVV,200,"https://www.amazon.com.au/DJI-Controller-Takeoff-Intelligent-Batteries/dp/B0DJ1FKDGP?crid=27CLM6RRHHRB4&dib=eyJ2IjoiMSJ9.xHJwj2C5oeF6OHTI195Mdn3sPKEY3lQQtbR1Ffinq4nZrf0vJkhLIitjW3VBJOJxwyVeE4yQAuXGFbWTEwFrlWWsax_d6SMbu6MShKn__FMm0mh-GoBsHRxdET8U2ZnqpxXklLfQqiThEX0uRx_FzYCEWuAVyvXSelhqtv3be5YD_EsWRzMIULJGPJlSUrdUmmEa5c91FR8syo0ZeIfK0g6nYhVRBSfryUO8DyP7t9w0yINa3lmqQbKaTVkAljF0zY95g7ligNcgPIUNDRqXXx8IdElfmIcz-LTDbcXZCVY.BHpsQw5p_iwN_R_6cb79XAe-ZNr3mHBd-DXY4w99rs8&dib_tag=se&keywords=dji%2Bflip&qid=1757034937&sprefix=dji%2Bflip,aps,261&sr=8-1&th=1&linkCode=sl1&tag=carltomich-22&linkId=086f0f4dda5311ea4c0fa2a020c7fc62&language=en_AU&ref_=as_li_ss_tl",yes,n/a,no,no,no,missing target=_blank; missing rel nofollow sponsored
https://www.carltravels.com/thebesttemplesinhanoi.html,thebesttemplesinhanoi.html,359,Amazon Associates,Sony A7C II,https://amzn.to/45Qk2Fw,200,"https://www.amazon.com.au/Sony-Alpha-System-Camera-28-60mm/dp/B0CGFBMNDH?crid=Y4V8WSCJABT6&dib=eyJ2IjoiMSJ9.ev7c1E-3pbpbmadeh7VdWGGGwBPVPgenkV33RBsEipu2uXVpDOT-4N719LE8z5ZZkuiatxECfZOdzpPy6zsWyTaCC9-YjTsjmmcZSgzVbtIhv6nwiqrhip-8XLyFVM8TJI0S9CtfzEuF20mZcy_wovPC1FlRfSxCGu-1DiuOJ6Z2es25G9g5miw4rVwdl2YcxPhn0n3sJchrolpd3esOjIp0QaLGvz7n3uFMc-O48l4pYSj__YDttER8crkPx69f7mSxS8ujQijijWSjmj4h9XUlNdHSaq2KQBm7l6vTkyg.johmDKkudmYJ6Vp3A83ZS0WmLiuItffyIHcQrNpcTpM&dib_tag=se&keywords=sony%2Ba7cii&qid=1757035042&sprefix=sony%2Ba7cii,aps,242&sr=8-7&th=1&linkCode=sl1&tag=carltomich-22&linkId=e6839e00766785a47c09e7449989c441&language=en_AU&ref_=as_li_ss_tl",yes,n/a,no,no,no,missing target=_blank; missing rel nofollow sponsored
https://www.carltravels.com/thebesttemplesinhanoi.html,thebesttemplesinhanoi.html,360,Amazon Associates,DJI Osmo Pocket 3,https://amzn.to/4gaYLJZ,200,"https://www.amazon.com.au/DJI-Stabilization-Rotatable-Touchscreen-Photography/dp/B0CG19QXWD?crid=3SHCFANSRK2GV&dib=eyJ2IjoiMSJ9.hn-IKcsoi27x5Xtepf1O0xSEJ-Xc0yIsZ5hiLNsRo0_pnL0HwMARDMaGpGot5vRUIoisskZuJLNO1vrHcsMAQPRIRCdFRvFwlfyVPydN5FfkKgbYw0s29BMkgJiljvn0_ugxYU6JZ9cLZJ8Oj30vFVBWWAWBuepYqTkzRyVqmr2ii2X5OCrM6ae484zpYvqQCRiXcJMt0dgPItUfZ0RL6z-y7KTTesad4agjzTRTAcf1lSsm2yEzEH72afh7B2OEGD2c87RWuC02g7fgtlSVS8E50gbD3A0TmSTnzJ8VLKQ.Bx4cRITeVOMwGs0D0DKW1fgGx14CLCMyLTVRjMuItUs&dib_tag=se&keywords=dji%2Bosmo%2Bpocket%2B3&qid=1757035105&sprefix=DJI,aps,491&sr=8-5&th=1&linkCode=sl1&tag=carltomich-22&linkId=6c45d0909c1797b83d49c364f2b311b2&language=en_AU&ref_=as_li_ss_tl",yes,n/a,no,no,no,missing target=_blank; missing rel nofollow sponsored
https://www.carltravels.com/thebesttemplesinhanoi.html,thebesttemplesinhanoi.html,361,Amazon Associates,Tamron 24–200,https://amzn.to/4n73D5P,200,"https://www.amazon.com.au/Tamron-28-200-2-8-5-6-Mirrorless-Mount/dp/B08B34HWKV?crid=2KXUS0I4U82EM&dib=eyJ2IjoiMSJ9.CirVtLEYR7BE9okHzn54invQLY0R2IpCxFbXtvO1NnS3N7bkvewO8f1Yq8HoRp8by7g8fCAGFxwZReQZiHGIleWQhBiyxX6NqLuWc2JcY0SatfWtItHN56up3Chh0D8MWnZx1sZMHuhw7JMF1wW-t-_JV04YdmuFHxRHCAkZE68WtA-D3L-Dzu4PGUjAvPjTp5SldK7-BzyvSBMXmLxJIRehuwg0-GotkfHE9WlIC_4H_U3a4PyQdb9pUPOs3wgOSlpAZtRp5xUnt9EVdnDOoa8N5AFkcblsba8g9gFHmgg.ywMyfDborErcaHwGfqjwuU9BKivzUuvVcowT6gYYSgc&dib_tag=se&keywords=Tamron%2B28%E2%80%93200mm%2B(Full-Frame)&qid=1757035157&sprefix=tamron%2B28%2B200mm%2Bfull-frame%2B,aps,322&sr=8-1&th=1&linkCode=sl1&tag=carltomich-22&linkId=48c5cc0e9d510609bb5d001f6a9afffc&language=en_AU&ref_=as_li_ss_tl",yes,n/a,no,no,no,missing target=_blank; missing rel nofollow sponsored
https://www.carltravels.com/thebesttemplesinhanoi.html,thebesttemplesinhanoi.html,362,Amazon Associates,RØDE Wireless PRO,https://amzn.to/46kv8CG,200,"https://www.amazon.com.au/R%C3%98DE-Microphone-Recording-Microphones-Filmmaking/dp/B0CB2HGR9Q?crid=2CDBT69BZHLYA&dib=eyJ2IjoiMSJ9.Fwy-kxiSUMPxfuFncUDsU_A5ghupefIniz-REQnE6cTWsXHx1AB2Ujp56lEEJfYAXcz8f7ItdheKMJJEt3fbcDMaXA9z2vvl2SUhzXgbV4Ukq3M5KEeOMdSPoj2cooPZeZPhHMSlekWnOVWq4c0QaOzHxx6P7Hyvkb1eAIDVxOLyj1OA_3uyhvfsRMAssRUi_DZnq7KAobBNLtcDs2i8qN-URdgmgdbkNRbQvdaF9rucUW2oiHlnh0JMDv_DLbLkroYoa-fywaWO7QG159ijgMSHpfo0uXgaCvS9UJEj_s0.c_FuiqtAbfwdPKd4F4lJZzRIPwBnxfR6xx2cadHO14I&dib_tag=se&keywords=rode%2Bwireless%2Bpro&qid=1757035251&sprefix=rode%2Bw,aps,347&sr=8-5&th=1&linkCode=sl1&tag=carltomich-22&linkId=5c5361991d8e56b532939c61e269e8be&language=en_AU&ref_=as_li_ss_tl",yes,n/a,no,no,no,missing target=_blank; missing rel nofollow sponsored
https://www.carltravels.com/thebesttemplesinhanoi.html,thebesttemplesinhanoi.html,363,Amazon Associates,Think Tank Backpack,https://amzn.to/3I5mApV,200,"https://www.amazon.com.au/Think-Photo-Airport-Commuter-Backpack/dp/B0083GQI5Y?crid=C0BCCANHIF1P&dib=eyJ2IjoiMSJ9.FP6oWa3JfVz8mPQHHtuj2j56z3fDBCwLggHr6aC_VQkOVxUS8E-jSv8mMw2xvwAwKKp3yS3EAZDahiqzg1lUnJ4OI4bd4xC6w4ixKLoGdQQzlllNF5w7ZnNwMLs2cJUeG6JrDAmhFlIOVrQUbQfDbizfr5yKJOBszOQia6SfusuS4weSmOcfJvJKrX1mPtUZWqSiIfvSDzHdKlE3g8kCUmOJ15MWf_Y1bSIbO8NTex-o5CV-I2CF9MLgeMPW8TqjqtcJhcqbNXq4StxmCGriYFO89wZjALKw2reJs6HtCIw.qhwKjNiiihdX328DrvLyHXcJLf0AWPHeRP_c-KJrh90&dib_tag=se&keywords=thinktank%2Btravel%2Bcommuter&qid=1757035351&sprefix=thinktank%2Btravel%2Bcommuter,aps,269&sr=8-4&th=1&psc=1&linkCode=sl1&tag=carltomich-22&linkId=500149597f5ad39a813be7771a3c54f0&language=en_AU&ref_=as_li_ss_tl",yes,n/a,no,no,no,missing target=_blank; missing rel nofollow sponsored
https://www.carltravels.com/thebesttemplesinhanoi.html,thebesttemplesinhanoi.html,441,Saily eSIM,👉 Activate your eSIM now,https://go.saily.site/aff_c?offer_id=101&aff_id=12234,403,https://saily.com/special/?utm_source=12234&utm_medium=affiliate&utm_campaign=101&aff_transaction_id=102671cde85b9dc60aa1208c946ed9&aff_sub=&aff_offer_id=101&aff_id=12234&url={url}&utm_content=&params[ho_asub1]=,yes,no,yes,no,no,not working or blocked; missing CARLRI5370; old Saily affiliate URL format; missing rel nofollow sponsored
https://www.carltravels.com/things-to-know-before-moving-to-vietnam.html,things-to-know-before-moving-to-vietnam.html,424,Saily eSIM,👉 Activate your eSIM now,https://go.saily.site/aff_c?offer_id=101&aff_id=12234,403,https://saily.com/special/?utm_source=12234&utm_medium=affiliate&utm_campaign=101&aff_transaction_id=102671cde85b9dc60aa1208c946ed9&aff_sub=&aff_offer_id=101&aff_id=12234&url={url}&utm_content=&params[ho_asub1]=,yes,no,yes,no,no,not working or blocked; missing CARLRI5370; old Saily affiliate URL format; missing rel nofollow sponsored
https://www.carltravels.com/tokyotravelguide.html,tokyotravelguide.html,319,Yesim eSIM,Yesim eSIM,https://yesim.app,202,https://yesim.app,no,n/a,no,no,no,missing tracking; missing target=_blank; missing rel nofollow sponsored
https://www.carltravels.com/tokyotravelguide.html,tokyotravelguide.html,466,Wise,Wise multi-currency card,https://wise.com/invite/irhc/carlt62,200,https://wise.com/invite/irhc/carlt62,yes,n/a,no,no,no,missing target=_blank; missing rel nofollow sponsored
https://www.carltravels.com/tokyotravelguide.html,tokyotravelguide.html,467,Amazon Associates,DJI Pocket 3,https://amzn.to/4miS3UJ,200,"https://www.amazon.com.au/DJI-Vlogging-Stabilization-Tracking-Photography/dp/B0CG19FGQ5?crid=1G6X1VC3KQ5EX&dib=eyJ2IjoiMSJ9.OLzTlYtdM2w0TP6xjlSDCa_ccSbGz-LuIU4RgcQOCNGa_FFl2x1iOz2JX6S15ZXETql3rFDOM9ga-vhK36LgBaVMgdsL9DjJ1rGI703o8l2CU7qjqJgJrjk4bbf-Ae7lDW2VKJCOIhx3uSDXuParcMtR2mX2C58Se55j-iXTxZtUyCT_KpmGnxAiC29MDSrLM27fcIM9hNcLt9qfKC4X0H4XYBQK9QDfGIOYCCdiD5lduJ45hKRSb_vcDqRsfUclWisMqQvRUilvFcJNunY7PQEwXIkjphgmLW2BdwCZLnw.kXFrNmjSvoqF8aSCDLEiVO6jy41xldw8QKHmK03PQpg&dib_tag=se&keywords=DJI%2Bpocket%2B3&qid=1755253366&sprefix=dji%2Bpocket%2B34,aps,341&sr=8-5&th=1&linkCode=sl1&tag=carltomich-22&linkId=f574fc6c948e413d7828caf3917f88c7&language=en_AU&ref_=as_li_ss_tl",yes,n/a,no,no,no,missing target=_blank; missing rel nofollow sponsored
https://www.carltravels.com/tokyotravelguide.html,tokyotravelguide.html,466,Wise,Sign up here,https://wise.com/invite/irhc/carlt62,200,https://wise.com/invite/irhc/carlt62,yes,n/a,no,no,no,missing target=_blank; missing rel nofollow sponsored
https://www.carltravels.com/tokyotravelguide.html,tokyotravelguide.html,561,Dehancer,dehancer.com/subscribe,https://www.dehancer.com/pricing/monthly,200,https://www.dehancer.com/pricing/monthly,no,n/a,no,no,no,missing tracking; missing target=_blank; missing rel nofollow sponsored
https://www.carltravels.com/tokyotravelguide.html,tokyotravelguide.html,568,Amazon Associates,DJI Flip,https://amzn.to/45iZULT,200,"https://www.amazon.com.au/DJI-Controller-Takeoff-Intelligent-Batteries/dp/B0DJ1FKDGP?crid=2R4BEGV4GCOVO&dib=eyJ2IjoiMSJ9.B3ZGiV_NB4CWvaKZC46HHhqNPIONGEffr9hyQ7doXp3AXko2J8XgtkAXDGsuiEAotNNI2PbCB1AYBnn8BEqRKQmDgWoDst39DJE8gasnXCLc-jUhcRDkTU-kNRFzDwVNjg3G3I5emTMygueqNFSxWtlrc8daGW3mi4t632aghZDCMYSRFrI9w-WsipGgN-AlFd9MHv5fvM5SOZdJ3ZRc3S6dP5ZdvaJbD8dpLuwD9xBibVGNVEA8sqdNPUGc1-QA6emRyHoQcDY9W1wK8g5M_GK-2rSHwY-u6nRI0GtXeD4.0l6QuT-oAkSZ2X00AMSTCdok07QQfjyAKzBb_DdWawE&dib_tag=se&keywords=dji%2Bflip&qid=1755253304&sprefix=dji%2B,aps,500&sr=8-1&th=1&linkCode=sl1&tag=sonymoviemast-22&linkId=3f5281eb31b07e511b695e37c70531d8&language=en_AU&ref_=as_li_ss_tl",yes,n/a,no,no,no,missing target=_blank; missing rel nofollow sponsored
https://www.carltravels.com/tokyotravelguide.html,tokyotravelguide.html,569,Amazon Associates,Sony A7C II,https://amzn.to/4mHhQ8H,200,"https://www.amazon.com.au/Alpha-Full-Frame-Interchangeable-Lens-Camera/dp/B0CGTTVYGM?crid=3UFGY3ITUFRIG&dib=eyJ2IjoiMSJ9.ev7c1E-3pbpbmadeh7VdWFcGksbpaD0LcfMpyGiafmIkmo2jGBt5M2E9J5fx_zQvYoa9cwkYx9Ms4314aD_KvlRP7kN7v44y5OVvwCe0hrwu3EmNb_ynMVmokWAEqEhATekuA2inkDK21iarXslKa-cwhVZmzX5YQxtcRmGKFeR772jpYj3HTrPbeI3ZQ4U9pdrLR2LEwE7JqN1U8Zd-BBT_0SJG6AhX8DL4MXBQZGSJ8ZS-_aLCTtitWZHc2pdFMTaRj76KAi4xLj1fzwW26k4n3Tyl4DcnDLsPS0O6csE.M7nmeQ9rGw5lWrk0OStz3sFcXb6hUUBIYxuSm25RGtM&dib_tag=se&keywords=Sony%2BA7CII&qid=1755253330&sprefix=sony%2Ba7ci,aps,339&sr=8-2&th=1&linkCode=sl1&tag=carltomich-22&linkId=e268d46ab451781fa56ff54460f43b36&language=en_AU&ref_=as_li_ss_tl",yes,n/a,no,no,no,missing target=_blank; missing rel nofollow sponsored
https://www.carltravels.com/tokyotravelguide.html,tokyotravelguide.html,467,Amazon Associates,DJI Pocket 3,https://amzn.to/4miS3UJ,200,"https://www.amazon.com.au/DJI-Vlogging-Stabilization-Tracking-Photography/dp/B0CG19FGQ5?crid=1G6X1VC3KQ5EX&dib=eyJ2IjoiMSJ9.OLzTlYtdM2w0TP6xjlSDCa_ccSbGz-LuIU4RgcQOCNGa_FFl2x1iOz2JX6S15ZXETql3rFDOM9ga-vhK36LgBaVMgdsL9DjJ1rGI703o8l2CU7qjqJgJrjk4bbf-Ae7lDW2VKJCOIhx3uSDXuParcMtR2mX2C58Se55j-iXTxZtUyCT_KpmGnxAiC29MDSrLM27fcIM9hNcLt9qfKC4X0H4XYBQK9QDfGIOYCCdiD5lduJ45hKRSb_vcDqRsfUclWisMqQvRUilvFcJNunY7PQEwXIkjphgmLW2BdwCZLnw.kXFrNmjSvoqF8aSCDLEiVO6jy41xldw8QKHmK03PQpg&dib_tag=se&keywords=DJI%2Bpocket%2B3&qid=1755253366&sprefix=dji%2Bpocket%2B34,aps,341&sr=8-5&th=1&linkCode=sl1&tag=carltomich-22&linkId=f574fc6c948e413d7828caf3917f88c7&language=en_AU&ref_=as_li_ss_tl",yes,n/a,no,no,no,missing target=_blank; missing rel nofollow sponsored
https://www.carltravels.com/tokyotravelguide.html,tokyotravelguide.html,571,Amazon Associates,Tamron 28–200,https://amzn.to/4lvd1hI,200,"https://www.amazon.com.au/Tamron-28-200-2-8-5-6-Mirrorless-Mount/dp/B08B34HWKV?crid=1QEN08AGHDA5P&dib=eyJ2IjoiMSJ9.F-1xObnXZ1qvBYq3zqlPY-NONJhLnpZLBqOzJ3HO5tTaMoqBS6y-yCzp9X2gf74AvY9AfeP0NaxoH7DZ9-baBGYipuEDZdeZDPhnjFQLAPKtme5_4_FG3s6XXvOiBciFRCc2uuwqEeNlASTcgcCCZMSMFQeah9VIUe8nfvKw3waCva02_S3xX9d-JyGDBuG_e3MirkHsz23lqve2L2QVLMa5j0OVts-mmsfQ8VCk2Mk21ZgO9UeZSpWiqPf46ib3p97ybHMdj-mSwAvwDGZsUplC0W8j79hDLbEyt4rRRsc.RD-ZusuknzzNJEQwUdBnNUgT4NbgXfMrZD-cLbs7Izg&dib_tag=se&keywords=tamron%2B24-150mm%2Bsony&qid=1755253413&sprefix=tamron%2B24-150mm%2Bson,aps,332&sr=8-8&th=1&linkCode=sl1&tag=carltomich-22&linkId=369f0dc13ba29944c2261e58637d5916&language=en_AU&ref_=as_li_ss_tl",yes,n/a,no,no,no,missing target=_blank; missing rel nofollow sponsored
https://www.carltravels.com/tokyotravelguide.html,tokyotravelguide.html,572,Amazon Associates,RØDE Wireless PRO,https://amzn.to/4oHMXTy,200,"https://www.amazon.com.au/R%C3%98DE-Microphone-Recording-Microphones-Filmmaking/dp/B0CB2HGR9Q?crid=EGFFU6UZWCLT&dib=eyJ2IjoiMSJ9.DGm925iQklRK-0FmBcE9db-XNNBHUbEQUmSpGwxYevTWsXHx1AB2Ujp56lEEJfYAXcz8f7ItdheKMJJEt3fbcFJwLM0qbJZFbyXmeGeum-sa0VEabMsoDLY8CTncKG_wcQknrVxzofZHSnY2hjgptBqrzbKBtON6CpGKjvZLWJbF12me_IIzxbcIdQ8xyAiv4MZEEmpSth_cBUSNn31q0t3k7bBm6YhlZLAdCOz86vQKfMf3dxTZHnqFsWMWlUF7v0fy7dJRty-80-hdaPlVDfUAYTPOMRmPYrwuoDhkGHE.Jyv_XTXDBOYqJ4Rg5nZ0RKMDurBNR5Nag68iZPXdLmc&dib_tag=se&keywords=rode%2Bwireless%2Bpro&qid=1755253496&sprefix=Rode%2Bwirle,aps,388&sr=8-3&th=1&linkCode=sl1&tag=carltomich-22&linkId=c45e7c55dd1516f0f8708eea1e3df28d&language=en_AU&ref_=as_li_ss_tl",yes,n/a,no,no,no,missing target=_blank; missing rel nofollow sponsored
https://www.carltravels.com/tokyotravelguide.html,tokyotravelguide.html,573,Amazon Associates,Think Tank Backpack,https://amzn.to/467fEAU,200,"https://www.amazon.com/Think-Tank-Airport-Commuter-Backpack/dp/B0083GQI5Y?crid=2DUIR27E54VFF&dib=eyJ2IjoiMSJ9.9XG5TZXY0VQe_JM4tf_rYqZTZVCpD3yhgWrqqRz7QRe2p5T785DRre0iq_knj0lCgwWu61gX6gQhU1gnkpa0Oy5NL2IJTmQqwU2OgKZOy7CJNXpEWJDXjz5XMOXhk-qfM1nF08sucPDsn0dmURafC38s2OcI8cViV1Q67OF01Sr2OmjeufUSQg0GHKX3twaAL-kI-4oLThlIo3FD4R9r9a-4ZQqUBJQ7iiDS97TIM2g.yGwuqwlPiTaZdkN4hPtMx2ru_ylVkLWkPPgvjFU3Vo4&dib_tag=se&keywords=thinktank+travel+backpack&qid=1757035483&sprefix=thinktank+travel+backpac,aps,316&sr=8-3&linkCode=sl1&tag=carltomichtec-20&linkId=5a1043bdd87861e72327b4d1be2226de&language=en_US&ref_=as_li_ss_tl",yes,n/a,no,no,no,missing target=_blank; missing rel nofollow sponsored
https://www.carltravels.com/tokyotravelguide.html,tokyotravelguide.html,579,Amazon Associates,DJI Flip,https://amzn.to/41zmAVV,200,"https://www.amazon.com.au/DJI-Controller-Takeoff-Intelligent-Batteries/dp/B0DJ1FKDGP?crid=27CLM6RRHHRB4&dib=eyJ2IjoiMSJ9.xHJwj2C5oeF6OHTI195Mdn3sPKEY3lQQtbR1Ffinq4nZrf0vJkhLIitjW3VBJOJxwyVeE4yQAuXGFbWTEwFrlWWsax_d6SMbu6MShKn__FMm0mh-GoBsHRxdET8U2ZnqpxXklLfQqiThEX0uRx_FzYCEWuAVyvXSelhqtv3be5YD_EsWRzMIULJGPJlSUrdUmmEa5c91FR8syo0ZeIfK0g6nYhVRBSfryUO8DyP7t9w0yINa3lmqQbKaTVkAljF0zY95g7ligNcgPIUNDRqXXx8IdElfmIcz-LTDbcXZCVY.BHpsQw5p_iwN_R_6cb79XAe-ZNr3mHBd-DXY4w99rs8&dib_tag=se&keywords=dji%2Bflip&qid=1757034937&sprefix=dji%2Bflip,aps,261&sr=8-1&th=1&linkCode=sl1&tag=carltomich-22&linkId=086f0f4dda5311ea4c0fa2a020c7fc62&language=en_AU&ref_=as_li_ss_tl",yes,n/a,no,no,no,missing target=_blank; missing rel nofollow sponsored
https://www.carltravels.com/tokyotravelguide.html,tokyotravelguide.html,580,Amazon Associates,Sony A7C II,https://amzn.to/45Qk2Fw,200,"https://www.amazon.com.au/Sony-Alpha-System-Camera-28-60mm/dp/B0CGFBMNDH?crid=Y4V8WSCJABT6&dib=eyJ2IjoiMSJ9.ev7c1E-3pbpbmadeh7VdWGGGwBPVPgenkV33RBsEipu2uXVpDOT-4N719LE8z5ZZkuiatxECfZOdzpPy6zsWyTaCC9-YjTsjmmcZSgzVbtIhv6nwiqrhip-8XLyFVM8TJI0S9CtfzEuF20mZcy_wovPC1FlRfSxCGu-1DiuOJ6Z2es25G9g5miw4rVwdl2YcxPhn0n3sJchrolpd3esOjIp0QaLGvz7n3uFMc-O48l4pYSj__YDttER8crkPx69f7mSxS8ujQijijWSjmj4h9XUlNdHSaq2KQBm7l6vTkyg.johmDKkudmYJ6Vp3A83ZS0WmLiuItffyIHcQrNpcTpM&dib_tag=se&keywords=sony%2Ba7cii&qid=1757035042&sprefix=sony%2Ba7cii,aps,242&sr=8-7&th=1&linkCode=sl1&tag=carltomich-22&linkId=e6839e00766785a47c09e7449989c441&language=en_AU&ref_=as_li_ss_tl",yes,n/a,no,no,no,missing target=_blank; missing rel nofollow sponsored
https://www.carltravels.com/tokyotravelguide.html,tokyotravelguide.html,581,Amazon Associates,DJI Osmo Pocket 3,https://amzn.to/4gaYLJZ,200,"https://www.amazon.com.au/DJI-Stabilization-Rotatable-Touchscreen-Photography/dp/B0CG19QXWD?crid=3SHCFANSRK2GV&dib=eyJ2IjoiMSJ9.hn-IKcsoi27x5Xtepf1O0xSEJ-Xc0yIsZ5hiLNsRo0_pnL0HwMARDMaGpGot5vRUIoisskZuJLNO1vrHcsMAQPRIRCdFRvFwlfyVPydN5FfkKgbYw0s29BMkgJiljvn0_ugxYU6JZ9cLZJ8Oj30vFVBWWAWBuepYqTkzRyVqmr2ii2X5OCrM6ae484zpYvqQCRiXcJMt0dgPItUfZ0RL6z-y7KTTesad4agjzTRTAcf1lSsm2yEzEH72afh7B2OEGD2c87RWuC02g7fgtlSVS8E50gbD3A0TmSTnzJ8VLKQ.Bx4cRITeVOMwGs0D0DKW1fgGx14CLCMyLTVRjMuItUs&dib_tag=se&keywords=dji%2Bosmo%2Bpocket%2B3&qid=1757035105&sprefix=DJI,aps,491&sr=8-5&th=1&linkCode=sl1&tag=carltomich-22&linkId=6c45d0909c1797b83d49c364f2b311b2&language=en_AU&ref_=as_li_ss_tl",yes,n/a,no,no,no,missing target=_blank; missing rel nofollow sponsored
https://www.carltravels.com/tokyotravelguide.html,tokyotravelguide.html,582,Amazon Associates,Tamron 24–200,https://amzn.to/4n73D5P,200,"https://www.amazon.com.au/Tamron-28-200-2-8-5-6-Mirrorless-Mount/dp/B08B34HWKV?crid=2KXUS0I4U82EM&dib=eyJ2IjoiMSJ9.CirVtLEYR7BE9okHzn54invQLY0R2IpCxFbXtvO1NnS3N7bkvewO8f1Yq8HoRp8by7g8fCAGFxwZReQZiHGIleWQhBiyxX6NqLuWc2JcY0SatfWtItHN56up3Chh0D8MWnZx1sZMHuhw7JMF1wW-t-_JV04YdmuFHxRHCAkZE68WtA-D3L-Dzu4PGUjAvPjTp5SldK7-BzyvSBMXmLxJIRehuwg0-GotkfHE9WlIC_4H_U3a4PyQdb9pUPOs3wgOSlpAZtRp5xUnt9EVdnDOoa8N5AFkcblsba8g9gFHmgg.ywMyfDborErcaHwGfqjwuU9BKivzUuvVcowT6gYYSgc&dib_tag=se&keywords=Tamron%2B28%E2%80%93200mm%2B(Full-Frame)&qid=1757035157&sprefix=tamron%2B28%2B200mm%2Bfull-frame%2B,aps,322&sr=8-1&th=1&linkCode=sl1&tag=carltomich-22&linkId=48c5cc0e9d510609bb5d001f6a9afffc&language=en_AU&ref_=as_li_ss_tl",yes,n/a,no,no,no,missing target=_blank; missing rel nofollow sponsored
https://www.carltravels.com/tokyotravelguide.html,tokyotravelguide.html,583,Amazon Associates,RØDE Wireless PRO,https://amzn.to/46kv8CG,200,"https://www.amazon.com.au/R%C3%98DE-Microphone-Recording-Microphones-Filmmaking/dp/B0CB2HGR9Q?crid=2CDBT69BZHLYA&dib=eyJ2IjoiMSJ9.Fwy-kxiSUMPxfuFncUDsU_A5ghupefIniz-REQnE6cTWsXHx1AB2Ujp56lEEJfYAXcz8f7ItdheKMJJEt3fbcDMaXA9z2vvl2SUhzXgbV4Ukq3M5KEeOMdSPoj2cooPZeZPhHMSlekWnOVWq4c0QaOzHxx6P7Hyvkb1eAIDVxOLyj1OA_3uyhvfsRMAssRUi_DZnq7KAobBNLtcDs2i8qN-URdgmgdbkNRbQvdaF9rucUW2oiHlnh0JMDv_DLbLkroYoa-fywaWO7QG159ijgMSHpfo0uXgaCvS9UJEj_s0.c_FuiqtAbfwdPKd4F4lJZzRIPwBnxfR6xx2cadHO14I&dib_tag=se&keywords=rode%2Bwireless%2Bpro&qid=1757035251&sprefix=rode%2Bw,aps,347&sr=8-5&th=1&linkCode=sl1&tag=carltomich-22&linkId=5c5361991d8e56b532939c61e269e8be&language=en_AU&ref_=as_li_ss_tl",yes,n/a,no,no,no,missing target=_blank; missing rel nofollow sponsored
https://www.carltravels.com/tokyotravelguide.html,tokyotravelguide.html,584,Amazon Associates,Think Tank Backpack,https://amzn.to/3I5mApV,200,"https://www.amazon.com.au/Think-Photo-Airport-Commuter-Backpack/dp/B0083GQI5Y?crid=C0BCCANHIF1P&dib=eyJ2IjoiMSJ9.FP6oWa3JfVz8mPQHHtuj2j56z3fDBCwLggHr6aC_VQkOVxUS8E-jSv8mMw2xvwAwKKp3yS3EAZDahiqzg1lUnJ4OI4bd4xC6w4ixKLoGdQQzlllNF5w7ZnNwMLs2cJUeG6JrDAmhFlIOVrQUbQfDbizfr5yKJOBszOQia6SfusuS4weSmOcfJvJKrX1mPtUZWqSiIfvSDzHdKlE3g8kCUmOJ15MWf_Y1bSIbO8NTex-o5CV-I2CF9MLgeMPW8TqjqtcJhcqbNXq4StxmCGriYFO89wZjALKw2reJs6HtCIw.qhwKjNiiihdX328DrvLyHXcJLf0AWPHeRP_c-KJrh90&dib_tag=se&keywords=thinktank%2Btravel%2Bcommuter&qid=1757035351&sprefix=thinktank%2Btravel%2Bcommuter,aps,269&sr=8-4&th=1&psc=1&linkCode=sl1&tag=carltomich-22&linkId=500149597f5ad39a813be7771a3c54f0&language=en_AU&ref_=as_li_ss_tl",yes,n/a,no,no,no,missing target=_blank; missing rel nofollow sponsored
https://www.carltravels.com/tokyotravelguide.html,tokyotravelguide.html,608,Saily eSIM,👉 Activate your eSIM now,https://go.saily.site/aff_c?offer_id=101&aff_id=12234,403,https://saily.com/special/?utm_source=12234&utm_medium=affiliate&utm_campaign=101&aff_transaction_id=102671cde85b9dc60aa1208c946ed9&aff_sub=&aff_offer_id=101&aff_id=12234&url={url}&utm_content=&params[ho_asub1]=,yes,no,yes,no,no,not working or blocked; missing CARLRI5370; old Saily affiliate URL format; missing rel nofollow sponsored
https://www.carltravels.com/tolifo-100w-rgb-light-review.html,tolifo-100w-rgb-light-review.html,445,Saily eSIM,👉 Activate your eSIM now,https://go.saily.site/aff_c?offer_id=101&aff_id=12234,403,https://saily.com/special/?utm_source=12234&utm_medium=affiliate&utm_campaign=101&aff_transaction_id=102671cde85b9dc60aa1208c946ed9&aff_sub=&aff_offer_id=101&aff_id=12234&url={url}&utm_content=&params[ho_asub1]=,yes,no,yes,no,no,not working or blocked; missing CARLRI5370; old Saily affiliate URL format; missing rel nofollow sponsored
https://www.carltravels.com/top-10-things-to-do-in-hanoi.html,top-10-things-to-do-in-hanoi.html,305,Yesim eSIM,Get Your Yesim eSIM,https://bit.ly/3IxsIaX,202,https://yesim.app/?utm_source=youtube_mrudy304&utm_medium=cpp&utm_campaign=mrudy304_1,no,n/a,yes,no,no,missing tracking; missing rel nofollow sponsored
https://www.carltravels.com/top-10-things-to-do-in-hanoi.html,top-10-things-to-do-in-hanoi.html,369,Wise,Sign up here,https://wise.com/invite/irhc/carlt62,200,https://wise.com/invite/irhc/carlt62,yes,n/a,no,no,no,missing target=_blank; missing rel nofollow sponsored
https://www.carltravels.com/top-10-things-to-do-in-hanoi.html,top-10-things-to-do-in-hanoi.html,375,Dehancer,dehancer.com/subscribe,https://www.dehancer.com/pricing/monthly,200,https://www.dehancer.com/pricing/monthly,no,n/a,no,no,no,missing tracking; missing target=_blank; missing rel nofollow sponsored
https://www.carltravels.com/top-10-things-to-do-in-hanoi.html,top-10-things-to-do-in-hanoi.html,382,Amazon Associates,DJI Flip,https://amzn.to/45iZULT,200,"https://www.amazon.com.au/DJI-Controller-Takeoff-Intelligent-Batteries/dp/B0DJ1FKDGP?crid=2R4BEGV4GCOVO&dib=eyJ2IjoiMSJ9.B3ZGiV_NB4CWvaKZC46HHhqNPIONGEffr9hyQ7doXp3AXko2J8XgtkAXDGsuiEAotNNI2PbCB1AYBnn8BEqRKQmDgWoDst39DJE8gasnXCLc-jUhcRDkTU-kNRFzDwVNjg3G3I5emTMygueqNFSxWtlrc8daGW3mi4t632aghZDCMYSRFrI9w-WsipGgN-AlFd9MHv5fvM5SOZdJ3ZRc3S6dP5ZdvaJbD8dpLuwD9xBibVGNVEA8sqdNPUGc1-QA6emRyHoQcDY9W1wK8g5M_GK-2rSHwY-u6nRI0GtXeD4.0l6QuT-oAkSZ2X00AMSTCdok07QQfjyAKzBb_DdWawE&dib_tag=se&keywords=dji%2Bflip&qid=1755253304&sprefix=dji%2B,aps,500&sr=8-1&th=1&linkCode=sl1&tag=sonymoviemast-22&linkId=3f5281eb31b07e511b695e37c70531d8&language=en_AU&ref_=as_li_ss_tl",yes,n/a,no,no,no,missing target=_blank; missing rel nofollow sponsored
https://www.carltravels.com/top-10-things-to-do-in-hanoi.html,top-10-things-to-do-in-hanoi.html,383,Amazon Associates,Sony A7C II,https://amzn.to/4mHhQ8H,200,"https://www.amazon.com.au/Alpha-Full-Frame-Interchangeable-Lens-Camera/dp/B0CGTTVYGM?crid=3UFGY3ITUFRIG&dib=eyJ2IjoiMSJ9.ev7c1E-3pbpbmadeh7VdWFcGksbpaD0LcfMpyGiafmIkmo2jGBt5M2E9J5fx_zQvYoa9cwkYx9Ms4314aD_KvlRP7kN7v44y5OVvwCe0hrwu3EmNb_ynMVmokWAEqEhATekuA2inkDK21iarXslKa-cwhVZmzX5YQxtcRmGKFeR772jpYj3HTrPbeI3ZQ4U9pdrLR2LEwE7JqN1U8Zd-BBT_0SJG6AhX8DL4MXBQZGSJ8ZS-_aLCTtitWZHc2pdFMTaRj76KAi4xLj1fzwW26k4n3Tyl4DcnDLsPS0O6csE.M7nmeQ9rGw5lWrk0OStz3sFcXb6hUUBIYxuSm25RGtM&dib_tag=se&keywords=Sony%2BA7CII&qid=1755253330&sprefix=sony%2Ba7ci,aps,339&sr=8-2&th=1&linkCode=sl1&tag=carltomich-22&linkId=e268d46ab451781fa56ff54460f43b36&language=en_AU&ref_=as_li_ss_tl",yes,n/a,no,no,no,missing target=_blank; missing rel nofollow sponsored
https://www.carltravels.com/top-10-things-to-do-in-hanoi.html,top-10-things-to-do-in-hanoi.html,384,Amazon Associates,DJI Pocket 3,https://amzn.to/4miS3UJ,200,"https://www.amazon.com.au/DJI-Vlogging-Stabilization-Tracking-Photography/dp/B0CG19FGQ5?crid=1G6X1VC3KQ5EX&dib=eyJ2IjoiMSJ9.OLzTlYtdM2w0TP6xjlSDCa_ccSbGz-LuIU4RgcQOCNGa_FFl2x1iOz2JX6S15ZXETql3rFDOM9ga-vhK36LgBaVMgdsL9DjJ1rGI703o8l2CU7qjqJgJrjk4bbf-Ae7lDW2VKJCOIhx3uSDXuParcMtR2mX2C58Se55j-iXTxZtUyCT_KpmGnxAiC29MDSrLM27fcIM9hNcLt9qfKC4X0H4XYBQK9QDfGIOYCCdiD5lduJ45hKRSb_vcDqRsfUclWisMqQvRUilvFcJNunY7PQEwXIkjphgmLW2BdwCZLnw.kXFrNmjSvoqF8aSCDLEiVO6jy41xldw8QKHmK03PQpg&dib_tag=se&keywords=DJI%2Bpocket%2B3&qid=1755253366&sprefix=dji%2Bpocket%2B34,aps,341&sr=8-5&th=1&linkCode=sl1&tag=carltomich-22&linkId=f574fc6c948e413d7828caf3917f88c7&language=en_AU&ref_=as_li_ss_tl",yes,n/a,no,no,no,missing target=_blank; missing rel nofollow sponsored
https://www.carltravels.com/top-10-things-to-do-in-hanoi.html,top-10-things-to-do-in-hanoi.html,385,Amazon Associates,Tamron 28–200,https://amzn.to/4lvd1hI,200,"https://www.amazon.com.au/Tamron-28-200-2-8-5-6-Mirrorless-Mount/dp/B08B34HWKV?crid=1QEN08AGHDA5P&dib=eyJ2IjoiMSJ9.F-1xObnXZ1qvBYq3zqlPY-NONJhLnpZLBqOzJ3HO5tTaMoqBS6y-yCzp9X2gf74AvY9AfeP0NaxoH7DZ9-baBGYipuEDZdeZDPhnjFQLAPKtme5_4_FG3s6XXvOiBciFRCc2uuwqEeNlASTcgcCCZMSMFQeah9VIUe8nfvKw3waCva02_S3xX9d-JyGDBuG_e3MirkHsz23lqve2L2QVLMa5j0OVts-mmsfQ8VCk2Mk21ZgO9UeZSpWiqPf46ib3p97ybHMdj-mSwAvwDGZsUplC0W8j79hDLbEyt4rRRsc.RD-ZusuknzzNJEQwUdBnNUgT4NbgXfMrZD-cLbs7Izg&dib_tag=se&keywords=tamron%2B24-150mm%2Bsony&qid=1755253413&sprefix=tamron%2B24-150mm%2Bson,aps,332&sr=8-8&th=1&linkCode=sl1&tag=carltomich-22&linkId=369f0dc13ba29944c2261e58637d5916&language=en_AU&ref_=as_li_ss_tl",yes,n/a,no,no,no,missing target=_blank; missing rel nofollow sponsored
https://www.carltravels.com/top-10-things-to-do-in-hanoi.html,top-10-things-to-do-in-hanoi.html,386,Amazon Associates,RØDE Wireless PRO,https://amzn.to/4oHMXTy,200,"https://www.amazon.com.au/R%C3%98DE-Microphone-Recording-Microphones-Filmmaking/dp/B0CB2HGR9Q?crid=EGFFU6UZWCLT&dib=eyJ2IjoiMSJ9.DGm925iQklRK-0FmBcE9db-XNNBHUbEQUmSpGwxYevTWsXHx1AB2Ujp56lEEJfYAXcz8f7ItdheKMJJEt3fbcFJwLM0qbJZFbyXmeGeum-sa0VEabMsoDLY8CTncKG_wcQknrVxzofZHSnY2hjgptBqrzbKBtON6CpGKjvZLWJbF12me_IIzxbcIdQ8xyAiv4MZEEmpSth_cBUSNn31q0t3k7bBm6YhlZLAdCOz86vQKfMf3dxTZHnqFsWMWlUF7v0fy7dJRty-80-hdaPlVDfUAYTPOMRmPYrwuoDhkGHE.Jyv_XTXDBOYqJ4Rg5nZ0RKMDurBNR5Nag68iZPXdLmc&dib_tag=se&keywords=rode%2Bwireless%2Bpro&qid=1755253496&sprefix=Rode%2Bwirle,aps,388&sr=8-3&th=1&linkCode=sl1&tag=carltomich-22&linkId=c45e7c55dd1516f0f8708eea1e3df28d&language=en_AU&ref_=as_li_ss_tl",yes,n/a,no,no,no,missing target=_blank; missing rel nofollow sponsored
https://www.carltravels.com/top-10-things-to-do-in-hanoi.html,top-10-things-to-do-in-hanoi.html,387,Amazon Associates,Think Tank Backpack,https://amzn.to/467fEAU,200,"https://www.amazon.com/Think-Tank-Airport-Commuter-Backpack/dp/B0083GQI5Y?crid=2DUIR27E54VFF&dib=eyJ2IjoiMSJ9.9XG5TZXY0VQe_JM4tf_rYqZTZVCpD3yhgWrqqRz7QRe2p5T785DRre0iq_knj0lCgwWu61gX6gQhU1gnkpa0Oy5NL2IJTmQqwU2OgKZOy7CJNXpEWJDXjz5XMOXhk-qfM1nF08sucPDsn0dmURafC38s2OcI8cViV1Q67OF01Sr2OmjeufUSQg0GHKX3twaAL-kI-4oLThlIo3FD4R9r9a-4ZQqUBJQ7iiDS97TIM2g.yGwuqwlPiTaZdkN4hPtMx2ru_ylVkLWkPPgvjFU3Vo4&dib_tag=se&keywords=thinktank+travel+backpack&qid=1757035483&sprefix=thinktank+travel+backpac,aps,316&sr=8-3&linkCode=sl1&tag=carltomichtec-20&linkId=5a1043bdd87861e72327b4d1be2226de&language=en_US&ref_=as_li_ss_tl",yes,n/a,no,no,no,missing target=_blank; missing rel nofollow sponsored
https://www.carltravels.com/top-10-things-to-do-in-hanoi.html,top-10-things-to-do-in-hanoi.html,393,Amazon Associates,DJI Flip,https://amzn.to/41zmAVV,200,"https://www.amazon.com.au/DJI-Controller-Takeoff-Intelligent-Batteries/dp/B0DJ1FKDGP?crid=27CLM6RRHHRB4&dib=eyJ2IjoiMSJ9.xHJwj2C5oeF6OHTI195Mdn3sPKEY3lQQtbR1Ffinq4nZrf0vJkhLIitjW3VBJOJxwyVeE4yQAuXGFbWTEwFrlWWsax_d6SMbu6MShKn__FMm0mh-GoBsHRxdET8U2ZnqpxXklLfQqiThEX0uRx_FzYCEWuAVyvXSelhqtv3be5YD_EsWRzMIULJGPJlSUrdUmmEa5c91FR8syo0ZeIfK0g6nYhVRBSfryUO8DyP7t9w0yINa3lmqQbKaTVkAljF0zY95g7ligNcgPIUNDRqXXx8IdElfmIcz-LTDbcXZCVY.BHpsQw5p_iwN_R_6cb79XAe-ZNr3mHBd-DXY4w99rs8&dib_tag=se&keywords=dji%2Bflip&qid=1757034937&sprefix=dji%2Bflip,aps,261&sr=8-1&th=1&linkCode=sl1&tag=carltomich-22&linkId=086f0f4dda5311ea4c0fa2a020c7fc62&language=en_AU&ref_=as_li_ss_tl",yes,n/a,no,no,no,missing target=_blank; missing rel nofollow sponsored
https://www.carltravels.com/top-10-things-to-do-in-hanoi.html,top-10-things-to-do-in-hanoi.html,394,Amazon Associates,Sony A7C II,https://amzn.to/45Qk2Fw,200,"https://www.amazon.com.au/Sony-Alpha-System-Camera-28-60mm/dp/B0CGFBMNDH?crid=Y4V8WSCJABT6&dib=eyJ2IjoiMSJ9.ev7c1E-3pbpbmadeh7VdWGGGwBPVPgenkV33RBsEipu2uXVpDOT-4N719LE8z5ZZkuiatxECfZOdzpPy6zsWyTaCC9-YjTsjmmcZSgzVbtIhv6nwiqrhip-8XLyFVM8TJI0S9CtfzEuF20mZcy_wovPC1FlRfSxCGu-1DiuOJ6Z2es25G9g5miw4rVwdl2YcxPhn0n3sJchrolpd3esOjIp0QaLGvz7n3uFMc-O48l4pYSj__YDttER8crkPx69f7mSxS8ujQijijWSjmj4h9XUlNdHSaq2KQBm7l6vTkyg.johmDKkudmYJ6Vp3A83ZS0WmLiuItffyIHcQrNpcTpM&dib_tag=se&keywords=sony%2Ba7cii&qid=1757035042&sprefix=sony%2Ba7cii,aps,242&sr=8-7&th=1&linkCode=sl1&tag=carltomich-22&linkId=e6839e00766785a47c09e7449989c441&language=en_AU&ref_=as_li_ss_tl",yes,n/a,no,no,no,missing target=_blank; missing rel nofollow sponsored
https://www.carltravels.com/top-10-things-to-do-in-hanoi.html,top-10-things-to-do-in-hanoi.html,395,Amazon Associates,DJI Osmo Pocket 3,https://amzn.to/4gaYLJZ,200,"https://www.amazon.com.au/DJI-Stabilization-Rotatable-Touchscreen-Photography/dp/B0CG19QXWD?crid=3SHCFANSRK2GV&dib=eyJ2IjoiMSJ9.hn-IKcsoi27x5Xtepf1O0xSEJ-Xc0yIsZ5hiLNsRo0_pnL0HwMARDMaGpGot5vRUIoisskZuJLNO1vrHcsMAQPRIRCdFRvFwlfyVPydN5FfkKgbYw0s29BMkgJiljvn0_ugxYU6JZ9cLZJ8Oj30vFVBWWAWBuepYqTkzRyVqmr2ii2X5OCrM6ae484zpYvqQCRiXcJMt0dgPItUfZ0RL6z-y7KTTesad4agjzTRTAcf1lSsm2yEzEH72afh7B2OEGD2c87RWuC02g7fgtlSVS8E50gbD3A0TmSTnzJ8VLKQ.Bx4cRITeVOMwGs0D0DKW1fgGx14CLCMyLTVRjMuItUs&dib_tag=se&keywords=dji%2Bosmo%2Bpocket%2B3&qid=1757035105&sprefix=DJI,aps,491&sr=8-5&th=1&linkCode=sl1&tag=carltomich-22&linkId=6c45d0909c1797b83d49c364f2b311b2&language=en_AU&ref_=as_li_ss_tl",yes,n/a,no,no,no,missing target=_blank; missing rel nofollow sponsored
https://www.carltravels.com/top-10-things-to-do-in-hanoi.html,top-10-things-to-do-in-hanoi.html,396,Amazon Associates,Tamron 24–200,https://amzn.to/4n73D5P,200,"https://www.amazon.com.au/Tamron-28-200-2-8-5-6-Mirrorless-Mount/dp/B08B34HWKV?crid=2KXUS0I4U82EM&dib=eyJ2IjoiMSJ9.CirVtLEYR7BE9okHzn54invQLY0R2IpCxFbXtvO1NnS3N7bkvewO8f1Yq8HoRp8by7g8fCAGFxwZReQZiHGIleWQhBiyxX6NqLuWc2JcY0SatfWtItHN56up3Chh0D8MWnZx1sZMHuhw7JMF1wW-t-_JV04YdmuFHxRHCAkZE68WtA-D3L-Dzu4PGUjAvPjTp5SldK7-BzyvSBMXmLxJIRehuwg0-GotkfHE9WlIC_4H_U3a4PyQdb9pUPOs3wgOSlpAZtRp5xUnt9EVdnDOoa8N5AFkcblsba8g9gFHmgg.ywMyfDborErcaHwGfqjwuU9BKivzUuvVcowT6gYYSgc&dib_tag=se&keywords=Tamron%2B28%E2%80%93200mm%2B(Full-Frame)&qid=1757035157&sprefix=tamron%2B28%2B200mm%2Bfull-frame%2B,aps,322&sr=8-1&th=1&linkCode=sl1&tag=carltomich-22&linkId=48c5cc0e9d510609bb5d001f6a9afffc&language=en_AU&ref_=as_li_ss_tl",yes,n/a,no,no,no,missing target=_blank; missing rel nofollow sponsored
https://www.carltravels.com/top-10-things-to-do-in-hanoi.html,top-10-things-to-do-in-hanoi.html,397,Amazon Associates,RØDE Wireless PRO,https://amzn.to/46kv8CG,200,"https://www.amazon.com.au/R%C3%98DE-Microphone-Recording-Microphones-Filmmaking/dp/B0CB2HGR9Q?crid=2CDBT69BZHLYA&dib=eyJ2IjoiMSJ9.Fwy-kxiSUMPxfuFncUDsU_A5ghupefIniz-REQnE6cTWsXHx1AB2Ujp56lEEJfYAXcz8f7ItdheKMJJEt3fbcDMaXA9z2vvl2SUhzXgbV4Ukq3M5KEeOMdSPoj2cooPZeZPhHMSlekWnOVWq4c0QaOzHxx6P7Hyvkb1eAIDVxOLyj1OA_3uyhvfsRMAssRUi_DZnq7KAobBNLtcDs2i8qN-URdgmgdbkNRbQvdaF9rucUW2oiHlnh0JMDv_DLbLkroYoa-fywaWO7QG159ijgMSHpfo0uXgaCvS9UJEj_s0.c_FuiqtAbfwdPKd4F4lJZzRIPwBnxfR6xx2cadHO14I&dib_tag=se&keywords=rode%2Bwireless%2Bpro&qid=1757035251&sprefix=rode%2Bw,aps,347&sr=8-5&th=1&linkCode=sl1&tag=carltomich-22&linkId=5c5361991d8e56b532939c61e269e8be&language=en_AU&ref_=as_li_ss_tl",yes,n/a,no,no,no,missing target=_blank; missing rel nofollow sponsored
https://www.carltravels.com/top-10-things-to-do-in-hanoi.html,top-10-things-to-do-in-hanoi.html,398,Amazon Associates,Think Tank Backpack,https://amzn.to/3I5mApV,200,"https://www.amazon.com.au/Think-Photo-Airport-Commuter-Backpack/dp/B0083GQI5Y?crid=C0BCCANHIF1P&dib=eyJ2IjoiMSJ9.FP6oWa3JfVz8mPQHHtuj2j56z3fDBCwLggHr6aC_VQkOVxUS8E-jSv8mMw2xvwAwKKp3yS3EAZDahiqzg1lUnJ4OI4bd4xC6w4ixKLoGdQQzlllNF5w7ZnNwMLs2cJUeG6JrDAmhFlIOVrQUbQfDbizfr5yKJOBszOQia6SfusuS4weSmOcfJvJKrX1mPtUZWqSiIfvSDzHdKlE3g8kCUmOJ15MWf_Y1bSIbO8NTex-o5CV-I2CF9MLgeMPW8TqjqtcJhcqbNXq4StxmCGriYFO89wZjALKw2reJs6HtCIw.qhwKjNiiihdX328DrvLyHXcJLf0AWPHeRP_c-KJrh90&dib_tag=se&keywords=thinktank%2Btravel%2Bcommuter&qid=1757035351&sprefix=thinktank%2Btravel%2Bcommuter,aps,269&sr=8-4&th=1&psc=1&linkCode=sl1&tag=carltomich-22&linkId=500149597f5ad39a813be7771a3c54f0&language=en_AU&ref_=as_li_ss_tl",yes,n/a,no,no,no,missing target=_blank; missing rel nofollow sponsored
https://www.carltravels.com/top-10-things-to-do-in-hanoi.html,top-10-things-to-do-in-hanoi.html,422,Saily eSIM,👉 Activate your eSIM now,https://go.saily.site/aff_c?offer_id=101&aff_id=12234,403,https://saily.com/special/?utm_source=12234&utm_medium=affiliate&utm_campaign=101&aff_transaction_id=102671cde85b9dc60aa1208c946ed9&aff_sub=&aff_offer_id=101&aff_id=12234&url={url}&utm_content=&params[ho_asub1]=,yes,no,yes,no,no,not working or blocked; missing CARLRI5370; old Saily affiliate URL format; missing rel nofollow sponsored
https://www.carltravels.com/travel-gear-2025.html,travel-gear-2025.html,200,Amazon Associates,Sony A7C II,https://amzn.to/4c41Mde,200,"https://www.amazon.com/Sony-Alpha-Full-Frame-Interchangeable-Camera/dp/B0CGTWZGWB?crid=3DUG7SYRD189G&dib=eyJ2IjoiMSJ9.ev7c1E-3pbpbmadeh7VdWIIAsLsepdNz-6K9_6D2DSeTW11NZLtBvIeGzEtgdeSbSIU-yFEfg--hVoQ0gJdmur2uvTLiE4wv5o-g_pdJWYOSE2L5jH1T4eCL5Fv9L3oRdh8DZ3BQNA5MatuZlATG0NHDeaUWPKuYS44eTiJPmcx_JwpRWUePkfVLm-eozbikzOevCUORBpIL11bZP_81R0V5xVWCog5IWaweyun-jF0.w_GvGnaQfZCLFu3gPhqFueFEAC4YHi7VRTEN8lBWi64&dib_tag=se&keywords=sony%2Ba7cii&qid=1742790115&sprefix=sony%2Ba7cii,aps,278&sr=8-1&th=1&linkCode=sl1&tag=carltomichtec-20&linkId=3d786ab6fb1b568679469bd7f57a3f9a&language=en_US&ref_=as_li_ss_tl",yes,n/a,yes,no,no,missing rel nofollow sponsored
https://www.carltravels.com/travel-gear-2025.html,travel-gear-2025.html,203,Amazon Associates,Tamron 24-200mm lens,https://amzn.to/4hy5EUQ,200,"https://www.amazon.com/Tamron-28-200-2-8-5-6-Mirrorless-Mount/dp/B08B34HWKV?crid=2GX8MUI8KKWMQ&dib=eyJ2IjoiMSJ9.-TVtaZpdcou7J5BiRywWV2vlcLYEkD1iNn_TTPuUetTLqCIrCiUv4uHwmmvVkbHWk1Jd62tVr_SZkTpwZgT9fJLLofGJpVZ6uGHJ3ZpY0jPO63qcyOQh4d9arPehqaq-oIse6ePGPqigYfCgLDeuoKflqLlXKhgppC9j42ewf4_FhZjvRrhHOoO9Xf158MviEIGmlttJQgvdY6vqKaGZeUUaZElKyFKWyRpaMK0p3bA.NpodXnpHgvdSd8c2XIKRZhhbdXyXUAuqsqAGHXcfypw&dib_tag=se&keywords=tamron+24-200+f2.8+sony+e+mount&qid=1742790454&sprefix=tamron+24-200,aps,266&sr=8-1&linkCode=sl1&tag=carltomichtec-20&linkId=870b5db590d77bad5523f1c854f6c6cc&language=en_US&ref_=as_li_ss_tl",yes,n/a,yes,no,no,missing rel nofollow sponsored
https://www.carltravels.com/travel-gear-2025.html,travel-gear-2025.html,204,Amazon Associates,Neewer 99W V-Mount Battery,https://www.amazon.com/Neewer-Battery-Professional-Camcorder-Equipment/dp/B0B4J7Y6QN,200,https://www.amazon.com/Neewer-Battery-Professional-Camcorder-Equipment/dp/B0B4J7Y6QN,no,n/a,yes,no,no,missing tracking; missing rel nofollow sponsored
https://www.carltravels.com/travel-gear-2025.html,travel-gear-2025.html,204,Amazon Associates,Feelworld 5.5” Touchscreen Monitor,https://www.amazon.com/FEELWORLD-FW568-Field-Monitor-Camera/dp/B07V3K4Z4Z,200,https://www.amazon.com/FEELWORLD-FW568-Field-Monitor-Camera/dp/B07V3K4Z4Z,no,n/a,yes,no,no,missing tracking; missing rel nofollow sponsored
https://www.carltravels.com/travel-gear-2025.html,travel-gear-2025.html,207,Amazon Associates,Rode Wireless PRO,https://www.amazon.com/Rode-Wireless-PRO-Microphone-System/dp/B0C2T3V9G3,200,https://www.amazon.com/Rode-Wireless-PRO-Microphone-System/dp/B0C2T3V9G3,no,n/a,yes,no,no,missing tracking; missing rel nofollow sponsored
https://www.carltravels.com/travel-gear-2025.html,travel-gear-2025.html,211,Amazon Associates,Aputure MC Pro and MT Pro,https://amzn.to/421eJjs,200,"https://www.amazon.com/Aputure-Pixel-Mappable-10000K-Pixels-Built/dp/B0B6V5CGP3?crid=3EVHRGNBJU3MS&dib=eyJ2IjoiMSJ9.AAY7eGoxJSODGZjjcDedD3Bd0og29CMqD2VfY-ldd-GKc7pNaD7LcIrw_1PJ2kSCDWJ7jemwb_X74Rpr74bsvKm6qLzu4IfbU3p2qdZAY4S8FKlsJ1bcSNZWjmW1_XA6CPUFhYrTf4rrxmuaVO5vs8K5jqXDM6smZ-M1byVou3iw8nyNg3t6BQqOTy-GWgxmTyVqu2M5dHh_J7ZJn-XDhCpkTQbiboHM0WORoKJc4Y0.YW5Mo5xj2F5thDM7ftyUy5CJRsf_XOq2GD9wXpiUzhY&dib_tag=se&keywords=aputure+mt+pro&qid=1742790630&sprefix=apature+mt+,aps,274&sr=8-1-spons&sp_csd=d2lkZ2V0TmFtZT1zcF9hdGY&psc=1&linkCode=sl1&tag=carltomichtec-20&linkId=a9e0dd7a531d775bbe21322fe12b9370&language=en_US&ref_=as_li_ss_tl",yes,n/a,yes,no,no,missing rel nofollow sponsored
https://www.carltravels.com/travel-gear-2025.html,travel-gear-2025.html,217,Amazon Associates,DJI Osmo Pocket 3 Creator Combo,https://amzn.to/4hFqguz,200,"https://www.amazon.com/DJI-Vlogging-Stabilization-Tracking-Photography/dp/B0CG19FGQ5?crid=TMCX6ZWEUHKI&dib=eyJ2IjoiMSJ9.vE4X0ycndfdhEt6K2DdFm_V0WOSkq9RirfmX-EujyxRmLwvdqPGuQIYryoJlnKVTkTnakbBwfrrvEx3EHPMNKKkpVI0XSem8oIAcqdAAFhTqVyWjnmg5t0s7vvb5q4kdX7AwWm0qIMGz8lw4pr2Qf0ShnqfL9AIG2YeiURd6hzpmTfI2w5Ihly6yue-y14Ut_ig94A3ajl04c05PXbhHNZqukiLh-Y7cSwwQt11pjGQ.UaxoAQVPxZ0jkM8pmWbCSSFdXT4NRtjnSphMAU_gQ54&dib_tag=se&keywords=Pocket+3&qid=1742790159&sprefix=pocket+3,aps,311&sr=8-3&linkCode=sl1&tag=carltomichtec-20&linkId=1c340c23ea35821e7a7082d36279178c&language=en_US&ref_=as_li_ss_tl",yes,n/a,yes,no,no,missing rel nofollow sponsored
https://www.carltravels.com/travel-gear-2025.html,travel-gear-2025.html,224,Amazon Associates,Ray-Ban Meta Smart Glasses,https://amzn.to/4kTchUG,200,"https://www.amazon.com/Meta-Square-Sunglasses-Graphite-Transitions/dp/B0DDCLXN5H?crid=37WPHK22PHAST&dib=eyJ2IjoiMSJ9.4BTP_Bj_z8F3-NMH6c6trk4BQpoFx7wi7RezuVRybuWoFaWRrFwc0JNkKSDBWd7lRzvMP9FRWnuCBdwng60wrR5dLz9S6j7TzUm91ZEF-hVCeGpCHaDcKfKiQ8q_NWO5zX3pbZmGC23JuLLSY6Gpavz44TyzBU1m-YflemqxwA1W7w_LLDE_2LQQugGZvpo2nElTaD_TV6rCT2Q-Ncb_f9-0VSb1eYWgMyF5VvmvCrY.qapXTTkCBLGEMLGh3Ydn8vyaaX0ZQaTaEqyIVxeijJA&dib_tag=se&keywords=rayban+meta+glasses&qid=1742790378&sprefix=rayban+meta,aps,358&sr=8-1&linkCode=sl1&tag=carltomichtec-20&linkId=6a59a069128081c3547b4ff5c4f1a9d1&language=en_US&ref_=as_li_ss_tl",yes,n/a,yes,no,no,missing rel nofollow sponsored
https://www.carltravels.com/travel-gear-2025.html,travel-gear-2025.html,235,Amazon Associates,Manfrotto Travel Tripod,https://amzn.to/4bVozrA,200,"https://www.amazon.com/Manfrotto-Aluminum-Closure-Mirrorless-Accessories/dp/B077J11CCW?crid=2QFRN3UGJABXJ&dib=eyJ2IjoiMSJ9.RQ3EnBc0YumsDtnhw7w9tEQJF2N5mu0qTpVxo4CSNQUBAhopptlfIsrNOPvnDSZgsJ8ccj7EyAKDc4p5bepPEuXYJGxnSZxIDKgXsdPyCtnh1HaPKPHbEui-6mrn_t1Ezn7EYA4xJG7DtgEFzJVHo3kH-2VA3bnLQhvcOB4WjxeyO85SOWUgZqE9Km3tb1wbQujFys7OpuCFJ2ESn4IxVpI5-KqCjDQ5mimede7uzvg.EU31U_IfvfLhjXMiStIZMF_ciBuoTo6XOnpzGCk7Fyg&dib_tag=se&keywords=manfrotto%2Btripod%2Btravel%2Bbe%2Bfree&qid=1742790581&sprefix=manfrotto%2Btripod%2Btravel%2Bbe%2Bfr,aps,253&sr=8-3&th=1&linkCode=sl1&tag=carltomichtec-20&linkId=a5763536c7bd62dd0f09d33260be0a9c&language=en_US&ref_=as_li_ss_tl",yes,n/a,yes,no,no,missing rel nofollow sponsored
https://www.carltravels.com/travel-gear-2025.html,travel-gear-2025.html,204,Amazon Associates,Neewer 99W V-Mount Battery,https://www.amazon.com/Neewer-Battery-Professional-Camcorder-Equipment/dp/B0B4J7Y6QN,200,https://www.amazon.com/Neewer-Battery-Professional-Camcorder-Equipment/dp/B0B4J7Y6QN,no,n/a,yes,no,no,missing tracking; missing rel nofollow sponsored
https://www.carltravels.com/travel-gear-2025.html,travel-gear-2025.html,204,Amazon Associates,Feelworld 5.5” Touchscreen Monitor,https://www.amazon.com/FEELWORLD-FW568-Field-Monitor-Camera/dp/B07V3K4Z4Z,200,https://www.amazon.com/FEELWORLD-FW568-Field-Monitor-Camera/dp/B07V3K4Z4Z,no,n/a,yes,no,no,missing tracking; missing rel nofollow sponsored
https://www.carltravels.com/travel-gear-2025.html,travel-gear-2025.html,247,Amazon Associates,ThinkTank Airport Commuter Backpack,https://amzn.to/4c0rCPk,200,"https://www.amazon.com/Think-Tank-Airport-Essentials-Backpack/dp/B0083GRJDE?crid=3EZ3TM1TXXYRO&dib=eyJ2IjoiMSJ9.M6E5sk_m1xxIBvupj3tZGIZhbsYtgetkkp_o8UQf3YGOFKQoM1rk_4odILzZJg1ijxZIx-9-KOTDYG6OGdUzscZgTPKyrcXU71nm7rt3T4PeQhdMtORMW97mTHwiKsCz8TPl8Iayxk6JdJRuPZihOzjnUiq3U_5ZiDxMnjzeowTuBUxL3mMU6i93I3j89idFzBcbcq5BJ2H_-l0MkFkc5ZkIHIAvL8VASR6T-Sj1aR4.0aI-C10hGw6FeIQtLmhQrvGkv3VIReAJFLGPStqm5n8&dib_tag=se&keywords=think+tank+airport+commuter+backpack&qid=1742790274&sprefix=airport+commu,aps,315&sr=8-1&linkCode=sl1&tag=carltomichtec-20&linkId=3660ce0a633e8356b217b5c706e076cd&language=en_US&ref_=as_li_ss_tl",yes,n/a,yes,no,no,missing rel nofollow sponsored
https://www.carltravels.com/travel-gear-2025.html,travel-gear-2025.html,200,Amazon Associates,Sony A7C II,https://amzn.to/4c41Mde,200,"https://www.amazon.com/Sony-Alpha-Full-Frame-Interchangeable-Camera/dp/B0CGTWZGWB?crid=3DUG7SYRD189G&dib=eyJ2IjoiMSJ9.ev7c1E-3pbpbmadeh7VdWIIAsLsepdNz-6K9_6D2DSeTW11NZLtBvIeGzEtgdeSbSIU-yFEfg--hVoQ0gJdmur2uvTLiE4wv5o-g_pdJWYOSE2L5jH1T4eCL5Fv9L3oRdh8DZ3BQNA5MatuZlATG0NHDeaUWPKuYS44eTiJPmcx_JwpRWUePkfVLm-eozbikzOevCUORBpIL11bZP_81R0V5xVWCog5IWaweyun-jF0.w_GvGnaQfZCLFu3gPhqFueFEAC4YHi7VRTEN8lBWi64&dib_tag=se&keywords=sony%2Ba7cii&qid=1742790115&sprefix=sony%2Ba7cii,aps,278&sr=8-1&th=1&linkCode=sl1&tag=carltomichtec-20&linkId=3d786ab6fb1b568679469bd7f57a3f9a&language=en_US&ref_=as_li_ss_tl",yes,n/a,yes,no,no,missing rel nofollow sponsored
https://www.carltravels.com/travel-gear-2025.html,travel-gear-2025.html,203,Amazon Associates,Tamron 24-200mm Lens,https://amzn.to/4hy5EUQ,200,"https://www.amazon.com/Tamron-28-200-2-8-5-6-Mirrorless-Mount/dp/B08B34HWKV?crid=2GX8MUI8KKWMQ&dib=eyJ2IjoiMSJ9.-TVtaZpdcou7J5BiRywWV2vlcLYEkD1iNn_TTPuUetTLqCIrCiUv4uHwmmvVkbHWk1Jd62tVr_SZkTpwZgT9fJLLofGJpVZ6uGHJ3ZpY0jPO63qcyOQh4d9arPehqaq-oIse6ePGPqigYfCgLDeuoKflqLlXKhgppC9j42ewf4_FhZjvRrhHOoO9Xf158MviEIGmlttJQgvdY6vqKaGZeUUaZElKyFKWyRpaMK0p3bA.NpodXnpHgvdSd8c2XIKRZhhbdXyXUAuqsqAGHXcfypw&dib_tag=se&keywords=tamron+24-200+f2.8+sony+e+mount&qid=1742790454&sprefix=tamron+24-200,aps,266&sr=8-1&linkCode=sl1&tag=carltomichtec-20&linkId=870b5db590d77bad5523f1c854f6c6cc&language=en_US&ref_=as_li_ss_tl",yes,n/a,yes,no,no,missing rel nofollow sponsored
https://www.carltravels.com/travel-gear-2025.html,travel-gear-2025.html,207,Amazon Associates,Rode Wireless PRO,https://www.amazon.com/Rode-Wireless-PRO-Microphone-System/dp/B0C2T3V9G3,200,https://www.amazon.com/Rode-Wireless-PRO-Microphone-System/dp/B0C2T3V9G3,no,n/a,yes,no,no,missing tracking; missing rel nofollow sponsored
https://www.carltravels.com/travel-gear-2025.html,travel-gear-2025.html,211,Amazon Associates,Aputure MC Pro + MT Pro,https://amzn.to/421eJjs,200,"https://www.amazon.com/Aputure-Pixel-Mappable-10000K-Pixels-Built/dp/B0B6V5CGP3?crid=3EVHRGNBJU3MS&dib=eyJ2IjoiMSJ9.AAY7eGoxJSODGZjjcDedD3Bd0og29CMqD2VfY-ldd-GKc7pNaD7LcIrw_1PJ2kSCDWJ7jemwb_X74Rpr74bsvKm6qLzu4IfbU3p2qdZAY4S8FKlsJ1bcSNZWjmW1_XA6CPUFhYrTf4rrxmuaVO5vs8K5jqXDM6smZ-M1byVou3iw8nyNg3t6BQqOTy-GWgxmTyVqu2M5dHh_J7ZJn-XDhCpkTQbiboHM0WORoKJc4Y0.YW5Mo5xj2F5thDM7ftyUy5CJRsf_XOq2GD9wXpiUzhY&dib_tag=se&keywords=aputure+mt+pro&qid=1742790630&sprefix=apature+mt+,aps,274&sr=8-1-spons&sp_csd=d2lkZ2V0TmFtZT1zcF9hdGY&psc=1&linkCode=sl1&tag=carltomichtec-20&linkId=a9e0dd7a531d775bbe21322fe12b9370&language=en_US&ref_=as_li_ss_tl",yes,n/a,yes,no,no,missing rel nofollow sponsored
https://www.carltravels.com/travel-gear-2025.html,travel-gear-2025.html,235,Amazon Associates,Manfrotto Travel Tripod,https://amzn.to/4bVozrA,200,"https://www.amazon.com/Manfrotto-Aluminum-Closure-Mirrorless-Accessories/dp/B077J11CCW?crid=2QFRN3UGJABXJ&dib=eyJ2IjoiMSJ9.RQ3EnBc0YumsDtnhw7w9tEQJF2N5mu0qTpVxo4CSNQUBAhopptlfIsrNOPvnDSZgsJ8ccj7EyAKDc4p5bepPEuXYJGxnSZxIDKgXsdPyCtnh1HaPKPHbEui-6mrn_t1Ezn7EYA4xJG7DtgEFzJVHo3kH-2VA3bnLQhvcOB4WjxeyO85SOWUgZqE9Km3tb1wbQujFys7OpuCFJ2ESn4IxVpI5-KqCjDQ5mimede7uzvg.EU31U_IfvfLhjXMiStIZMF_ciBuoTo6XOnpzGCk7Fyg&dib_tag=se&keywords=manfrotto%2Btripod%2Btravel%2Bbe%2Bfree&qid=1742790581&sprefix=manfrotto%2Btripod%2Btravel%2Bbe%2Bfr,aps,253&sr=8-3&th=1&linkCode=sl1&tag=carltomichtec-20&linkId=a5763536c7bd62dd0f09d33260be0a9c&language=en_US&ref_=as_li_ss_tl",yes,n/a,yes,no,no,missing rel nofollow sponsored
https://www.carltravels.com/travel-gear-2025.html,travel-gear-2025.html,217,Amazon Associates,DJI Osmo Pocket 3 Creator Combo,https://amzn.to/4hFqguz,200,"https://www.amazon.com/DJI-Vlogging-Stabilization-Tracking-Photography/dp/B0CG19FGQ5?crid=TMCX6ZWEUHKI&dib=eyJ2IjoiMSJ9.vE4X0ycndfdhEt6K2DdFm_V0WOSkq9RirfmX-EujyxRmLwvdqPGuQIYryoJlnKVTkTnakbBwfrrvEx3EHPMNKKkpVI0XSem8oIAcqdAAFhTqVyWjnmg5t0s7vvb5q4kdX7AwWm0qIMGz8lw4pr2Qf0ShnqfL9AIG2YeiURd6hzpmTfI2w5Ihly6yue-y14Ut_ig94A3ajl04c05PXbhHNZqukiLh-Y7cSwwQt11pjGQ.UaxoAQVPxZ0jkM8pmWbCSSFdXT4NRtjnSphMAU_gQ54&dib_tag=se&keywords=Pocket+3&qid=1742790159&sprefix=pocket+3,aps,311&sr=8-3&linkCode=sl1&tag=carltomichtec-20&linkId=1c340c23ea35821e7a7082d36279178c&language=en_US&ref_=as_li_ss_tl",yes,n/a,yes,no,no,missing rel nofollow sponsored
https://www.carltravels.com/travel-gear-2025.html,travel-gear-2025.html,224,Amazon Associates,Ray-Ban Meta Smart Glasses,https://amzn.to/4kTchUG,200,"https://www.amazon.com/Meta-Square-Sunglasses-Graphite-Transitions/dp/B0DDCLXN5H?crid=37WPHK22PHAST&dib=eyJ2IjoiMSJ9.4BTP_Bj_z8F3-NMH6c6trk4BQpoFx7wi7RezuVRybuWoFaWRrFwc0JNkKSDBWd7lRzvMP9FRWnuCBdwng60wrR5dLz9S6j7TzUm91ZEF-hVCeGpCHaDcKfKiQ8q_NWO5zX3pbZmGC23JuLLSY6Gpavz44TyzBU1m-YflemqxwA1W7w_LLDE_2LQQugGZvpo2nElTaD_TV6rCT2Q-Ncb_f9-0VSb1eYWgMyF5VvmvCrY.qapXTTkCBLGEMLGh3Ydn8vyaaX0ZQaTaEqyIVxeijJA&dib_tag=se&keywords=rayban+meta+glasses&qid=1742790378&sprefix=rayban+meta,aps,358&sr=8-1&linkCode=sl1&tag=carltomichtec-20&linkId=6a59a069128081c3547b4ff5c4f1a9d1&language=en_US&ref_=as_li_ss_tl",yes,n/a,yes,no,no,missing rel nofollow sponsored
https://www.carltravels.com/travel-gear-2025.html,travel-gear-2025.html,204,Amazon Associates,Neewer 99W V-Mount Battery,https://www.amazon.com/Neewer-Battery-Professional-Camcorder-Equipment/dp/B0B4J7Y6QN,200,https://www.amazon.com/Neewer-Battery-Professional-Camcorder-Equipment/dp/B0B4J7Y6QN,no,n/a,yes,no,no,missing tracking; missing rel nofollow sponsored
https://www.carltravels.com/travel-gear-2025.html,travel-gear-2025.html,204,Amazon Associates,Feelworld 5.5” Monitor,https://www.amazon.com/FEELWORLD-FW568-Field-Monitor-Camera/dp/B07V3K4Z4Z,200,https://www.amazon.com/FEELWORLD-FW568-Field-Monitor-Camera/dp/B07V3K4Z4Z,no,n/a,yes,no,no,missing tracking; missing rel nofollow sponsored
https://www.carltravels.com/travel-gear-2025.html,travel-gear-2025.html,247,Amazon Associates,ThinkTank Airport Commuter,https://amzn.to/4c0rCPk,200,"https://www.amazon.com/Think-Tank-Airport-Essentials-Backpack/dp/B0083GRJDE?crid=3EZ3TM1TXXYRO&dib=eyJ2IjoiMSJ9.M6E5sk_m1xxIBvupj3tZGIZhbsYtgetkkp_o8UQf3YGOFKQoM1rk_4odILzZJg1ijxZIx-9-KOTDYG6OGdUzscZgTPKyrcXU71nm7rt3T4PeQhdMtORMW97mTHwiKsCz8TPl8Iayxk6JdJRuPZihOzjnUiq3U_5ZiDxMnjzeowTuBUxL3mMU6i93I3j89idFzBcbcq5BJ2H_-l0MkFkc5ZkIHIAvL8VASR6T-Sj1aR4.0aI-C10hGw6FeIQtLmhQrvGkv3VIReAJFLGPStqm5n8&dib_tag=se&keywords=think+tank+airport+commuter+backpack&qid=1742790274&sprefix=airport+commu,aps,315&sr=8-1&linkCode=sl1&tag=carltomichtec-20&linkId=3660ce0a633e8356b217b5c706e076cd&language=en_US&ref_=as_li_ss_tl",yes,n/a,yes,no,no,missing rel nofollow sponsored
https://www.carltravels.com/travel-gear-2025.html,travel-gear-2025.html,292,Saily eSIM,👉 Activate your eSIM now,https://go.saily.site/aff_c?offer_id=101&aff_id=12234,403,https://saily.com/special/?utm_source=12234&utm_medium=affiliate&utm_campaign=101&aff_transaction_id=102671cde85b9dc60aa1208c946ed9&aff_sub=&aff_offer_id=101&aff_id=12234&url={url}&utm_content=&params[ho_asub1]=,yes,no,yes,no,no,not working or blocked; missing CARLRI5370; old Saily affiliate URL format; missing rel nofollow sponsored
https://www.carltravels.com/videos/beginners-guide-davinci-resolve-2025.html,videos/beginners-guide-davinci-resolve-2025.html,211,Amazon Associates,Sony A7C II,https://amzn.to/4mHhQ8H,200,"https://www.amazon.com.au/Alpha-Full-Frame-Interchangeable-Lens-Camera/dp/B0CGTTVYGM?crid=3UFGY3ITUFRIG&dib=eyJ2IjoiMSJ9.ev7c1E-3pbpbmadeh7VdWFcGksbpaD0LcfMpyGiafmIkmo2jGBt5M2E9J5fx_zQvYoa9cwkYx9Ms4314aD_KvlRP7kN7v44y5OVvwCe0hrwu3EmNb_ynMVmokWAEqEhATekuA2inkDK21iarXslKa-cwhVZmzX5YQxtcRmGKFeR772jpYj3HTrPbeI3ZQ4U9pdrLR2LEwE7JqN1U8Zd-BBT_0SJG6AhX8DL4MXBQZGSJ8ZS-_aLCTtitWZHc2pdFMTaRj76KAi4xLj1fzwW26k4n3Tyl4DcnDLsPS0O6csE.M7nmeQ9rGw5lWrk0OStz3sFcXb6hUUBIYxuSm25RGtM&dib_tag=se&keywords=Sony%2BA7CII&qid=1755253330&sprefix=sony%2Ba7ci,aps,339&sr=8-2&th=1&linkCode=sl1&tag=carltomich-22&linkId=e268d46ab451781fa56ff54460f43b36&language=en_AU&ref_=as_li_ss_tl",yes,n/a,yes,no,no,missing rel nofollow sponsored
https://www.carltravels.com/videos/beginners-guide-davinci-resolve-2025.html,videos/beginners-guide-davinci-resolve-2025.html,212,Amazon Associates,DJI Pocket 3,https://amzn.to/4miS3UJ,200,"https://www.amazon.com.au/DJI-Vlogging-Stabilization-Tracking-Photography/dp/B0CG19FGQ5?crid=1G6X1VC3KQ5EX&dib=eyJ2IjoiMSJ9.OLzTlYtdM2w0TP6xjlSDCa_ccSbGz-LuIU4RgcQOCNGa_FFl2x1iOz2JX6S15ZXETql3rFDOM9ga-vhK36LgBaVMgdsL9DjJ1rGI703o8l2CU7qjqJgJrjk4bbf-Ae7lDW2VKJCOIhx3uSDXuParcMtR2mX2C58Se55j-iXTxZtUyCT_KpmGnxAiC29MDSrLM27fcIM9hNcLt9qfKC4X0H4XYBQK9QDfGIOYCCdiD5lduJ45hKRSb_vcDqRsfUclWisMqQvRUilvFcJNunY7PQEwXIkjphgmLW2BdwCZLnw.kXFrNmjSvoqF8aSCDLEiVO6jy41xldw8QKHmK03PQpg&dib_tag=se&keywords=DJI%2Bpocket%2B3&qid=1755253366&sprefix=dji%2Bpocket%2B34,aps,341&sr=8-5&th=1&linkCode=sl1&tag=carltomich-22&linkId=f574fc6c948e413d7828caf3917f88c7&language=en_AU&ref_=as_li_ss_tl",yes,n/a,yes,no,no,missing rel nofollow sponsored
https://www.carltravels.com/videos/beginners-guide-davinci-resolve-2025.html,videos/beginners-guide-davinci-resolve-2025.html,213,Amazon Associates,RØDE Wireless PRO,https://amzn.to/4oHMXTy,200,"https://www.amazon.com.au/R%C3%98DE-Microphone-Recording-Microphones-Filmmaking/dp/B0CB2HGR9Q?crid=EGFFU6UZWCLT&dib=eyJ2IjoiMSJ9.DGm925iQklRK-0FmBcE9db-XNNBHUbEQUmSpGwxYevTWsXHx1AB2Ujp56lEEJfYAXcz8f7ItdheKMJJEt3fbcFJwLM0qbJZFbyXmeGeum-sa0VEabMsoDLY8CTncKG_wcQknrVxzofZHSnY2hjgptBqrzbKBtON6CpGKjvZLWJbF12me_IIzxbcIdQ8xyAiv4MZEEmpSth_cBUSNn31q0t3k7bBm6YhlZLAdCOz86vQKfMf3dxTZHnqFsWMWlUF7v0fy7dJRty-80-hdaPlVDfUAYTPOMRmPYrwuoDhkGHE.Jyv_XTXDBOYqJ4Rg5nZ0RKMDurBNR5Nag68iZPXdLmc&dib_tag=se&keywords=rode%2Bwireless%2Bpro&qid=1755253496&sprefix=Rode%2Bwirle,aps,388&sr=8-3&th=1&linkCode=sl1&tag=carltomich-22&linkId=c45e7c55dd1516f0f8708eea1e3df28d&language=en_AU&ref_=as_li_ss_tl",yes,n/a,yes,no,no,missing rel nofollow sponsored
https://www.carltravels.com/videos/beginners-guide-davinci-resolve-2025.html,videos/beginners-guide-davinci-resolve-2025.html,214,Amazon Associates,Thinktank Travel Commuter,https://amzn.to/467fEAU,200,"https://www.amazon.com/Think-Tank-Airport-Commuter-Backpack/dp/B0083GQI5Y?crid=2DUIR27E54VFF&dib=eyJ2IjoiMSJ9.9XG5TZXY0VQe_JM4tf_rYqZTZVCpD3yhgWrqqRz7QRe2p5T785DRre0iq_knj0lCgwWu61gX6gQhU1gnkpa0Oy5NL2IJTmQqwU2OgKZOy7CJNXpEWJDXjz5XMOXhk-qfM1nF08sucPDsn0dmURafC38s2OcI8cViV1Q67OF01Sr2OmjeufUSQg0GHKX3twaAL-kI-4oLThlIo3FD4R9r9a-4ZQqUBJQ7iiDS97TIM2g.yGwuqwlPiTaZdkN4hPtMx2ru_ylVkLWkPPgvjFU3Vo4&dib_tag=se&keywords=thinktank+travel+backpack&qid=1757035483&sprefix=thinktank+travel+backpac,aps,316&sr=8-3&linkCode=sl1&tag=carltomichtec-20&linkId=5a1043bdd87861e72327b4d1be2226de&language=en_US&ref_=as_li_ss_tl",yes,n/a,yes,no,no,missing rel nofollow sponsored
https://www.carltravels.com/vietnam-e-visa-2026-guide.html,vietnam-e-visa-2026-guide.html,415,Saily eSIM,👉 Activate your eSIM now,https://go.saily.site/aff_c?offer_id=101&aff_id=12234,403,https://saily.com/special/?utm_source=12234&utm_medium=affiliate&utm_campaign=101&aff_transaction_id=102671cde85b9dc60aa1208c946ed9&aff_sub=&aff_offer_id=101&aff_id=12234&url={url}&utm_content=&params[ho_asub1]=,yes,no,yes,no,no,not working or blocked; missing CARLRI5370; old Saily affiliate URL format; missing rel nofollow sponsored
https://www.carltravels.com/vinwonders-nha-trang.html,vinwonders-nha-trang.html,349,Amazon Associates,DJI Flip,https://amzn.to/45iZULT,200,"https://www.amazon.com.au/DJI-Controller-Takeoff-Intelligent-Batteries/dp/B0DJ1FKDGP?crid=2R4BEGV4GCOVO&dib=eyJ2IjoiMSJ9.B3ZGiV_NB4CWvaKZC46HHhqNPIONGEffr9hyQ7doXp3AXko2J8XgtkAXDGsuiEAotNNI2PbCB1AYBnn8BEqRKQmDgWoDst39DJE8gasnXCLc-jUhcRDkTU-kNRFzDwVNjg3G3I5emTMygueqNFSxWtlrc8daGW3mi4t632aghZDCMYSRFrI9w-WsipGgN-AlFd9MHv5fvM5SOZdJ3ZRc3S6dP5ZdvaJbD8dpLuwD9xBibVGNVEA8sqdNPUGc1-QA6emRyHoQcDY9W1wK8g5M_GK-2rSHwY-u6nRI0GtXeD4.0l6QuT-oAkSZ2X00AMSTCdok07QQfjyAKzBb_DdWawE&dib_tag=se&keywords=dji%2Bflip&qid=1755253304&sprefix=dji%2B,aps,500&sr=8-1&th=1&linkCode=sl1&tag=sonymoviemast-22&linkId=3f5281eb31b07e511b695e37c70531d8&language=en_AU&ref_=as_li_ss_tl",yes,n/a,yes,no,no,missing rel nofollow sponsored
https://www.carltravels.com/vinwonders-nha-trang.html,vinwonders-nha-trang.html,350,Amazon Associates,Sony A7C II,https://amzn.to/4mHhQ8H,200,"https://www.amazon.com.au/Alpha-Full-Frame-Interchangeable-Lens-Camera/dp/B0CGTTVYGM?crid=3UFGY3ITUFRIG&dib=eyJ2IjoiMSJ9.ev7c1E-3pbpbmadeh7VdWFcGksbpaD0LcfMpyGiafmIkmo2jGBt5M2E9J5fx_zQvYoa9cwkYx9Ms4314aD_KvlRP7kN7v44y5OVvwCe0hrwu3EmNb_ynMVmokWAEqEhATekuA2inkDK21iarXslKa-cwhVZmzX5YQxtcRmGKFeR772jpYj3HTrPbeI3ZQ4U9pdrLR2LEwE7JqN1U8Zd-BBT_0SJG6AhX8DL4MXBQZGSJ8ZS-_aLCTtitWZHc2pdFMTaRj76KAi4xLj1fzwW26k4n3Tyl4DcnDLsPS0O6csE.M7nmeQ9rGw5lWrk0OStz3sFcXb6hUUBIYxuSm25RGtM&dib_tag=se&keywords=Sony%2BA7CII&qid=1755253330&sprefix=sony%2Ba7ci,aps,339&sr=8-2&th=1&linkCode=sl1&tag=carltomich-22&linkId=e268d46ab451781fa56ff54460f43b36&language=en_AU&ref_=as_li_ss_tl",yes,n/a,yes,no,no,missing rel nofollow sponsored
https://www.carltravels.com/vinwonders-nha-trang.html,vinwonders-nha-trang.html,351,Amazon Associates,DJI Pocket 3 (Creator Combo),https://amzn.to/4miS3UJ,200,"https://www.amazon.com.au/DJI-Vlogging-Stabilization-Tracking-Photography/dp/B0CG19FGQ5?crid=1G6X1VC3KQ5EX&dib=eyJ2IjoiMSJ9.OLzTlYtdM2w0TP6xjlSDCa_ccSbGz-LuIU4RgcQOCNGa_FFl2x1iOz2JX6S15ZXETql3rFDOM9ga-vhK36LgBaVMgdsL9DjJ1rGI703o8l2CU7qjqJgJrjk4bbf-Ae7lDW2VKJCOIhx3uSDXuParcMtR2mX2C58Se55j-iXTxZtUyCT_KpmGnxAiC29MDSrLM27fcIM9hNcLt9qfKC4X0H4XYBQK9QDfGIOYCCdiD5lduJ45hKRSb_vcDqRsfUclWisMqQvRUilvFcJNunY7PQEwXIkjphgmLW2BdwCZLnw.kXFrNmjSvoqF8aSCDLEiVO6jy41xldw8QKHmK03PQpg&dib_tag=se&keywords=DJI%2Bpocket%2B3&qid=1755253366&sprefix=dji%2Bpocket%2B34,aps,341&sr=8-5&th=1&linkCode=sl1&tag=carltomich-22&linkId=f574fc6c948e413d7828caf3917f88c7&language=en_AU&ref_=as_li_ss_tl",yes,n/a,yes,no,no,missing rel nofollow sponsored
https://www.carltravels.com/vinwonders-nha-trang.html,vinwonders-nha-trang.html,352,Amazon Associates,Tamron 28–200mm (Full-Frame),https://amzn.to/4lvd1hI,200,"https://www.amazon.com.au/Tamron-28-200-2-8-5-6-Mirrorless-Mount/dp/B08B34HWKV?crid=1QEN08AGHDA5P&dib=eyJ2IjoiMSJ9.F-1xObnXZ1qvBYq3zqlPY-NONJhLnpZLBqOzJ3HO5tTaMoqBS6y-yCzp9X2gf74AvY9AfeP0NaxoH7DZ9-baBGYipuEDZdeZDPhnjFQLAPKtme5_4_FG3s6XXvOiBciFRCc2uuwqEeNlASTcgcCCZMSMFQeah9VIUe8nfvKw3waCva02_S3xX9d-JyGDBuG_e3MirkHsz23lqve2L2QVLMa5j0OVts-mmsfQ8VCk2Mk21ZgO9UeZSpWiqPf46ib3p97ybHMdj-mSwAvwDGZsUplC0W8j79hDLbEyt4rRRsc.RD-ZusuknzzNJEQwUdBnNUgT4NbgXfMrZD-cLbs7Izg&dib_tag=se&keywords=tamron%2B24-150mm%2Bsony&qid=1755253413&sprefix=tamron%2B24-150mm%2Bson,aps,332&sr=8-8&th=1&linkCode=sl1&tag=carltomich-22&linkId=369f0dc13ba29944c2261e58637d5916&language=en_AU&ref_=as_li_ss_tl",yes,n/a,yes,no,no,missing rel nofollow sponsored
https://www.carltravels.com/vinwonders-nha-trang.html,vinwonders-nha-trang.html,353,Amazon Associates,Rode Wireless PRO,https://amzn.to/4oHMXTy,200,"https://www.amazon.com.au/R%C3%98DE-Microphone-Recording-Microphones-Filmmaking/dp/B0CB2HGR9Q?crid=EGFFU6UZWCLT&dib=eyJ2IjoiMSJ9.DGm925iQklRK-0FmBcE9db-XNNBHUbEQUmSpGwxYevTWsXHx1AB2Ujp56lEEJfYAXcz8f7ItdheKMJJEt3fbcFJwLM0qbJZFbyXmeGeum-sa0VEabMsoDLY8CTncKG_wcQknrVxzofZHSnY2hjgptBqrzbKBtON6CpGKjvZLWJbF12me_IIzxbcIdQ8xyAiv4MZEEmpSth_cBUSNn31q0t3k7bBm6YhlZLAdCOz86vQKfMf3dxTZHnqFsWMWlUF7v0fy7dJRty-80-hdaPlVDfUAYTPOMRmPYrwuoDhkGHE.Jyv_XTXDBOYqJ4Rg5nZ0RKMDurBNR5Nag68iZPXdLmc&dib_tag=se&keywords=rode%2Bwireless%2Bpro&qid=1755253496&sprefix=Rode%2Bwirle,aps,388&sr=8-3&th=1&linkCode=sl1&tag=carltomich-22&linkId=c45e7c55dd1516f0f8708eea1e3df28d&language=en_AU&ref_=as_li_ss_tl",yes,n/a,yes,no,no,missing rel nofollow sponsored
https://www.carltravels.com/vinwonders-nha-trang.html,vinwonders-nha-trang.html,354,Amazon Associates,Thinktank Travel Commuter Backpack,https://amzn.to/467fEAU,200,"https://www.amazon.com/Think-Tank-Airport-Commuter-Backpack/dp/B0083GQI5Y?crid=2DUIR27E54VFF&dib=eyJ2IjoiMSJ9.9XG5TZXY0VQe_JM4tf_rYqZTZVCpD3yhgWrqqRz7QRe2p5T785DRre0iq_knj0lCgwWu61gX6gQhU1gnkpa0Oy5NL2IJTmQqwU2OgKZOy7CJNXpEWJDXjz5XMOXhk-qfM1nF08sucPDsn0dmURafC38s2OcI8cViV1Q67OF01Sr2OmjeufUSQg0GHKX3twaAL-kI-4oLThlIo3FD4R9r9a-4ZQqUBJQ7iiDS97TIM2g.yGwuqwlPiTaZdkN4hPtMx2ru_ylVkLWkPPgvjFU3Vo4&dib_tag=se&keywords=thinktank+travel+backpack&qid=1757035483&sprefix=thinktank+travel+backpac,aps,316&sr=8-3&linkCode=sl1&tag=carltomichtec-20&linkId=5a1043bdd87861e72327b4d1be2226de&language=en_US&ref_=as_li_ss_tl",yes,n/a,yes,no,no,missing rel nofollow sponsored
https://www.carltravels.com/vinwonders-nha-trang.html,vinwonders-nha-trang.html,360,Amazon Associates,DJI Flip,https://amzn.to/41zmAVV,200,"https://www.amazon.com.au/DJI-Controller-Takeoff-Intelligent-Batteries/dp/B0DJ1FKDGP?crid=27CLM6RRHHRB4&dib=eyJ2IjoiMSJ9.xHJwj2C5oeF6OHTI195Mdn3sPKEY3lQQtbR1Ffinq4nZrf0vJkhLIitjW3VBJOJxwyVeE4yQAuXGFbWTEwFrlWWsax_d6SMbu6MShKn__FMm0mh-GoBsHRxdET8U2ZnqpxXklLfQqiThEX0uRx_FzYCEWuAVyvXSelhqtv3be5YD_EsWRzMIULJGPJlSUrdUmmEa5c91FR8syo0ZeIfK0g6nYhVRBSfryUO8DyP7t9w0yINa3lmqQbKaTVkAljF0zY95g7ligNcgPIUNDRqXXx8IdElfmIcz-LTDbcXZCVY.BHpsQw5p_iwN_R_6cb79XAe-ZNr3mHBd-DXY4w99rs8&dib_tag=se&keywords=dji%2Bflip&qid=1757034937&sprefix=dji%2Bflip,aps,261&sr=8-1&th=1&linkCode=sl1&tag=carltomich-22&linkId=086f0f4dda5311ea4c0fa2a020c7fc62&language=en_AU&ref_=as_li_ss_tl",yes,n/a,yes,no,no,missing rel nofollow sponsored
https://www.carltravels.com/vinwonders-nha-trang.html,vinwonders-nha-trang.html,361,Amazon Associates,Sony 7CII,https://amzn.to/45Qk2Fw,200,"https://www.amazon.com.au/Sony-Alpha-System-Camera-28-60mm/dp/B0CGFBMNDH?crid=Y4V8WSCJABT6&dib=eyJ2IjoiMSJ9.ev7c1E-3pbpbmadeh7VdWGGGwBPVPgenkV33RBsEipu2uXVpDOT-4N719LE8z5ZZkuiatxECfZOdzpPy6zsWyTaCC9-YjTsjmmcZSgzVbtIhv6nwiqrhip-8XLyFVM8TJI0S9CtfzEuF20mZcy_wovPC1FlRfSxCGu-1DiuOJ6Z2es25G9g5miw4rVwdl2YcxPhn0n3sJchrolpd3esOjIp0QaLGvz7n3uFMc-O48l4pYSj__YDttER8crkPx69f7mSxS8ujQijijWSjmj4h9XUlNdHSaq2KQBm7l6vTkyg.johmDKkudmYJ6Vp3A83ZS0WmLiuItffyIHcQrNpcTpM&dib_tag=se&keywords=sony%2Ba7cii&qid=1757035042&sprefix=sony%2Ba7cii,aps,242&sr=8-7&th=1&linkCode=sl1&tag=carltomich-22&linkId=e6839e00766785a47c09e7449989c441&language=en_AU&ref_=as_li_ss_tl",yes,n/a,yes,no,no,missing rel nofollow sponsored
https://www.carltravels.com/vinwonders-nha-trang.html,vinwonders-nha-trang.html,362,Amazon Associates,DJI Osmo Pocket 3,https://amzn.to/4gaYLJZ,200,"https://www.amazon.com.au/DJI-Stabilization-Rotatable-Touchscreen-Photography/dp/B0CG19QXWD?crid=3SHCFANSRK2GV&dib=eyJ2IjoiMSJ9.hn-IKcsoi27x5Xtepf1O0xSEJ-Xc0yIsZ5hiLNsRo0_pnL0HwMARDMaGpGot5vRUIoisskZuJLNO1vrHcsMAQPRIRCdFRvFwlfyVPydN5FfkKgbYw0s29BMkgJiljvn0_ugxYU6JZ9cLZJ8Oj30vFVBWWAWBuepYqTkzRyVqmr2ii2X5OCrM6ae484zpYvqQCRiXcJMt0dgPItUfZ0RL6z-y7KTTesad4agjzTRTAcf1lSsm2yEzEH72afh7B2OEGD2c87RWuC02g7fgtlSVS8E50gbD3A0TmSTnzJ8VLKQ.Bx4cRITeVOMwGs0D0DKW1fgGx14CLCMyLTVRjMuItUs&dib_tag=se&keywords=dji%2Bosmo%2Bpocket%2B3&qid=1757035105&sprefix=DJI,aps,491&sr=8-5&th=1&linkCode=sl1&tag=carltomich-22&linkId=6c45d0909c1797b83d49c364f2b311b2&language=en_AU&ref_=as_li_ss_tl",yes,n/a,yes,no,no,missing rel nofollow sponsored
https://www.carltravels.com/vinwonders-nha-trang.html,vinwonders-nha-trang.html,363,Amazon Associates,Tamron 24–200mm for Sony,https://amzn.to/4n73D5P,200,"https://www.amazon.com.au/Tamron-28-200-2-8-5-6-Mirrorless-Mount/dp/B08B34HWKV?crid=2KXUS0I4U82EM&dib=eyJ2IjoiMSJ9.CirVtLEYR7BE9okHzn54invQLY0R2IpCxFbXtvO1NnS3N7bkvewO8f1Yq8HoRp8by7g8fCAGFxwZReQZiHGIleWQhBiyxX6NqLuWc2JcY0SatfWtItHN56up3Chh0D8MWnZx1sZMHuhw7JMF1wW-t-_JV04YdmuFHxRHCAkZE68WtA-D3L-Dzu4PGUjAvPjTp5SldK7-BzyvSBMXmLxJIRehuwg0-GotkfHE9WlIC_4H_U3a4PyQdb9pUPOs3wgOSlpAZtRp5xUnt9EVdnDOoa8N5AFkcblsba8g9gFHmgg.ywMyfDborErcaHwGfqjwuU9BKivzUuvVcowT6gYYSgc&dib_tag=se&keywords=Tamron%2B28%E2%80%93200mm%2B(Full-Frame)&qid=1757035157&sprefix=tamron%2B28%2B200mm%2Bfull-frame%2B,aps,322&sr=8-1&th=1&linkCode=sl1&tag=carltomich-22&linkId=48c5cc0e9d510609bb5d001f6a9afffc&language=en_AU&ref_=as_li_ss_tl",yes,n/a,yes,no,no,missing rel nofollow sponsored
https://www.carltravels.com/vinwonders-nha-trang.html,vinwonders-nha-trang.html,364,Amazon Associates,Rode Wireless Pro,https://amzn.to/46kv8CG,200,"https://www.amazon.com.au/R%C3%98DE-Microphone-Recording-Microphones-Filmmaking/dp/B0CB2HGR9Q?crid=2CDBT69BZHLYA&dib=eyJ2IjoiMSJ9.Fwy-kxiSUMPxfuFncUDsU_A5ghupefIniz-REQnE6cTWsXHx1AB2Ujp56lEEJfYAXcz8f7ItdheKMJJEt3fbcDMaXA9z2vvl2SUhzXgbV4Ukq3M5KEeOMdSPoj2cooPZeZPhHMSlekWnOVWq4c0QaOzHxx6P7Hyvkb1eAIDVxOLyj1OA_3uyhvfsRMAssRUi_DZnq7KAobBNLtcDs2i8qN-URdgmgdbkNRbQvdaF9rucUW2oiHlnh0JMDv_DLbLkroYoa-fywaWO7QG159ijgMSHpfo0uXgaCvS9UJEj_s0.c_FuiqtAbfwdPKd4F4lJZzRIPwBnxfR6xx2cadHO14I&dib_tag=se&keywords=rode%2Bwireless%2Bpro&qid=1757035251&sprefix=rode%2Bw,aps,347&sr=8-5&th=1&linkCode=sl1&tag=carltomich-22&linkId=5c5361991d8e56b532939c61e269e8be&language=en_AU&ref_=as_li_ss_tl",yes,n/a,yes,no,no,missing rel nofollow sponsored
https://www.carltravels.com/vinwonders-nha-trang.html,vinwonders-nha-trang.html,365,Amazon Associates,Thinktank Travel Commuter Backpack,https://amzn.to/3I5mApV,200,"https://www.amazon.com.au/Think-Photo-Airport-Commuter-Backpack/dp/B0083GQI5Y?crid=C0BCCANHIF1P&dib=eyJ2IjoiMSJ9.FP6oWa3JfVz8mPQHHtuj2j56z3fDBCwLggHr6aC_VQkOVxUS8E-jSv8mMw2xvwAwKKp3yS3EAZDahiqzg1lUnJ4OI4bd4xC6w4ixKLoGdQQzlllNF5w7ZnNwMLs2cJUeG6JrDAmhFlIOVrQUbQfDbizfr5yKJOBszOQia6SfusuS4weSmOcfJvJKrX1mPtUZWqSiIfvSDzHdKlE3g8kCUmOJ15MWf_Y1bSIbO8NTex-o5CV-I2CF9MLgeMPW8TqjqtcJhcqbNXq4StxmCGriYFO89wZjALKw2reJs6HtCIw.qhwKjNiiihdX328DrvLyHXcJLf0AWPHeRP_c-KJrh90&dib_tag=se&keywords=thinktank%2Btravel%2Bcommuter&qid=1757035351&sprefix=thinktank%2Btravel%2Bcommuter,aps,269&sr=8-4&th=1&psc=1&linkCode=sl1&tag=carltomich-22&linkId=500149597f5ad39a813be7771a3c54f0&language=en_AU&ref_=as_li_ss_tl",yes,n/a,yes,no,no,missing rel nofollow sponsored
https://www.carltravels.com/vinwonders-nha-trang.html,vinwonders-nha-trang.html,402,Wise,Sign up here,https://wise.com/invite/irhc/carlt62,200,https://wise.com/invite/irhc/carlt62,yes,n/a,no,no,no,missing target=_blank; missing rel nofollow sponsored
https://www.carltravels.com/vinwonders-nha-trang.html,vinwonders-nha-trang.html,408,Dehancer,dehancer.com/subscribe,https://www.dehancer.com/pricing/monthly,200,https://www.dehancer.com/pricing/monthly,no,n/a,no,no,no,missing tracking; missing target=_blank; missing rel nofollow sponsored
https://www.carltravels.com/vinwonders-nha-trang.html,vinwonders-nha-trang.html,349,Amazon Associates,DJI Flip,https://amzn.to/45iZULT,200,"https://www.amazon.com.au/DJI-Controller-Takeoff-Intelligent-Batteries/dp/B0DJ1FKDGP?crid=2R4BEGV4GCOVO&dib=eyJ2IjoiMSJ9.B3ZGiV_NB4CWvaKZC46HHhqNPIONGEffr9hyQ7doXp3AXko2J8XgtkAXDGsuiEAotNNI2PbCB1AYBnn8BEqRKQmDgWoDst39DJE8gasnXCLc-jUhcRDkTU-kNRFzDwVNjg3G3I5emTMygueqNFSxWtlrc8daGW3mi4t632aghZDCMYSRFrI9w-WsipGgN-AlFd9MHv5fvM5SOZdJ3ZRc3S6dP5ZdvaJbD8dpLuwD9xBibVGNVEA8sqdNPUGc1-QA6emRyHoQcDY9W1wK8g5M_GK-2rSHwY-u6nRI0GtXeD4.0l6QuT-oAkSZ2X00AMSTCdok07QQfjyAKzBb_DdWawE&dib_tag=se&keywords=dji%2Bflip&qid=1755253304&sprefix=dji%2B,aps,500&sr=8-1&th=1&linkCode=sl1&tag=sonymoviemast-22&linkId=3f5281eb31b07e511b695e37c70531d8&language=en_AU&ref_=as_li_ss_tl",yes,n/a,no,no,no,missing target=_blank; missing rel nofollow sponsored
https://www.carltravels.com/vinwonders-nha-trang.html,vinwonders-nha-trang.html,350,Amazon Associates,Sony A7C II,https://amzn.to/4mHhQ8H,200,"https://www.amazon.com.au/Alpha-Full-Frame-Interchangeable-Lens-Camera/dp/B0CGTTVYGM?crid=3UFGY3ITUFRIG&dib=eyJ2IjoiMSJ9.ev7c1E-3pbpbmadeh7VdWFcGksbpaD0LcfMpyGiafmIkmo2jGBt5M2E9J5fx_zQvYoa9cwkYx9Ms4314aD_KvlRP7kN7v44y5OVvwCe0hrwu3EmNb_ynMVmokWAEqEhATekuA2inkDK21iarXslKa-cwhVZmzX5YQxtcRmGKFeR772jpYj3HTrPbeI3ZQ4U9pdrLR2LEwE7JqN1U8Zd-BBT_0SJG6AhX8DL4MXBQZGSJ8ZS-_aLCTtitWZHc2pdFMTaRj76KAi4xLj1fzwW26k4n3Tyl4DcnDLsPS0O6csE.M7nmeQ9rGw5lWrk0OStz3sFcXb6hUUBIYxuSm25RGtM&dib_tag=se&keywords=Sony%2BA7CII&qid=1755253330&sprefix=sony%2Ba7ci,aps,339&sr=8-2&th=1&linkCode=sl1&tag=carltomich-22&linkId=e268d46ab451781fa56ff54460f43b36&language=en_AU&ref_=as_li_ss_tl",yes,n/a,no,no,no,missing target=_blank; missing rel nofollow sponsored
https://www.carltravels.com/vinwonders-nha-trang.html,vinwonders-nha-trang.html,351,Amazon Associates,DJI Pocket 3,https://amzn.to/4miS3UJ,200,"https://www.amazon.com.au/DJI-Vlogging-Stabilization-Tracking-Photography/dp/B0CG19FGQ5?crid=1G6X1VC3KQ5EX&dib=eyJ2IjoiMSJ9.OLzTlYtdM2w0TP6xjlSDCa_ccSbGz-LuIU4RgcQOCNGa_FFl2x1iOz2JX6S15ZXETql3rFDOM9ga-vhK36LgBaVMgdsL9DjJ1rGI703o8l2CU7qjqJgJrjk4bbf-Ae7lDW2VKJCOIhx3uSDXuParcMtR2mX2C58Se55j-iXTxZtUyCT_KpmGnxAiC29MDSrLM27fcIM9hNcLt9qfKC4X0H4XYBQK9QDfGIOYCCdiD5lduJ45hKRSb_vcDqRsfUclWisMqQvRUilvFcJNunY7PQEwXIkjphgmLW2BdwCZLnw.kXFrNmjSvoqF8aSCDLEiVO6jy41xldw8QKHmK03PQpg&dib_tag=se&keywords=DJI%2Bpocket%2B3&qid=1755253366&sprefix=dji%2Bpocket%2B34,aps,341&sr=8-5&th=1&linkCode=sl1&tag=carltomich-22&linkId=f574fc6c948e413d7828caf3917f88c7&language=en_AU&ref_=as_li_ss_tl",yes,n/a,no,no,no,missing target=_blank; missing rel nofollow sponsored
https://www.carltravels.com/vinwonders-nha-trang.html,vinwonders-nha-trang.html,352,Amazon Associates,Tamron 28–200,https://amzn.to/4lvd1hI,200,"https://www.amazon.com.au/Tamron-28-200-2-8-5-6-Mirrorless-Mount/dp/B08B34HWKV?crid=1QEN08AGHDA5P&dib=eyJ2IjoiMSJ9.F-1xObnXZ1qvBYq3zqlPY-NONJhLnpZLBqOzJ3HO5tTaMoqBS6y-yCzp9X2gf74AvY9AfeP0NaxoH7DZ9-baBGYipuEDZdeZDPhnjFQLAPKtme5_4_FG3s6XXvOiBciFRCc2uuwqEeNlASTcgcCCZMSMFQeah9VIUe8nfvKw3waCva02_S3xX9d-JyGDBuG_e3MirkHsz23lqve2L2QVLMa5j0OVts-mmsfQ8VCk2Mk21ZgO9UeZSpWiqPf46ib3p97ybHMdj-mSwAvwDGZsUplC0W8j79hDLbEyt4rRRsc.RD-ZusuknzzNJEQwUdBnNUgT4NbgXfMrZD-cLbs7Izg&dib_tag=se&keywords=tamron%2B24-150mm%2Bsony&qid=1755253413&sprefix=tamron%2B24-150mm%2Bson,aps,332&sr=8-8&th=1&linkCode=sl1&tag=carltomich-22&linkId=369f0dc13ba29944c2261e58637d5916&language=en_AU&ref_=as_li_ss_tl",yes,n/a,no,no,no,missing target=_blank; missing rel nofollow sponsored
https://www.carltravels.com/vinwonders-nha-trang.html,vinwonders-nha-trang.html,353,Amazon Associates,RØDE Wireless PRO,https://amzn.to/4oHMXTy,200,"https://www.amazon.com.au/R%C3%98DE-Microphone-Recording-Microphones-Filmmaking/dp/B0CB2HGR9Q?crid=EGFFU6UZWCLT&dib=eyJ2IjoiMSJ9.DGm925iQklRK-0FmBcE9db-XNNBHUbEQUmSpGwxYevTWsXHx1AB2Ujp56lEEJfYAXcz8f7ItdheKMJJEt3fbcFJwLM0qbJZFbyXmeGeum-sa0VEabMsoDLY8CTncKG_wcQknrVxzofZHSnY2hjgptBqrzbKBtON6CpGKjvZLWJbF12me_IIzxbcIdQ8xyAiv4MZEEmpSth_cBUSNn31q0t3k7bBm6YhlZLAdCOz86vQKfMf3dxTZHnqFsWMWlUF7v0fy7dJRty-80-hdaPlVDfUAYTPOMRmPYrwuoDhkGHE.Jyv_XTXDBOYqJ4Rg5nZ0RKMDurBNR5Nag68iZPXdLmc&dib_tag=se&keywords=rode%2Bwireless%2Bpro&qid=1755253496&sprefix=Rode%2Bwirle,aps,388&sr=8-3&th=1&linkCode=sl1&tag=carltomich-22&linkId=c45e7c55dd1516f0f8708eea1e3df28d&language=en_AU&ref_=as_li_ss_tl",yes,n/a,no,no,no,missing target=_blank; missing rel nofollow sponsored
https://www.carltravels.com/vinwonders-nha-trang.html,vinwonders-nha-trang.html,354,Amazon Associates,Think Tank Backpack,https://amzn.to/467fEAU,200,"https://www.amazon.com/Think-Tank-Airport-Commuter-Backpack/dp/B0083GQI5Y?crid=2DUIR27E54VFF&dib=eyJ2IjoiMSJ9.9XG5TZXY0VQe_JM4tf_rYqZTZVCpD3yhgWrqqRz7QRe2p5T785DRre0iq_knj0lCgwWu61gX6gQhU1gnkpa0Oy5NL2IJTmQqwU2OgKZOy7CJNXpEWJDXjz5XMOXhk-qfM1nF08sucPDsn0dmURafC38s2OcI8cViV1Q67OF01Sr2OmjeufUSQg0GHKX3twaAL-kI-4oLThlIo3FD4R9r9a-4ZQqUBJQ7iiDS97TIM2g.yGwuqwlPiTaZdkN4hPtMx2ru_ylVkLWkPPgvjFU3Vo4&dib_tag=se&keywords=thinktank+travel+backpack&qid=1757035483&sprefix=thinktank+travel+backpac,aps,316&sr=8-3&linkCode=sl1&tag=carltomichtec-20&linkId=5a1043bdd87861e72327b4d1be2226de&language=en_US&ref_=as_li_ss_tl",yes,n/a,no,no,no,missing target=_blank; missing rel nofollow sponsored
https://www.carltravels.com/vinwonders-nha-trang.html,vinwonders-nha-trang.html,360,Amazon Associates,DJI Flip,https://amzn.to/41zmAVV,200,"https://www.amazon.com.au/DJI-Controller-Takeoff-Intelligent-Batteries/dp/B0DJ1FKDGP?crid=27CLM6RRHHRB4&dib=eyJ2IjoiMSJ9.xHJwj2C5oeF6OHTI195Mdn3sPKEY3lQQtbR1Ffinq4nZrf0vJkhLIitjW3VBJOJxwyVeE4yQAuXGFbWTEwFrlWWsax_d6SMbu6MShKn__FMm0mh-GoBsHRxdET8U2ZnqpxXklLfQqiThEX0uRx_FzYCEWuAVyvXSelhqtv3be5YD_EsWRzMIULJGPJlSUrdUmmEa5c91FR8syo0ZeIfK0g6nYhVRBSfryUO8DyP7t9w0yINa3lmqQbKaTVkAljF0zY95g7ligNcgPIUNDRqXXx8IdElfmIcz-LTDbcXZCVY.BHpsQw5p_iwN_R_6cb79XAe-ZNr3mHBd-DXY4w99rs8&dib_tag=se&keywords=dji%2Bflip&qid=1757034937&sprefix=dji%2Bflip,aps,261&sr=8-1&th=1&linkCode=sl1&tag=carltomich-22&linkId=086f0f4dda5311ea4c0fa2a020c7fc62&language=en_AU&ref_=as_li_ss_tl",yes,n/a,no,no,no,missing target=_blank; missing rel nofollow sponsored
https://www.carltravels.com/vinwonders-nha-trang.html,vinwonders-nha-trang.html,361,Amazon Associates,Sony A7C II,https://amzn.to/45Qk2Fw,200,"https://www.amazon.com.au/Sony-Alpha-System-Camera-28-60mm/dp/B0CGFBMNDH?crid=Y4V8WSCJABT6&dib=eyJ2IjoiMSJ9.ev7c1E-3pbpbmadeh7VdWGGGwBPVPgenkV33RBsEipu2uXVpDOT-4N719LE8z5ZZkuiatxECfZOdzpPy6zsWyTaCC9-YjTsjmmcZSgzVbtIhv6nwiqrhip-8XLyFVM8TJI0S9CtfzEuF20mZcy_wovPC1FlRfSxCGu-1DiuOJ6Z2es25G9g5miw4rVwdl2YcxPhn0n3sJchrolpd3esOjIp0QaLGvz7n3uFMc-O48l4pYSj__YDttER8crkPx69f7mSxS8ujQijijWSjmj4h9XUlNdHSaq2KQBm7l6vTkyg.johmDKkudmYJ6Vp3A83ZS0WmLiuItffyIHcQrNpcTpM&dib_tag=se&keywords=sony%2Ba7cii&qid=1757035042&sprefix=sony%2Ba7cii,aps,242&sr=8-7&th=1&linkCode=sl1&tag=carltomich-22&linkId=e6839e00766785a47c09e7449989c441&language=en_AU&ref_=as_li_ss_tl",yes,n/a,no,no,no,missing target=_blank; missing rel nofollow sponsored
https://www.carltravels.com/vinwonders-nha-trang.html,vinwonders-nha-trang.html,362,Amazon Associates,DJI Osmo Pocket 3,https://amzn.to/4gaYLJZ,200,"https://www.amazon.com.au/DJI-Stabilization-Rotatable-Touchscreen-Photography/dp/B0CG19QXWD?crid=3SHCFANSRK2GV&dib=eyJ2IjoiMSJ9.hn-IKcsoi27x5Xtepf1O0xSEJ-Xc0yIsZ5hiLNsRo0_pnL0HwMARDMaGpGot5vRUIoisskZuJLNO1vrHcsMAQPRIRCdFRvFwlfyVPydN5FfkKgbYw0s29BMkgJiljvn0_ugxYU6JZ9cLZJ8Oj30vFVBWWAWBuepYqTkzRyVqmr2ii2X5OCrM6ae484zpYvqQCRiXcJMt0dgPItUfZ0RL6z-y7KTTesad4agjzTRTAcf1lSsm2yEzEH72afh7B2OEGD2c87RWuC02g7fgtlSVS8E50gbD3A0TmSTnzJ8VLKQ.Bx4cRITeVOMwGs0D0DKW1fgGx14CLCMyLTVRjMuItUs&dib_tag=se&keywords=dji%2Bosmo%2Bpocket%2B3&qid=1757035105&sprefix=DJI,aps,491&sr=8-5&th=1&linkCode=sl1&tag=carltomich-22&linkId=6c45d0909c1797b83d49c364f2b311b2&language=en_AU&ref_=as_li_ss_tl",yes,n/a,no,no,no,missing target=_blank; missing rel nofollow sponsored
https://www.carltravels.com/vinwonders-nha-trang.html,vinwonders-nha-trang.html,363,Amazon Associates,Tamron 24–200,https://amzn.to/4n73D5P,200,"https://www.amazon.com.au/Tamron-28-200-2-8-5-6-Mirrorless-Mount/dp/B08B34HWKV?crid=2KXUS0I4U82EM&dib=eyJ2IjoiMSJ9.CirVtLEYR7BE9okHzn54invQLY0R2IpCxFbXtvO1NnS3N7bkvewO8f1Yq8HoRp8by7g8fCAGFxwZReQZiHGIleWQhBiyxX6NqLuWc2JcY0SatfWtItHN56up3Chh0D8MWnZx1sZMHuhw7JMF1wW-t-_JV04YdmuFHxRHCAkZE68WtA-D3L-Dzu4PGUjAvPjTp5SldK7-BzyvSBMXmLxJIRehuwg0-GotkfHE9WlIC_4H_U3a4PyQdb9pUPOs3wgOSlpAZtRp5xUnt9EVdnDOoa8N5AFkcblsba8g9gFHmgg.ywMyfDborErcaHwGfqjwuU9BKivzUuvVcowT6gYYSgc&dib_tag=se&keywords=Tamron%2B28%E2%80%93200mm%2B(Full-Frame)&qid=1757035157&sprefix=tamron%2B28%2B200mm%2Bfull-frame%2B,aps,322&sr=8-1&th=1&linkCode=sl1&tag=carltomich-22&linkId=48c5cc0e9d510609bb5d001f6a9afffc&language=en_AU&ref_=as_li_ss_tl",yes,n/a,no,no,no,missing target=_blank; missing rel nofollow sponsored
https://www.carltravels.com/vinwonders-nha-trang.html,vinwonders-nha-trang.html,364,Amazon Associates,RØDE Wireless PRO,https://amzn.to/46kv8CG,200,"https://www.amazon.com.au/R%C3%98DE-Microphone-Recording-Microphones-Filmmaking/dp/B0CB2HGR9Q?crid=2CDBT69BZHLYA&dib=eyJ2IjoiMSJ9.Fwy-kxiSUMPxfuFncUDsU_A5ghupefIniz-REQnE6cTWsXHx1AB2Ujp56lEEJfYAXcz8f7ItdheKMJJEt3fbcDMaXA9z2vvl2SUhzXgbV4Ukq3M5KEeOMdSPoj2cooPZeZPhHMSlekWnOVWq4c0QaOzHxx6P7Hyvkb1eAIDVxOLyj1OA_3uyhvfsRMAssRUi_DZnq7KAobBNLtcDs2i8qN-URdgmgdbkNRbQvdaF9rucUW2oiHlnh0JMDv_DLbLkroYoa-fywaWO7QG159ijgMSHpfo0uXgaCvS9UJEj_s0.c_FuiqtAbfwdPKd4F4lJZzRIPwBnxfR6xx2cadHO14I&dib_tag=se&keywords=rode%2Bwireless%2Bpro&qid=1757035251&sprefix=rode%2Bw,aps,347&sr=8-5&th=1&linkCode=sl1&tag=carltomich-22&linkId=5c5361991d8e56b532939c61e269e8be&language=en_AU&ref_=as_li_ss_tl",yes,n/a,no,no,no,missing target=_blank; missing rel nofollow sponsored
https://www.carltravels.com/vinwonders-nha-trang.html,vinwonders-nha-trang.html,365,Amazon Associates,Think Tank Backpack,https://amzn.to/3I5mApV,200,"https://www.amazon.com.au/Think-Photo-Airport-Commuter-Backpack/dp/B0083GQI5Y?crid=C0BCCANHIF1P&dib=eyJ2IjoiMSJ9.FP6oWa3JfVz8mPQHHtuj2j56z3fDBCwLggHr6aC_VQkOVxUS8E-jSv8mMw2xvwAwKKp3yS3EAZDahiqzg1lUnJ4OI4bd4xC6w4ixKLoGdQQzlllNF5w7ZnNwMLs2cJUeG6JrDAmhFlIOVrQUbQfDbizfr5yKJOBszOQia6SfusuS4weSmOcfJvJKrX1mPtUZWqSiIfvSDzHdKlE3g8kCUmOJ15MWf_Y1bSIbO8NTex-o5CV-I2CF9MLgeMPW8TqjqtcJhcqbNXq4StxmCGriYFO89wZjALKw2reJs6HtCIw.qhwKjNiiihdX328DrvLyHXcJLf0AWPHeRP_c-KJrh90&dib_tag=se&keywords=thinktank%2Btravel%2Bcommuter&qid=1757035351&sprefix=thinktank%2Btravel%2Bcommuter,aps,269&sr=8-4&th=1&psc=1&linkCode=sl1&tag=carltomich-22&linkId=500149597f5ad39a813be7771a3c54f0&language=en_AU&ref_=as_li_ss_tl",yes,n/a,no,no,no,missing target=_blank; missing rel nofollow sponsored
https://www.carltravels.com/vinwonders-nha-trang.html,vinwonders-nha-trang.html,455,Saily eSIM,👉 Activate your eSIM now,https://go.saily.site/aff_c?offer_id=101&aff_id=12234,403,https://saily.com/special/?utm_source=12234&utm_medium=affiliate&utm_campaign=101&aff_transaction_id=102671cde85b9dc60aa1208c946ed9&aff_sub=&aff_offer_id=101&aff_id=12234&url={url}&utm_content=&params[ho_asub1]=,yes,no,yes,no,no,not working or blocked; missing CARLRI5370; old Saily affiliate URL format; missing rel nofollow sponsored
https://www.carltravels.com/what-i-learned-after-returning-to-australia-and-why-i-LEFT-again.html,what-i-learned-after-returning-to-australia-and-why-i-LEFT-again.html,249,Amazon Associates,Sony A7C II,https://amzn.to/4mHhQ8H,200,"https://www.amazon.com.au/Alpha-Full-Frame-Interchangeable-Lens-Camera/dp/B0CGTTVYGM?crid=3UFGY3ITUFRIG&dib=eyJ2IjoiMSJ9.ev7c1E-3pbpbmadeh7VdWFcGksbpaD0LcfMpyGiafmIkmo2jGBt5M2E9J5fx_zQvYoa9cwkYx9Ms4314aD_KvlRP7kN7v44y5OVvwCe0hrwu3EmNb_ynMVmokWAEqEhATekuA2inkDK21iarXslKa-cwhVZmzX5YQxtcRmGKFeR772jpYj3HTrPbeI3ZQ4U9pdrLR2LEwE7JqN1U8Zd-BBT_0SJG6AhX8DL4MXBQZGSJ8ZS-_aLCTtitWZHc2pdFMTaRj76KAi4xLj1fzwW26k4n3Tyl4DcnDLsPS0O6csE.M7nmeQ9rGw5lWrk0OStz3sFcXb6hUUBIYxuSm25RGtM&dib_tag=se&keywords=Sony%2BA7CII&qid=1755253330&sprefix=sony%2Ba7ci,aps,339&sr=8-2&th=1&linkCode=sl1&tag=carltomich-22&linkId=e268d46ab451781fa56ff54460f43b36&language=en_AU&ref_=as_li_ss_tl",yes,n/a,no,no,no,missing target=_blank; missing rel nofollow sponsored
https://www.carltravels.com/what-i-learned-after-returning-to-australia-and-why-i-LEFT-again.html,what-i-learned-after-returning-to-australia-and-why-i-LEFT-again.html,371,Saily eSIM,👉 Activate your eSIM now,https://go.saily.site/aff_c?offer_id=101&aff_id=12234,403,https://saily.com/special/?utm_source=12234&utm_medium=affiliate&utm_campaign=101&aff_transaction_id=102671cde85b9dc60aa1208c946ed9&aff_sub=&aff_offer_id=101&aff_id=12234&url={url}&utm_content=&params[ho_asub1]=,yes,no,yes,no,no,not working or blocked; missing CARLRI5370; old Saily affiliate URL format; missing rel nofollow sponsored
https://www.carltravels.com/whyileftaustralia.html,whyileftaustralia.html,255,Amazon Associates,DJI Pocket 3,https://amzn.to/4miS3UJ,200,"https://www.amazon.com.au/DJI-Vlogging-Stabilization-Tracking-Photography/dp/B0CG19FGQ5?crid=1G6X1VC3KQ5EX&dib=eyJ2IjoiMSJ9.OLzTlYtdM2w0TP6xjlSDCa_ccSbGz-LuIU4RgcQOCNGa_FFl2x1iOz2JX6S15ZXETql3rFDOM9ga-vhK36LgBaVMgdsL9DjJ1rGI703o8l2CU7qjqJgJrjk4bbf-Ae7lDW2VKJCOIhx3uSDXuParcMtR2mX2C58Se55j-iXTxZtUyCT_KpmGnxAiC29MDSrLM27fcIM9hNcLt9qfKC4X0H4XYBQK9QDfGIOYCCdiD5lduJ45hKRSb_vcDqRsfUclWisMqQvRUilvFcJNunY7PQEwXIkjphgmLW2BdwCZLnw.kXFrNmjSvoqF8aSCDLEiVO6jy41xldw8QKHmK03PQpg&dib_tag=se&keywords=DJI%2Bpocket%2B3&qid=1755253366&sprefix=dji%2Bpocket%2B34,aps,341&sr=8-5&th=1&linkCode=sl1&tag=carltomich-22&linkId=f574fc6c948e413d7828caf3917f88c7&language=en_AU&ref_=as_li_ss_tl",yes,n/a,no,no,no,missing target=_blank; missing rel nofollow sponsored
https://www.carltravels.com/whyileftaustralia.html,whyileftaustralia.html,395,Saily eSIM,👉 Activate your eSIM now,https://go.saily.site/aff_c?offer_id=101&aff_id=12234,403,https://saily.com/special/?utm_source=12234&utm_medium=affiliate&utm_campaign=101&aff_transaction_id=102671cde85b9dc60aa1208c946ed9&aff_sub=&aff_offer_id=101&aff_id=12234&url={url}&utm_content=&params[ho_asub1]=,yes,no,yes,no,no,not working or blocked; missing CARLRI5370; old Saily affiliate URL format; missing rel nofollow sponsored
https://www.carltravels.com/yesim-guide.html,yesim-guide.html,189,Yesim eSIM,Download Yesim,https://yesim.app,202,https://yesim.app,no,n/a,yes,no,no,missing tracking; missing rel nofollow sponsored
https://www.carltravels.com/yesim-guide.html,yesim-guide.html,189,Yesim eSIM,Get Yesim Now,https://yesim.app,202,https://yesim.app,no,n/a,yes,no,no,missing tracking; missing rel nofollow sponsored
